"trial","subject","R","offer_A","RT","offer_B","is_choice_A","choice","subject_original_id"
1,2,"r1",3,1.096,5,1,3,"698c6d3d083ae26c88d529bb"
2,2,"r1",4,2.755,5,1,4,"698c6d3d083ae26c88d529bb"
3,2,"r2",6,1.478,5,0,5,"698c6d3d083ae26c88d529bb"
4,2,"r1",3,1.826,5,1,3,"698c6d3d083ae26c88d529bb"
5,2,"r2",6,3.09,5,0,5,"698c6d3d083ae26c88d529bb"
6,2,"r2",8,3.391,5,0,5,"698c6d3d083ae26c88d529bb"
7,2,"r1",2,2.418,5,1,2,"698c6d3d083ae26c88d529bb"
8,2,"r2",7,2.957,5,0,5,"698c6d3d083ae26c88d529bb"
9,2,"r2",8,3.627,5,0,5,"698c6d3d083ae26c88d529bb"
10,2,"r2",7,2.381,5,0,5,"698c6d3d083ae26c88d529bb"
11,2,"r2",8,2.762,5,0,5,"698c6d3d083ae26c88d529bb"
12,2,"r1",2,3.479,5,1,2,"698c6d3d083ae26c88d529bb"
13,2,"r1",3,3.207,5,1,3,"698c6d3d083ae26c88d529bb"
14,2,"r1",6,3.428,5,1,6,"698c6d3d083ae26c88d529bb"
15,2,"r2",7,3.572,5,0,5,"698c6d3d083ae26c88d529bb"
16,2,"r1",6,2.954,5,1,6,"698c6d3d083ae26c88d529bb"
17,2,"r1",3,3.229,5,1,3,"698c6d3d083ae26c88d529bb"
18,2,"r2",6,2.932,5,0,5,"698c6d3d083ae26c88d529bb"
19,2,"r2",6,3.091,5,0,5,"698c6d3d083ae26c88d529bb"
20,2,"r2",8,0.939,5,0,5,"698c6d3d083ae26c88d529bb"
21,2,"r2",3,1.784,5,0,5,"698c6d3d083ae26c88d529bb"
22,2,"r2",6,2.297,5,0,5,"698c6d3d083ae26c88d529bb"
23,2,"r1",7,1.65,5,1,7,"698c6d3d083ae26c88d529bb"
24,2,"r2",2,1.74,5,0,5,"698c6d3d083ae26c88d529bb"
25,2,"r2",7,1.742,5,0,5,"698c6d3d083ae26c88d529bb"
26,2,"r2",7,1.51,5,0,5,"698c6d3d083ae26c88d529bb"
27,2,"r2",6,1.685,5,0,5,"698c6d3d083ae26c88d529bb"
28,2,"r1",3,1.435,5,1,3,"698c6d3d083ae26c88d529bb"
29,2,"r1",2,1.341,5,1,2,"698c6d3d083ae26c88d529bb"
30,2,"r1",4,1.255,5,1,4,"698c6d3d083ae26c88d529bb"
31,2,"r1",3,1.295,5,1,3,"698c6d3d083ae26c88d529bb"
32,2,"r1",8,1.524,5,1,8,"698c6d3d083ae26c88d529bb"
33,2,"r1",4,1.503,5,1,4,"698c6d3d083ae26c88d529bb"
34,2,"r2",8,1.196,5,0,5,"698c6d3d083ae26c88d529bb"
35,2,"r1",4,2.391,5,1,4,"698c6d3d083ae26c88d529bb"
36,2,"r1",2,1.087,5,1,2,"698c6d3d083ae26c88d529bb"
37,2,"r2",7,1.058,5,0,5,"698c6d3d083ae26c88d529bb"
38,2,"r2",7,1.2,5,0,5,"698c6d3d083ae26c88d529bb"
39,2,"r2",3,1.184,5,0,5,"698c6d3d083ae26c88d529bb"
40,2,"r1",4,1.722,5,1,4,"698c6d3d083ae26c88d529bb"
41,2,"r2",6,1.347,5,0,5,"698c6d3d083ae26c88d529bb"
42,2,"r2",3,1.32,5,0,5,"698c6d3d083ae26c88d529bb"
43,2,"r2",8,1.134,5,0,5,"698c6d3d083ae26c88d529bb"
44,2,"r2",6,1.61,5,0,5,"698c6d3d083ae26c88d529bb"
45,2,"r1",3,1.594,5,1,3,"698c6d3d083ae26c88d529bb"
46,2,"r2",8,1.238,5,0,5,"698c6d3d083ae26c88d529bb"
47,2,"r2",4,2.368,5,0,5,"698c6d3d083ae26c88d529bb"
48,2,"r1",6,2.418,5,1,6,"698c6d3d083ae26c88d529bb"
49,2,"r1",7,1.737,5,1,7,"698c6d3d083ae26c88d529bb"
50,2,"r1",2,1.149,5,1,2,"698c6d3d083ae26c88d529bb"
51,2,"r1",4,1.151,5,1,4,"698c6d3d083ae26c88d529bb"
52,2,"r1",8,2.301,5,1,8,"698c6d3d083ae26c88d529bb"
53,2,"r1",2,1.073,5,1,2,"698c6d3d083ae26c88d529bb"
54,2,"r1",4,1.454,5,1,4,"698c6d3d083ae26c88d529bb"
55,2,"r2",8,1.31,5,0,5,"698c6d3d083ae26c88d529bb"
56,2,"r1",2,1.125,5,1,2,"698c6d3d083ae26c88d529bb"
57,2,"r1",6,1.047,5,1,6,"698c6d3d083ae26c88d529bb"
58,2,"r1",4,1.578,5,1,4,"698c6d3d083ae26c88d529bb"
59,2,"r2",8,1.017,5,0,5,"698c6d3d083ae26c88d529bb"
60,2,"r2",6,1.696,5,0,5,"698c6d3d083ae26c88d529bb"
61,2,"r1",3,1.221,5,1,3,"698c6d3d083ae26c88d529bb"
62,2,"r1",2,1.174,5,1,2,"698c6d3d083ae26c88d529bb"
63,2,"r2",4,1.402,5,0,5,"698c6d3d083ae26c88d529bb"
64,2,"r2",6,2.258,5,0,5,"698c6d3d083ae26c88d529bb"
65,2,"r1",7,1.274,5,1,7,"698c6d3d083ae26c88d529bb"
66,2,"r2",7,1.546,5,0,5,"698c6d3d083ae26c88d529bb"
67,2,"r1",8,2.948,5,1,8,"698c6d3d083ae26c88d529bb"
68,2,"r1",3,1.995,5,1,3,"698c6d3d083ae26c88d529bb"
69,2,"r2",7,1.889,5,0,5,"698c6d3d083ae26c88d529bb"
70,2,"r2",4,3.793,5,0,5,"698c6d3d083ae26c88d529bb"
71,2,"r2",8,0.736,5,0,5,"698c6d3d083ae26c88d529bb"
72,2,"r1",7,2.587,5,1,7,"698c6d3d083ae26c88d529bb"
73,2,"r1",2,1.121,5,1,2,"698c6d3d083ae26c88d529bb"
74,2,"r2",6,1.52,5,0,5,"698c6d3d083ae26c88d529bb"
75,2,"r1",2,1.057,5,1,2,"698c6d3d083ae26c88d529bb"
76,2,"r2",6,1.786,5,0,5,"698c6d3d083ae26c88d529bb"
77,2,"r1",3,0.836,5,1,3,"698c6d3d083ae26c88d529bb"
78,2,"r2",4,1.212,5,0,5,"698c6d3d083ae26c88d529bb"
79,2,"r1",4,1.143,5,1,4,"698c6d3d083ae26c88d529bb"
80,2,"r2",8,0.93,5,0,5,"698c6d3d083ae26c88d529bb"
81,2,"r2",7,0.825,5,0,5,"698c6d3d083ae26c88d529bb"
82,2,"r1",2,0.843,5,1,2,"698c6d3d083ae26c88d529bb"
83,2,"r1",7,1.461,5,1,7,"698c6d3d083ae26c88d529bb"
84,2,"r1",3,0.78,5,1,3,"698c6d3d083ae26c88d529bb"
85,2,"r2",8,3.255,5,0,5,"698c6d3d083ae26c88d529bb"
86,2,"r1",3,2.334,5,1,3,"698c6d3d083ae26c88d529bb"
87,2,"r1",3,1.074,5,1,3,"698c6d3d083ae26c88d529bb"
88,2,"r1",4,0.999,5,1,4,"698c6d3d083ae26c88d529bb"
89,2,"r1",3,0.722,5,1,3,"698c6d3d083ae26c88d529bb"
90,2,"r2",8,0.93,5,0,5,"698c6d3d083ae26c88d529bb"
91,2,"r1",2,1.488,5,1,2,"698c6d3d083ae26c88d529bb"
92,2,"r2",4,0.833,5,0,5,"698c6d3d083ae26c88d529bb"
93,2,"r2",7,2.516,5,0,5,"698c6d3d083ae26c88d529bb"
94,2,"r1",4,1.836,5,1,4,"698c6d3d083ae26c88d529bb"
95,2,"r1",6,1.08,5,1,6,"698c6d3d083ae26c88d529bb"
96,2,"r1",3,1.549,5,1,3,"698c6d3d083ae26c88d529bb"
97,2,"r2",6,1.808,5,0,5,"698c6d3d083ae26c88d529bb"
98,2,"r1",7,3.439,5,1,7,"698c6d3d083ae26c88d529bb"
99,2,"r1",2,2.401,5,1,2,"698c6d3d083ae26c88d529bb"
100,2,"r2",7,1.926,5,0,5,"698c6d3d083ae26c88d529bb"
101,2,"r1",2,1.44,5,1,2,"698c6d3d083ae26c88d529bb"
102,2,"r2",8,1.572,5,0,5,"698c6d3d083ae26c88d529bb"
103,2,"r2",6,2.63,5,0,5,"698c6d3d083ae26c88d529bb"
104,2,"r2",7,1.648,5,0,5,"698c6d3d083ae26c88d529bb"
105,2,"r2",4,1.707,5,0,5,"698c6d3d083ae26c88d529bb"
106,2,"r1",2,1.901,5,1,2,"698c6d3d083ae26c88d529bb"
107,2,"r1",6,1.496,5,1,6,"698c6d3d083ae26c88d529bb"
108,2,"r1",3,0.972,5,1,3,"698c6d3d083ae26c88d529bb"
109,2,"r2",7,1.062,5,0,5,"698c6d3d083ae26c88d529bb"
110,2,"r2",3,0.637,5,0,5,"698c6d3d083ae26c88d529bb"
111,2,"r2",6,1.199,5,0,5,"698c6d3d083ae26c88d529bb"
112,2,"r1",4,1.074,5,1,4,"698c6d3d083ae26c88d529bb"
113,2,"r1",3,1.159,5,1,3,"698c6d3d083ae26c88d529bb"
114,2,"r1",7,1.572,5,1,7,"698c6d3d083ae26c88d529bb"
115,2,"r1",6,1.266,5,1,6,"698c6d3d083ae26c88d529bb"
116,2,"r1",2,1.093,5,1,2,"698c6d3d083ae26c88d529bb"
117,2,"r2",8,0.657,5,0,5,"698c6d3d083ae26c88d529bb"
118,2,"r2",8,1.161,5,0,5,"698c6d3d083ae26c88d529bb"
119,2,"r1",2,0.853,5,1,2,"698c6d3d083ae26c88d529bb"
120,2,"r2",4,1.107,5,0,5,"698c6d3d083ae26c88d529bb"
121,4,"r2",8,3.041,5,0,5,"69b1aee32d960121fc72d41e"
122,4,"r2",3,2.931,5,0,5,"69b1aee32d960121fc72d41e"
123,4,"r2",7,2.905,5,0,5,"69b1aee32d960121fc72d41e"
124,4,"r1",3,2.882,5,1,3,"69b1aee32d960121fc72d41e"
125,4,"r2",6,3.048,5,0,5,"69b1aee32d960121fc72d41e"
126,4,"r2",7,2.955,5,0,5,"69b1aee32d960121fc72d41e"
127,4,"r1",6,2.656,5,1,6,"69b1aee32d960121fc72d41e"
128,4,"r2",7,3.039,5,0,5,"69b1aee32d960121fc72d41e"
129,4,"r2",8,2.372,5,0,5,"69b1aee32d960121fc72d41e"
130,4,"r2",3,4.242,5,0,5,"69b1aee32d960121fc72d41e"
131,4,"r2",4,1.967,5,0,5,"69b1aee32d960121fc72d41e"
132,4,"r1",2,2.635,5,1,2,"69b1aee32d960121fc72d41e"
133,4,"r2",8,2.594,5,0,5,"69b1aee32d960121fc72d41e"
134,4,"r1",2,3.705,5,1,2,"69b1aee32d960121fc72d41e"
135,4,"r2",4,4.473,5,0,5,"69b1aee32d960121fc72d41e"
136,4,"r2",6,3.582,5,0,5,"69b1aee32d960121fc72d41e"
137,4,"r2",4,2.316,5,0,5,"69b1aee32d960121fc72d41e"
138,4,"r2",2,2.516,5,0,5,"69b1aee32d960121fc72d41e"
139,4,"r2",8,1.771,5,0,5,"69b1aee32d960121fc72d41e"
140,4,"r1",2,2.623,5,1,2,"69b1aee32d960121fc72d41e"
141,4,"r2",3,3.143,5,0,5,"69b1aee32d960121fc72d41e"
142,4,"r2",4,4.034,5,0,5,"69b1aee32d960121fc72d41e"
143,4,"r2",3,1.771,5,0,5,"69b1aee32d960121fc72d41e"
144,4,"r2",6,2.86,5,0,5,"69b1aee32d960121fc72d41e"
145,4,"r2",8,3.479,5,0,5,"69b1aee32d960121fc72d41e"
146,4,"r2",8,2.101,5,0,5,"69b1aee32d960121fc72d41e"
147,4,"r1",6,3.962,5,1,6,"69b1aee32d960121fc72d41e"
148,4,"r2",7,2.656,5,0,5,"69b1aee32d960121fc72d41e"
149,4,"r2",4,3.226,5,0,5,"69b1aee32d960121fc72d41e"
150,4,"r1",4,3.324,5,1,4,"69b1aee32d960121fc72d41e"
151,4,"r2",7,4.186,5,0,5,"69b1aee32d960121fc72d41e"
152,4,"r1",2,5.036,5,1,2,"69b1aee32d960121fc72d41e"
153,4,"r1",2,1.902,5,1,2,"69b1aee32d960121fc72d41e"
154,4,"r1",6,4.245,5,1,6,"69b1aee32d960121fc72d41e"
155,4,"r2",7,4.1,5,0,5,"69b1aee32d960121fc72d41e"
156,4,"r1",3,2.989,5,1,3,"69b1aee32d960121fc72d41e"
157,4,"r1",4,5.043,5,1,4,"69b1aee32d960121fc72d41e"
158,4,"r2",3,3.742,5,0,5,"69b1aee32d960121fc72d41e"
159,4,"r2",8,1.719,5,0,5,"69b1aee32d960121fc72d41e"
160,4,"r2",8,3.101,5,0,5,"69b1aee32d960121fc72d41e"
161,4,"r2",7,2.047,5,0,5,"69b1aee32d960121fc72d41e"
162,4,"r2",6,1.558,5,0,5,"69b1aee32d960121fc72d41e"
163,4,"r2",7,2.554,5,0,5,"69b1aee32d960121fc72d41e"
164,4,"r1",3,2.354,5,1,3,"69b1aee32d960121fc72d41e"
165,4,"r1",2,2.868,5,1,2,"69b1aee32d960121fc72d41e"
166,4,"r2",7,2.218,5,0,5,"69b1aee32d960121fc72d41e"
167,4,"r2",6,2.664,5,0,5,"69b1aee32d960121fc72d41e"
168,4,"r2",3,2.817,5,0,5,"69b1aee32d960121fc72d41e"
169,4,"r2",6,1.754,5,0,5,"69b1aee32d960121fc72d41e"
170,4,"r2",8,1.732,5,0,5,"69b1aee32d960121fc72d41e"
171,4,"r1",4,3.877,5,1,4,"69b1aee32d960121fc72d41e"
172,4,"r1",2,2.472,5,1,2,"69b1aee32d960121fc72d41e"
173,4,"r1",4,0.945,5,1,4,"69b1aee32d960121fc72d41e"
174,4,"r2",8,2.119,5,0,5,"69b1aee32d960121fc72d41e"
175,4,"r2",6,1.088,5,0,5,"69b1aee32d960121fc72d41e"
176,4,"r2",7,4.306,5,0,5,"69b1aee32d960121fc72d41e"
177,4,"r2",3,3.151,5,0,5,"69b1aee32d960121fc72d41e"
178,4,"r2",4,2.165,5,0,5,"69b1aee32d960121fc72d41e"
179,4,"r2",7,0.9,5,0,5,"69b1aee32d960121fc72d41e"
180,4,"r1",4,2.822,5,1,4,"69b1aee32d960121fc72d41e"
181,4,"r1",2,1.818,5,1,2,"69b1aee32d960121fc72d41e"
182,4,"r1",2,2.543,5,1,2,"69b1aee32d960121fc72d41e"
183,4,"r2",3,2.388,5,0,5,"69b1aee32d960121fc72d41e"
184,4,"r2",6,3.47,5,0,5,"69b1aee32d960121fc72d41e"
185,4,"r1",4,1.71,5,1,4,"69b1aee32d960121fc72d41e"
186,4,"r2",7,2.828,5,0,5,"69b1aee32d960121fc72d41e"
187,4,"r1",8,3.887,5,1,8,"69b1aee32d960121fc72d41e"
188,4,"r1",3,4.272,5,1,3,"69b1aee32d960121fc72d41e"
189,4,"r1",6,5.677,5,1,6,"69b1aee32d960121fc72d41e"
190,4,"r2",8,4.805,5,0,5,"69b1aee32d960121fc72d41e"
191,4,"r1",2,3.318,5,1,2,"69b1aee32d960121fc72d41e"
192,4,"r2",8,1.425,5,0,5,"69b1aee32d960121fc72d41e"
193,4,"r1",3,2.027,5,1,3,"69b1aee32d960121fc72d41e"
194,4,"r2",4,3.088,5,0,5,"69b1aee32d960121fc72d41e"
195,4,"r2",6,1.932,5,0,5,"69b1aee32d960121fc72d41e"
196,4,"r2",8,1.568,5,0,5,"69b1aee32d960121fc72d41e"
197,4,"r1",2,1.697,5,1,2,"69b1aee32d960121fc72d41e"
198,4,"r1",6,3.773,5,1,6,"69b1aee32d960121fc72d41e"
199,4,"r1",7,4.019,5,1,7,"69b1aee32d960121fc72d41e"
200,4,"r2",7,2.348,5,0,5,"69b1aee32d960121fc72d41e"
201,4,"r2",3,1.868,5,0,5,"69b1aee32d960121fc72d41e"
202,4,"r2",2,2.392,5,0,5,"69b1aee32d960121fc72d41e"
203,4,"r2",4,1.803,5,0,5,"69b1aee32d960121fc72d41e"
204,4,"r2",4,0.97,5,0,5,"69b1aee32d960121fc72d41e"
205,4,"r2",6,2.986,5,0,5,"69b1aee32d960121fc72d41e"
206,4,"r2",7,1.942,5,0,5,"69b1aee32d960121fc72d41e"
207,4,"r2",6,0.772,5,0,5,"69b1aee32d960121fc72d41e"
208,4,"r2",2,0.986,5,0,5,"69b1aee32d960121fc72d41e"
209,4,"r1",3,2.118,5,1,3,"69b1aee32d960121fc72d41e"
210,4,"r2",7,2.91,5,0,5,"69b1aee32d960121fc72d41e"
211,4,"r2",7,3.195,5,0,5,"69b1aee32d960121fc72d41e"
212,4,"r1",4,4.578,5,1,4,"69b1aee32d960121fc72d41e"
213,4,"r2",3,3.298,5,0,5,"69b1aee32d960121fc72d41e"
214,4,"r1",3,1.832,5,1,3,"69b1aee32d960121fc72d41e"
215,4,"r2",8,3.669,5,0,5,"69b1aee32d960121fc72d41e"
216,4,"r2",8,3.075,5,0,5,"69b1aee32d960121fc72d41e"
217,4,"r2",7,2.329,5,0,5,"69b1aee32d960121fc72d41e"
218,4,"r2",2,5.346,5,0,5,"69b1aee32d960121fc72d41e"
219,4,"r1",2,3.922,5,1,2,"69b1aee32d960121fc72d41e"
220,4,"r2",8,3.295,5,0,5,"69b1aee32d960121fc72d41e"
221,4,"r2",4,5.834,5,0,5,"69b1aee32d960121fc72d41e"
222,4,"r1",6,2.582,5,1,6,"69b1aee32d960121fc72d41e"
223,4,"r2",4,6.534,5,0,5,"69b1aee32d960121fc72d41e"
224,4,"r2",4,3.307,5,0,5,"69b1aee32d960121fc72d41e"
225,4,"r2",8,3.643,5,0,5,"69b1aee32d960121fc72d41e"
226,4,"r1",4,4.271,5,1,4,"69b1aee32d960121fc72d41e"
227,4,"r1",3,4.929,5,1,3,"69b1aee32d960121fc72d41e"
228,4,"r2",6,2.177,5,0,5,"69b1aee32d960121fc72d41e"
229,4,"r1",7,2.646,5,1,7,"69b1aee32d960121fc72d41e"
230,4,"r2",6,3.588,5,0,5,"69b1aee32d960121fc72d41e"
231,4,"r1",2,5.536,5,1,2,"69b1aee32d960121fc72d41e"
232,4,"r1",3,4.995,5,1,3,"69b1aee32d960121fc72d41e"
233,4,"r2",7,2.273,5,0,5,"69b1aee32d960121fc72d41e"
234,4,"r1",2,2.709,5,1,2,"69b1aee32d960121fc72d41e"
235,4,"r1",4,3.367,5,1,4,"69b1aee32d960121fc72d41e"
236,4,"r2",6,4.569,5,0,5,"69b1aee32d960121fc72d41e"
237,4,"r2",7,3.699,5,0,5,"69b1aee32d960121fc72d41e"
238,4,"r2",3,4.935,5,0,5,"69b1aee32d960121fc72d41e"
239,4,"r2",8,1.76,5,0,5,"69b1aee32d960121fc72d41e"
240,4,"r2",2,2.454,5,0,5,"69b1aee32d960121fc72d41e"
241,4,"r2",7,1.304,5,0,5,"69b1aee32d960121fc72d41e"
242,4,"r2",3,4.407,5,0,5,"69b1aee32d960121fc72d41e"
243,4,"r1",2,2.547,5,1,2,"69b1aee32d960121fc72d41e"
244,4,"r1",3,1.288,5,1,3,"69b1aee32d960121fc72d41e"
245,4,"r1",8,1.265,5,1,8,"69b1aee32d960121fc72d41e"
246,4,"r1",4,1.682,5,1,4,"69b1aee32d960121fc72d41e"
247,4,"r1",2,1.377,5,1,2,"69b1aee32d960121fc72d41e"
248,4,"r2",8,1.93,5,0,5,"69b1aee32d960121fc72d41e"
249,4,"r1",2,1.911,5,1,2,"69b1aee32d960121fc72d41e"
250,4,"r1",6,3.747,5,1,6,"69b1aee32d960121fc72d41e"
251,4,"r2",7,2.331,5,0,5,"69b1aee32d960121fc72d41e"
252,4,"r1",7,2.54,5,1,7,"69b1aee32d960121fc72d41e"
253,4,"r2",6,1.85,5,0,5,"69b1aee32d960121fc72d41e"
254,4,"r1",3,1.521,5,1,3,"69b1aee32d960121fc72d41e"
255,4,"r2",6,1.52,5,0,5,"69b1aee32d960121fc72d41e"
256,4,"r2",4,4.434,5,0,5,"69b1aee32d960121fc72d41e"
257,4,"r2",4,3.172,5,0,5,"69b1aee32d960121fc72d41e"
258,9,"r1",4,2.293,5,1,4,"69d2b8672541083658fc0f45"
259,9,"r2",8,1.392,5,0,5,"69d2b8672541083658fc0f45"
260,9,"r2",6,1.719,5,0,5,"69d2b8672541083658fc0f45"
261,9,"r1",2,2.202,5,1,2,"69d2b8672541083658fc0f45"
262,9,"r2",8,2.774,5,0,5,"69d2b8672541083658fc0f45"
263,9,"r2",3,1.811,5,0,5,"69d2b8672541083658fc0f45"
264,9,"r1",4,1.82,5,1,4,"69d2b8672541083658fc0f45"
265,9,"r1",4,0.934,5,1,4,"69d2b8672541083658fc0f45"
266,9,"r2",7,2.361,5,0,5,"69d2b8672541083658fc0f45"
267,9,"r1",2,1.231,5,1,2,"69d2b8672541083658fc0f45"
268,9,"r1",2,1.736,5,1,2,"69d2b8672541083658fc0f45"
269,9,"r1",6,1.975,5,1,6,"69d2b8672541083658fc0f45"
270,9,"r2",6,2.121,5,0,5,"69d2b8672541083658fc0f45"
271,9,"r1",3,0.827,5,1,3,"69d2b8672541083658fc0f45"
272,9,"r2",7,2.923,5,0,5,"69d2b8672541083658fc0f45"
273,9,"r2",8,1.645,5,0,5,"69d2b8672541083658fc0f45"
274,9,"r2",7,1.745,5,0,5,"69d2b8672541083658fc0f45"
275,9,"r2",3,3.129,5,0,5,"69d2b8672541083658fc0f45"
276,9,"r2",7,2.823,5,0,5,"69d2b8672541083658fc0f45"
277,9,"r1",4,2.849,5,1,4,"69d2b8672541083658fc0f45"
278,9,"r1",4,2.86,5,1,4,"69d2b8672541083658fc0f45"
279,9,"r1",4,2.715,5,1,4,"69d2b8672541083658fc0f45"
280,9,"r1",2,1.561,5,1,2,"69d2b8672541083658fc0f45"
281,9,"r1",6,3.414,5,1,6,"69d2b8672541083658fc0f45"
282,9,"r2",8,2.1,5,0,5,"69d2b8672541083658fc0f45"
283,9,"r2",7,3.48,5,0,5,"69d2b8672541083658fc0f45"
284,9,"r2",8,1.99,5,0,5,"69d2b8672541083658fc0f45"
285,9,"r1",6,2.644,5,1,6,"69d2b8672541083658fc0f45"
286,9,"r1",2,1.536,5,1,2,"69d2b8672541083658fc0f45"
287,9,"r1",2,1.501,5,1,2,"69d2b8672541083658fc0f45"
288,9,"r2",3,3.03,5,0,5,"69d2b8672541083658fc0f45"
289,9,"r1",6,1.439,5,1,6,"69d2b8672541083658fc0f45"
290,9,"r2",8,1.661,5,0,5,"69d2b8672541083658fc0f45"
291,9,"r1",3,1.644,5,1,3,"69d2b8672541083658fc0f45"
292,9,"r1",3,2.088,5,1,3,"69d2b8672541083658fc0f45"
293,9,"r1",7,1.724,5,1,7,"69d2b8672541083658fc0f45"
294,9,"r1",4,0.997,5,1,4,"69d2b8672541083658fc0f45"
295,9,"r2",6,2.19,5,0,5,"69d2b8672541083658fc0f45"
296,9,"r1",4,0.98,5,1,4,"69d2b8672541083658fc0f45"
297,9,"r1",8,2.625,5,1,8,"69d2b8672541083658fc0f45"
298,9,"r2",3,2.111,5,0,5,"69d2b8672541083658fc0f45"
299,9,"r1",6,1.749,5,1,6,"69d2b8672541083658fc0f45"
300,9,"r2",7,1.242,5,0,5,"69d2b8672541083658fc0f45"
301,9,"r1",3,0.984,5,1,3,"69d2b8672541083658fc0f45"
302,9,"r1",2,1.048,5,1,2,"69d2b8672541083658fc0f45"
303,9,"r1",7,1.039,5,1,7,"69d2b8672541083658fc0f45"
304,9,"r2",8,1.21,5,0,5,"69d2b8672541083658fc0f45"
305,9,"r1",4,0.923,5,1,4,"69d2b8672541083658fc0f45"
306,9,"r1",6,2.279,5,1,6,"69d2b8672541083658fc0f45"
307,9,"r2",2,3.165,5,0,5,"69d2b8672541083658fc0f45"
308,9,"r2",8,1.643,5,0,5,"69d2b8672541083658fc0f45"
309,9,"r1",3,3.306,5,1,3,"69d2b8672541083658fc0f45"
310,9,"r2",7,2.639,5,0,5,"69d2b8672541083658fc0f45"
311,9,"r1",6,1.639,5,1,6,"69d2b8672541083658fc0f45"
312,9,"r1",3,1.555,5,1,3,"69d2b8672541083658fc0f45"
313,9,"r2",7,1.864,5,0,5,"69d2b8672541083658fc0f45"
314,9,"r2",7,1.208,5,0,5,"69d2b8672541083658fc0f45"
315,9,"r1",6,1.685,5,1,6,"69d2b8672541083658fc0f45"
316,9,"r2",7,1.108,5,0,5,"69d2b8672541083658fc0f45"
317,9,"r1",3,1.414,5,1,3,"69d2b8672541083658fc0f45"
318,9,"r1",6,1.226,5,1,6,"69d2b8672541083658fc0f45"
319,9,"r2",3,2.173,5,0,5,"69d2b8672541083658fc0f45"
320,9,"r1",2,0.619,5,1,2,"69d2b8672541083658fc0f45"
321,9,"r1",4,0.864,5,1,4,"69d2b8672541083658fc0f45"
322,9,"r1",4,0.892,5,1,4,"69d2b8672541083658fc0f45"
323,9,"r2",8,2.248,5,0,5,"69d2b8672541083658fc0f45"
324,9,"r2",8,1.732,5,0,5,"69d2b8672541083658fc0f45"
325,9,"r2",8,1.359,5,0,5,"69d2b8672541083658fc0f45"
326,9,"r1",2,2.638,5,1,2,"69d2b8672541083658fc0f45"
327,9,"r1",4,1.16,5,1,4,"69d2b8672541083658fc0f45"
328,9,"r2",7,1.931,5,0,5,"69d2b8672541083658fc0f45"
329,9,"r2",8,1.686,5,0,5,"69d2b8672541083658fc0f45"
330,9,"r1",6,0.916,5,1,6,"69d2b8672541083658fc0f45"
331,9,"r1",6,1.488,5,1,6,"69d2b8672541083658fc0f45"
332,9,"r1",3,1.624,5,1,3,"69d2b8672541083658fc0f45"
333,9,"r2",7,2.307,5,0,5,"69d2b8672541083658fc0f45"
334,9,"r1",4,1.638,5,1,4,"69d2b8672541083658fc0f45"
335,9,"r1",2,1.315,5,1,2,"69d2b8672541083658fc0f45"
336,9,"r2",8,1.736,5,0,5,"69d2b8672541083658fc0f45"
337,9,"r2",4,1.762,5,0,5,"69d2b8672541083658fc0f45"
338,9,"r1",2,1.52,5,1,2,"69d2b8672541083658fc0f45"
339,9,"r2",8,1.764,5,0,5,"69d2b8672541083658fc0f45"
340,9,"r1",3,1.566,5,1,3,"69d2b8672541083658fc0f45"
341,9,"r1",2,0.935,5,1,2,"69d2b8672541083658fc0f45"
342,9,"r2",6,2.215,5,0,5,"69d2b8672541083658fc0f45"
343,9,"r1",4,1.774,5,1,4,"69d2b8672541083658fc0f45"
344,9,"r2",7,1.752,5,0,5,"69d2b8672541083658fc0f45"
345,9,"r1",7,1.673,5,1,7,"69d2b8672541083658fc0f45"
346,9,"r1",2,3.82,5,1,2,"69d2b8672541083658fc0f45"
347,9,"r2",4,3.002,5,0,5,"69d2b8672541083658fc0f45"
348,9,"r2",3,2.61,5,0,5,"69d2b8672541083658fc0f45"
349,9,"r2",2,2.488,5,0,5,"69d2b8672541083658fc0f45"
350,9,"r2",8,2.229,5,0,5,"69d2b8672541083658fc0f45"
351,9,"r1",7,1.74,5,1,7,"69d2b8672541083658fc0f45"
352,9,"r2",6,1.768,5,0,5,"69d2b8672541083658fc0f45"
353,9,"r1",3,1.823,5,1,3,"69d2b8672541083658fc0f45"
354,9,"r1",4,2.033,5,1,4,"69d2b8672541083658fc0f45"
355,9,"r1",4,1.683,5,1,4,"69d2b8672541083658fc0f45"
356,9,"r1",3,1.65,5,1,3,"69d2b8672541083658fc0f45"
357,9,"r2",6,2.525,5,0,5,"69d2b8672541083658fc0f45"
358,9,"r1",2,1.724,5,1,2,"69d2b8672541083658fc0f45"
359,9,"r2",8,1.969,5,0,5,"69d2b8672541083658fc0f45"
360,9,"r1",7,1.758,5,1,7,"69d2b8672541083658fc0f45"
361,9,"r2",8,1.763,5,0,5,"69d2b8672541083658fc0f45"
362,9,"r1",4,1.47,5,1,4,"69d2b8672541083658fc0f45"
363,9,"r2",8,3.109,5,0,5,"69d2b8672541083658fc0f45"
364,9,"r2",7,2.601,5,0,5,"69d2b8672541083658fc0f45"
365,9,"r2",3,1.644,5,0,5,"69d2b8672541083658fc0f45"
366,9,"r2",3,3.341,5,0,5,"69d2b8672541083658fc0f45"
367,9,"r2",3,1.999,5,0,5,"69d2b8672541083658fc0f45"
368,9,"r2",2,1.372,5,0,5,"69d2b8672541083658fc0f45"
369,9,"r1",4,0.571,5,1,4,"69d2b8672541083658fc0f45"
370,9,"r1",6,0.651,5,1,6,"69d2b8672541083658fc0f45"
371,9,"r2",7,0.437,5,0,5,"69d2b8672541083658fc0f45"
372,9,"r2",4,0.906,5,0,5,"69d2b8672541083658fc0f45"
373,9,"r2",6,0.801,5,0,5,"69d2b8672541083658fc0f45"
374,9,"r1",2,0.486,5,1,2,"69d2b8672541083658fc0f45"
375,9,"r1",8,1.205,5,1,8,"69d2b8672541083658fc0f45"
376,9,"r2",6,1.583,5,0,5,"69d2b8672541083658fc0f45"
377,9,"r2",7,1.185,5,0,5,"69d2b8672541083658fc0f45"
378,9,"r2",2,0.89,5,0,5,"69d2b8672541083658fc0f45"
379,9,"r2",3,0.615,5,0,5,"69d2b8672541083658fc0f45"
380,9,"r2",7,0.807,5,0,5,"69d2b8672541083658fc0f45"
381,9,"r2",2,0.888,5,0,5,"69d2b8672541083658fc0f45"
382,9,"r1",4,0.742,5,1,4,"69d2b8672541083658fc0f45"
383,9,"r1",6,0.646,5,1,6,"69d2b8672541083658fc0f45"
384,9,"r1",2,0.549,5,1,2,"69d2b8672541083658fc0f45"
385,9,"r1",2,1.306,5,1,2,"69d2b8672541083658fc0f45"
386,9,"r1",4,0.591,5,1,4,"69d2b8672541083658fc0f45"
387,9,"r2",6,1.964,5,0,5,"69d2b8672541083658fc0f45"
388,9,"r2",3,0.589,5,0,5,"69d2b8672541083658fc0f45"
389,9,"r2",4,0.722,5,0,5,"69d2b8672541083658fc0f45"
390,9,"r1",8,1.438,5,1,8,"69d2b8672541083658fc0f45"
391,9,"r2",7,0.479,5,0,5,"69d2b8672541083658fc0f45"
392,9,"r1",3,0.934,5,1,3,"69d2b8672541083658fc0f45"
393,9,"r2",8,1.867,5,0,5,"69d2b8672541083658fc0f45"
394,9,"r2",7,1.147,5,0,5,"69d2b8672541083658fc0f45"
395,9,"r2",6,1.45,5,0,5,"69d2b8672541083658fc0f45"
396,10,"r2",8,1.327,5,0,5,"69d454217ba1e1dde3db1187"
397,10,"r1",4,1.511,5,1,4,"69d454217ba1e1dde3db1187"
398,10,"r2",6,2.744,5,0,5,"69d454217ba1e1dde3db1187"
399,10,"r2",7,2.729,5,0,5,"69d454217ba1e1dde3db1187"
400,10,"r2",6,2.571,5,0,5,"69d454217ba1e1dde3db1187"
401,10,"r1",3,2.598,5,1,3,"69d454217ba1e1dde3db1187"
402,10,"r2",8,3.317,5,0,5,"69d454217ba1e1dde3db1187"
403,10,"r2",7,2.49,5,0,5,"69d454217ba1e1dde3db1187"
404,10,"r1",2,1.638,5,1,2,"69d454217ba1e1dde3db1187"
405,10,"r2",3,2.244,5,0,5,"69d454217ba1e1dde3db1187"
406,10,"r1",3,2.444,5,1,3,"69d454217ba1e1dde3db1187"
407,10,"r2",7,1.225,5,0,5,"69d454217ba1e1dde3db1187"
408,10,"r1",2,4.041,5,1,2,"69d454217ba1e1dde3db1187"
409,10,"r1",4,2.342,5,1,4,"69d454217ba1e1dde3db1187"
410,10,"r2",4,3.06,5,0,5,"69d454217ba1e1dde3db1187"
411,10,"r2",8,2.241,5,0,5,"69d454217ba1e1dde3db1187"
412,10,"r1",2,4.121,5,1,2,"69d454217ba1e1dde3db1187"
413,10,"r2",8,3.07,5,0,5,"69d454217ba1e1dde3db1187"
414,10,"r1",3,3.155,5,1,3,"69d454217ba1e1dde3db1187"
415,10,"r2",4,1.516,5,0,5,"69d454217ba1e1dde3db1187"
416,10,"r1",6,2.388,5,1,6,"69d454217ba1e1dde3db1187"
417,10,"r1",7,2.698,5,1,7,"69d454217ba1e1dde3db1187"
418,10,"r2",7,1.282,5,0,5,"69d454217ba1e1dde3db1187"
419,10,"r1",3,1.596,5,1,3,"69d454217ba1e1dde3db1187"
420,10,"r2",4,3.164,5,0,5,"69d454217ba1e1dde3db1187"
421,10,"r2",6,3.595,5,0,5,"69d454217ba1e1dde3db1187"
422,10,"r1",2,1.561,5,1,2,"69d454217ba1e1dde3db1187"
423,10,"r1",2,1.969,5,1,2,"69d454217ba1e1dde3db1187"
424,10,"r2",3,1.161,5,0,5,"69d454217ba1e1dde3db1187"
425,10,"r1",7,3.296,5,1,7,"69d454217ba1e1dde3db1187"
426,10,"r2",8,1.521,5,0,5,"69d454217ba1e1dde3db1187"
427,10,"r1",4,1.738,5,1,4,"69d454217ba1e1dde3db1187"
428,10,"r2",6,3.755,5,0,5,"69d454217ba1e1dde3db1187"
429,10,"r2",7,2.127,5,0,5,"69d454217ba1e1dde3db1187"
430,10,"r2",8,3.158,5,0,5,"69d454217ba1e1dde3db1187"
431,10,"r1",4,4.035,5,1,4,"69d454217ba1e1dde3db1187"
432,10,"r1",2,4.166,5,1,2,"69d454217ba1e1dde3db1187"
433,10,"r1",3,1.584,5,1,3,"69d454217ba1e1dde3db1187"
434,10,"r2",6,1.427,5,0,5,"69d454217ba1e1dde3db1187"
435,10,"r2",8,3.035,5,0,5,"69d454217ba1e1dde3db1187"
436,10,"r2",4,5.226,5,0,5,"69d454217ba1e1dde3db1187"
437,10,"r2",7,3.752,5,0,5,"69d454217ba1e1dde3db1187"
438,10,"r2",6,4.567,5,0,5,"69d454217ba1e1dde3db1187"
439,10,"r1",4,2.36,5,1,4,"69d454217ba1e1dde3db1187"
440,10,"r2",6,3.544,5,0,5,"69d454217ba1e1dde3db1187"
441,10,"r2",8,4.558,5,0,5,"69d454217ba1e1dde3db1187"
442,10,"r2",7,2.665,5,0,5,"69d454217ba1e1dde3db1187"
443,10,"r1",3,2.855,5,1,3,"69d454217ba1e1dde3db1187"
444,10,"r2",2,4.71,5,0,5,"69d454217ba1e1dde3db1187"
445,10,"r2",7,2.794,5,0,5,"69d454217ba1e1dde3db1187"
446,10,"r2",8,2.214,5,0,5,"69d454217ba1e1dde3db1187"
447,10,"r2",6,2.503,5,0,5,"69d454217ba1e1dde3db1187"
448,10,"r2",3,3.452,5,0,5,"69d454217ba1e1dde3db1187"
449,10,"r1",2,2.803,5,1,2,"69d454217ba1e1dde3db1187"
450,10,"r2",6,3.691,5,0,5,"69d454217ba1e1dde3db1187"
451,10,"r1",4,2.586,5,1,4,"69d454217ba1e1dde3db1187"
452,10,"r1",4,2.066,5,1,4,"69d454217ba1e1dde3db1187"
453,10,"r2",6,2.292,5,0,5,"69d454217ba1e1dde3db1187"
454,10,"r1",3,3.381,5,1,3,"69d454217ba1e1dde3db1187"
455,10,"r2",7,2.522,5,0,5,"69d454217ba1e1dde3db1187"
456,10,"r1",4,2.228,5,1,4,"69d454217ba1e1dde3db1187"
457,10,"r2",8,2.315,5,0,5,"69d454217ba1e1dde3db1187"
458,10,"r1",8,3.588,5,1,8,"69d454217ba1e1dde3db1187"
459,10,"r1",3,1.951,5,1,3,"69d454217ba1e1dde3db1187"
460,10,"r2",7,3.24,5,0,5,"69d454217ba1e1dde3db1187"
461,10,"r2",2,3.215,5,0,5,"69d454217ba1e1dde3db1187"
462,10,"r1",4,2.538,5,1,4,"69d454217ba1e1dde3db1187"
463,10,"r2",7,2.158,5,0,5,"69d454217ba1e1dde3db1187"
464,10,"r1",3,1.766,5,1,3,"69d454217ba1e1dde3db1187"
465,10,"r2",8,1.727,5,0,5,"69d454217ba1e1dde3db1187"
466,10,"r1",6,4.552,5,1,6,"69d454217ba1e1dde3db1187"
467,10,"r2",8,3.006,5,0,5,"69d454217ba1e1dde3db1187"
468,10,"r1",7,2.764,5,1,7,"69d454217ba1e1dde3db1187"
469,10,"r1",2,1.205,5,1,2,"69d454217ba1e1dde3db1187"
470,10,"r2",7,2.168,5,0,5,"69d454217ba1e1dde3db1187"
471,10,"r2",4,1.815,5,0,5,"69d454217ba1e1dde3db1187"
472,10,"r1",4,1.107,5,1,4,"69d454217ba1e1dde3db1187"
473,10,"r1",2,0.905,5,1,2,"69d454217ba1e1dde3db1187"
474,10,"r2",3,1.607,5,0,5,"69d454217ba1e1dde3db1187"
475,10,"r1",6,1.17,5,1,6,"69d454217ba1e1dde3db1187"
476,10,"r2",8,1.805,5,0,5,"69d454217ba1e1dde3db1187"
477,10,"r2",7,1.887,5,0,5,"69d454217ba1e1dde3db1187"
478,10,"r2",6,2.018,5,0,5,"69d454217ba1e1dde3db1187"
479,10,"r2",7,3.952,5,0,5,"69d454217ba1e1dde3db1187"
480,10,"r1",2,1.715,5,1,2,"69d454217ba1e1dde3db1187"
481,10,"r2",4,2.382,5,0,5,"69d454217ba1e1dde3db1187"
482,10,"r1",2,2.09,5,1,2,"69d454217ba1e1dde3db1187"
483,10,"r2",8,1.831,5,0,5,"69d454217ba1e1dde3db1187"
484,10,"r1",2,4.851,5,1,2,"69d454217ba1e1dde3db1187"
485,10,"r2",7,1.664,5,0,5,"69d454217ba1e1dde3db1187"
486,10,"r2",8,2.342,5,0,5,"69d454217ba1e1dde3db1187"
487,10,"r2",8,2.456,5,0,5,"69d454217ba1e1dde3db1187"
488,10,"r2",6,4.283,5,0,5,"69d454217ba1e1dde3db1187"
489,10,"r1",3,1.726,5,1,3,"69d454217ba1e1dde3db1187"
490,10,"r2",4,2.221,5,0,5,"69d454217ba1e1dde3db1187"
491,10,"r1",2,1.583,5,1,2,"69d454217ba1e1dde3db1187"
492,10,"r2",7,1.325,5,0,5,"69d454217ba1e1dde3db1187"
493,10,"r2",8,1.355,5,0,5,"69d454217ba1e1dde3db1187"
494,10,"r1",4,3.053,5,1,4,"69d454217ba1e1dde3db1187"
495,10,"r1",4,2.143,5,1,4,"69d454217ba1e1dde3db1187"
496,10,"r2",6,2.232,5,0,5,"69d454217ba1e1dde3db1187"
497,10,"r1",2,2.071,5,1,2,"69d454217ba1e1dde3db1187"
498,10,"r1",6,1.888,5,1,6,"69d454217ba1e1dde3db1187"
499,10,"r1",6,4.872,5,1,6,"69d454217ba1e1dde3db1187"
500,10,"r1",3,1.78,5,1,3,"69d454217ba1e1dde3db1187"
501,10,"r1",2,2.246,5,1,2,"69d454217ba1e1dde3db1187"
502,10,"r2",3,1.724,5,0,5,"69d454217ba1e1dde3db1187"
503,10,"r2",3,3.569,5,0,5,"69d454217ba1e1dde3db1187"
504,10,"r2",7,2.144,5,0,5,"69d454217ba1e1dde3db1187"
505,10,"r2",7,2.322,5,0,5,"69d454217ba1e1dde3db1187"
506,10,"r1",4,2.021,5,1,4,"69d454217ba1e1dde3db1187"
507,10,"r2",7,4.941,5,0,5,"69d454217ba1e1dde3db1187"
508,10,"r2",8,2.234,5,0,5,"69d454217ba1e1dde3db1187"
509,10,"r1",3,2.478,5,1,3,"69d454217ba1e1dde3db1187"
510,10,"r1",2,1.504,5,1,2,"69d454217ba1e1dde3db1187"
511,10,"r1",3,2.092,5,1,3,"69d454217ba1e1dde3db1187"
512,10,"r2",7,1.664,5,0,5,"69d454217ba1e1dde3db1187"
513,10,"r1",4,2.576,5,1,4,"69d454217ba1e1dde3db1187"
514,10,"r2",6,3.037,5,0,5,"69d454217ba1e1dde3db1187"
515,10,"r1",2,4.475,5,1,2,"69d454217ba1e1dde3db1187"
516,10,"r1",2,2.491,5,1,2,"69d454217ba1e1dde3db1187"
517,10,"r1",6,2.456,5,1,6,"69d454217ba1e1dde3db1187"
518,10,"r2",3,1.011,5,0,5,"69d454217ba1e1dde3db1187"
519,10,"r2",8,2.084,5,0,5,"69d454217ba1e1dde3db1187"
520,11,"r1",3,2.733,5,1,3,"69dfb1b667293231fb257ebf"
521,11,"r2",7,3.559,5,0,5,"69dfb1b667293231fb257ebf"
522,11,"r2",8,3.617,5,0,5,"69dfb1b667293231fb257ebf"
523,11,"r2",8,3.725,5,0,5,"69dfb1b667293231fb257ebf"
524,11,"r1",4,2.827,5,1,4,"69dfb1b667293231fb257ebf"
525,11,"r2",6,2.802,5,0,5,"69dfb1b667293231fb257ebf"
526,11,"r1",3,2.186,5,1,3,"69dfb1b667293231fb257ebf"
527,11,"r2",6,2.003,5,0,5,"69dfb1b667293231fb257ebf"
528,11,"r2",7,3.829,5,0,5,"69dfb1b667293231fb257ebf"
529,11,"r2",8,2.16,5,0,5,"69dfb1b667293231fb257ebf"
530,11,"r2",6,2.776,5,0,5,"69dfb1b667293231fb257ebf"
531,11,"r1",2,2.185,5,1,2,"69dfb1b667293231fb257ebf"
532,11,"r1",2,2.526,5,1,2,"69dfb1b667293231fb257ebf"
533,11,"r1",4,1.526,5,1,4,"69dfb1b667293231fb257ebf"
534,11,"r1",3,2.587,5,1,3,"69dfb1b667293231fb257ebf"
535,11,"r2",7,3.391,5,0,5,"69dfb1b667293231fb257ebf"
536,11,"r1",2,1.591,5,1,2,"69dfb1b667293231fb257ebf"
537,11,"r1",4,3.389,5,1,4,"69dfb1b667293231fb257ebf"
538,11,"r1",3,2.908,5,1,3,"69dfb1b667293231fb257ebf"
539,11,"r2",8,3.233,5,0,5,"69dfb1b667293231fb257ebf"
540,11,"r1",2,2.82,5,1,2,"69dfb1b667293231fb257ebf"
541,11,"r2",7,3.386,5,0,5,"69dfb1b667293231fb257ebf"
542,11,"r1",4,2.67,5,1,4,"69dfb1b667293231fb257ebf"
543,11,"r2",8,2.676,5,0,5,"69dfb1b667293231fb257ebf"
544,11,"r1",2,2.719,5,1,2,"69dfb1b667293231fb257ebf"
545,11,"r1",6,4.377,5,1,6,"69dfb1b667293231fb257ebf"
546,11,"r2",7,3.931,5,0,5,"69dfb1b667293231fb257ebf"
547,11,"r1",3,2.537,5,1,3,"69dfb1b667293231fb257ebf"
548,11,"r1",2,2.464,5,1,2,"69dfb1b667293231fb257ebf"
549,11,"r2",8,4.275,5,0,5,"69dfb1b667293231fb257ebf"
550,11,"r1",7,3.137,5,1,7,"69dfb1b667293231fb257ebf"
551,11,"r1",6,3.473,5,1,6,"69dfb1b667293231fb257ebf"
552,11,"r2",6,4.049,5,0,5,"69dfb1b667293231fb257ebf"
553,11,"r2",3,4.592,5,0,5,"69dfb1b667293231fb257ebf"
554,11,"r1",4,2.293,5,1,4,"69dfb1b667293231fb257ebf"
555,11,"r2",4,4.835,5,0,5,"69dfb1b667293231fb257ebf"
556,11,"r2",2,3.832,5,0,5,"69dfb1b667293231fb257ebf"
557,11,"r2",8,3.278,5,0,5,"69dfb1b667293231fb257ebf"
558,11,"r2",6,3.302,5,0,5,"69dfb1b667293231fb257ebf"
559,11,"r1",4,3.642,5,1,4,"69dfb1b667293231fb257ebf"
560,11,"r1",3,4.054,5,1,3,"69dfb1b667293231fb257ebf"
561,11,"r2",6,2.577,5,0,5,"69dfb1b667293231fb257ebf"
562,11,"r1",3,2.55,5,1,3,"69dfb1b667293231fb257ebf"
563,11,"r2",7,3.638,5,0,5,"69dfb1b667293231fb257ebf"
564,11,"r1",8,4.251,5,1,8,"69dfb1b667293231fb257ebf"
565,11,"r1",2,2.178,5,1,2,"69dfb1b667293231fb257ebf"
566,11,"r2",6,4.834,5,0,5,"69dfb1b667293231fb257ebf"
567,11,"r1",3,2.017,5,1,3,"69dfb1b667293231fb257ebf"
568,11,"r2",4,1.348,5,0,5,"69dfb1b667293231fb257ebf"
569,11,"r2",8,1.411,5,0,5,"69dfb1b667293231fb257ebf"
570,11,"r2",7,1.719,5,0,5,"69dfb1b667293231fb257ebf"
571,11,"r1",7,1.357,5,1,7,"69dfb1b667293231fb257ebf"
572,11,"r1",2,1.883,5,1,2,"69dfb1b667293231fb257ebf"
573,11,"r2",6,1.518,5,0,5,"69dfb1b667293231fb257ebf"
574,11,"r2",6,3.231,5,0,5,"69dfb1b667293231fb257ebf"
575,11,"r2",6,2.382,5,0,5,"69dfb1b667293231fb257ebf"
576,11,"r2",7,1.244,5,0,5,"69dfb1b667293231fb257ebf"
577,11,"r2",8,2.474,5,0,5,"69dfb1b667293231fb257ebf"
578,11,"r2",3,3.08,5,0,5,"69dfb1b667293231fb257ebf"
579,11,"r2",8,1.235,5,0,5,"69dfb1b667293231fb257ebf"
580,11,"r1",4,2.471,5,1,4,"69dfb1b667293231fb257ebf"
581,11,"r2",3,2.403,5,0,5,"69dfb1b667293231fb257ebf"
582,11,"r2",7,2.43,5,0,5,"69dfb1b667293231fb257ebf"
583,11,"r1",3,3.133,5,1,3,"69dfb1b667293231fb257ebf"
584,11,"r1",2,2.12,5,1,2,"69dfb1b667293231fb257ebf"
585,11,"r2",7,3.38,5,0,5,"69dfb1b667293231fb257ebf"
586,11,"r1",4,3.225,5,1,4,"69dfb1b667293231fb257ebf"
587,11,"r2",8,3.523,5,0,5,"69dfb1b667293231fb257ebf"
588,11,"r1",4,2.693,5,1,4,"69dfb1b667293231fb257ebf"
589,11,"r1",7,2.729,5,1,7,"69dfb1b667293231fb257ebf"
590,11,"r1",2,1.284,5,1,2,"69dfb1b667293231fb257ebf"
591,11,"r1",2,2.036,5,1,2,"69dfb1b667293231fb257ebf"
592,11,"r1",4,1.762,5,1,4,"69dfb1b667293231fb257ebf"
593,11,"r1",4,4.501,5,1,4,"69dfb1b667293231fb257ebf"
594,11,"r1",4,2.876,5,1,4,"69dfb1b667293231fb257ebf"
595,11,"r2",6,1.386,5,0,5,"69dfb1b667293231fb257ebf"
596,11,"r1",3,4.856,5,1,3,"69dfb1b667293231fb257ebf"
597,11,"r2",8,4.035,5,0,5,"69dfb1b667293231fb257ebf"
598,11,"r2",7,2.123,5,0,5,"69dfb1b667293231fb257ebf"
599,11,"r2",8,1.623,5,0,5,"69dfb1b667293231fb257ebf"
600,11,"r2",6,2.064,5,0,5,"69dfb1b667293231fb257ebf"
601,11,"r1",2,2.518,5,1,2,"69dfb1b667293231fb257ebf"
602,11,"r1",3,1.605,5,1,3,"69dfb1b667293231fb257ebf"
603,11,"r2",8,1.724,5,0,5,"69dfb1b667293231fb257ebf"
604,11,"r1",6,1.599,5,1,6,"69dfb1b667293231fb257ebf"
605,11,"r2",7,1.333,5,0,5,"69dfb1b667293231fb257ebf"
606,11,"r1",2,5.592,5,1,2,"69dfb1b667293231fb257ebf"
607,11,"r1",4,1.442,5,1,4,"69dfb1b667293231fb257ebf"
608,11,"r1",7,2.803,5,1,7,"69dfb1b667293231fb257ebf"
609,11,"r1",6,2.911,5,1,6,"69dfb1b667293231fb257ebf"
610,11,"r2",3,2.005,5,0,5,"69dfb1b667293231fb257ebf"
611,11,"r2",8,3.003,5,0,5,"69dfb1b667293231fb257ebf"
612,11,"r1",4,2.628,5,1,4,"69dfb1b667293231fb257ebf"
613,11,"r1",7,2.097,5,1,7,"69dfb1b667293231fb257ebf"
614,11,"r1",4,4.804,5,1,4,"69dfb1b667293231fb257ebf"
615,11,"r2",2,2.577,5,0,5,"69dfb1b667293231fb257ebf"
616,11,"r1",3,1.929,5,1,3,"69dfb1b667293231fb257ebf"
617,11,"r1",6,1.427,5,1,6,"69dfb1b667293231fb257ebf"
618,11,"r1",2,1.993,5,1,2,"69dfb1b667293231fb257ebf"
619,11,"r2",8,4.577,5,0,5,"69dfb1b667293231fb257ebf"
620,11,"r1",7,2.338,5,1,7,"69dfb1b667293231fb257ebf"
621,11,"r2",8,2.748,5,0,5,"69dfb1b667293231fb257ebf"
622,11,"r1",3,0.722,5,1,3,"69dfb1b667293231fb257ebf"
623,11,"r1",3,2.751,5,1,3,"69dfb1b667293231fb257ebf"
624,11,"r1",2,1.785,5,1,2,"69dfb1b667293231fb257ebf"
625,11,"r2",8,2.782,5,0,5,"69dfb1b667293231fb257ebf"
626,11,"r1",7,0.924,5,1,7,"69dfb1b667293231fb257ebf"
627,11,"r1",4,2.36,5,1,4,"69dfb1b667293231fb257ebf"
628,11,"r2",6,1.948,5,0,5,"69dfb1b667293231fb257ebf"
629,11,"r1",4,1.412,5,1,4,"69dfb1b667293231fb257ebf"
630,11,"r2",7,2.203,5,0,5,"69dfb1b667293231fb257ebf"
631,11,"r1",4,2.412,5,1,4,"69dfb1b667293231fb257ebf"
632,11,"r1",3,1.715,5,1,3,"69dfb1b667293231fb257ebf"
633,11,"r2",7,1.603,5,0,5,"69dfb1b667293231fb257ebf"
634,11,"r1",2,1.485,5,1,2,"69dfb1b667293231fb257ebf"
635,11,"r2",6,2.41,5,0,5,"69dfb1b667293231fb257ebf"
636,11,"r2",8,1.176,5,0,5,"69dfb1b667293231fb257ebf"
637,11,"r1",3,1.562,5,1,3,"69dfb1b667293231fb257ebf"
638,11,"r1",6,2.572,5,1,6,"69dfb1b667293231fb257ebf"
639,11,"r1",2,1.148,5,1,2,"69dfb1b667293231fb257ebf"
640,11,"r2",7,2.73,5,0,5,"69dfb1b667293231fb257ebf"
641,11,"r2",7,1.082,5,0,5,"69dfb1b667293231fb257ebf"
642,11,"r2",8,4.804,5,0,5,"69dfb1b667293231fb257ebf"
643,11,"r2",3,3.656,5,0,5,"69dfb1b667293231fb257ebf"
644,11,"r2",4,4.543,5,0,5,"69dfb1b667293231fb257ebf"
645,11,"r2",3,4.274,5,0,5,"69dfb1b667293231fb257ebf"
646,11,"r2",4,2.829,5,0,5,"69dfb1b667293231fb257ebf"
647,11,"r1",2,1.316,5,1,2,"69dfb1b667293231fb257ebf"
648,11,"r2",6,4.014,5,0,5,"69dfb1b667293231fb257ebf"
649,11,"r2",8,2.786,5,0,5,"69dfb1b667293231fb257ebf"
650,11,"r2",7,3.313,5,0,5,"69dfb1b667293231fb257ebf"
651,11,"r1",2,2.821,5,1,2,"69dfb1b667293231fb257ebf"
652,11,"r1",6,1.568,5,1,6,"69dfb1b667293231fb257ebf"
653,11,"r1",2,1.877,5,1,2,"69dfb1b667293231fb257ebf"
654,11,"r1",3,3.116,5,1,3,"69dfb1b667293231fb257ebf"
655,11,"r2",4,1.514,5,0,5,"69dfb1b667293231fb257ebf"
656,11,"r2",6,2.033,5,0,5,"69dfb1b667293231fb257ebf"
657,12,"r1",3,2.727,5,1,3,"69e112f785f66398ad4436bf"
658,12,"r2",8,0.786,5,0,5,"69e112f785f66398ad4436bf"
659,12,"r2",8,0.638,5,0,5,"69e112f785f66398ad4436bf"
660,12,"r2",7,2.227,5,0,5,"69e112f785f66398ad4436bf"
661,12,"r1",4,2.631,5,1,4,"69e112f785f66398ad4436bf"
662,12,"r1",2,1.502,5,1,2,"69e112f785f66398ad4436bf"
663,12,"r1",4,1.183,5,1,4,"69e112f785f66398ad4436bf"
664,12,"r1",2,1.434,5,1,2,"69e112f785f66398ad4436bf"
665,12,"r1",3,1.173,5,1,3,"69e112f785f66398ad4436bf"
666,12,"r1",3,0.771,5,1,3,"69e112f785f66398ad4436bf"
667,12,"r2",6,1.323,5,0,5,"69e112f785f66398ad4436bf"
668,12,"r2",7,1.133,5,0,5,"69e112f785f66398ad4436bf"
669,12,"r2",6,1.234,5,0,5,"69e112f785f66398ad4436bf"
670,12,"r1",6,2.29,5,1,6,"69e112f785f66398ad4436bf"
671,12,"r1",4,1.663,5,1,4,"69e112f785f66398ad4436bf"
672,12,"r2",7,1.302,5,0,5,"69e112f785f66398ad4436bf"
673,12,"r1",2,1.329,5,1,2,"69e112f785f66398ad4436bf"
674,12,"r1",2,1.094,5,1,2,"69e112f785f66398ad4436bf"
675,12,"r1",7,1.303,5,1,7,"69e112f785f66398ad4436bf"
676,12,"r1",8,0.949,5,1,8,"69e112f785f66398ad4436bf"
677,12,"r1",6,1.324,5,1,6,"69e112f785f66398ad4436bf"
678,12,"r1",3,1.346,5,1,3,"69e112f785f66398ad4436bf"
679,12,"r1",3,1.479,5,1,3,"69e112f785f66398ad4436bf"
680,12,"r1",2,0.913,5,1,2,"69e112f785f66398ad4436bf"
681,12,"r2",6,1.396,5,0,5,"69e112f785f66398ad4436bf"
682,12,"r1",3,1.316,5,1,3,"69e112f785f66398ad4436bf"
683,12,"r1",2,1.502,5,1,2,"69e112f785f66398ad4436bf"
684,12,"r2",6,0.866,5,0,5,"69e112f785f66398ad4436bf"
685,12,"r1",4,1.392,5,1,4,"69e112f785f66398ad4436bf"
686,12,"r2",8,0.768,5,0,5,"69e112f785f66398ad4436bf"
687,12,"r2",7,1.215,5,0,5,"69e112f785f66398ad4436bf"
688,12,"r2",8,1.192,5,0,5,"69e112f785f66398ad4436bf"
689,12,"r2",7,1.158,5,0,5,"69e112f785f66398ad4436bf"
690,12,"r1",4,1.164,5,1,4,"69e112f785f66398ad4436bf"
691,12,"r1",4,1.273,5,1,4,"69e112f785f66398ad4436bf"
692,12,"r1",4,1.429,5,1,4,"69e112f785f66398ad4436bf"
693,12,"r2",7,2.034,5,0,5,"69e112f785f66398ad4436bf"
694,12,"r2",6,2.003,5,0,5,"69e112f785f66398ad4436bf"
695,12,"r1",2,1.499,5,1,2,"69e112f785f66398ad4436bf"
696,12,"r2",3,2.016,5,0,5,"69e112f785f66398ad4436bf"
697,12,"r1",2,1.938,5,1,2,"69e112f785f66398ad4436bf"
698,12,"r2",8,0.965,5,0,5,"69e112f785f66398ad4436bf"
699,12,"r2",6,2.075,5,0,5,"69e112f785f66398ad4436bf"
700,12,"r2",7,1.679,5,0,5,"69e112f785f66398ad4436bf"
701,12,"r2",8,1.177,5,0,5,"69e112f785f66398ad4436bf"
702,12,"r1",4,1.671,5,1,4,"69e112f785f66398ad4436bf"
703,12,"r2",8,1.669,5,0,5,"69e112f785f66398ad4436bf"
704,12,"r1",3,1.712,5,1,3,"69e112f785f66398ad4436bf"
705,12,"r1",7,1.717,5,1,7,"69e112f785f66398ad4436bf"
706,12,"r1",3,0.972,5,1,3,"69e112f785f66398ad4436bf"
707,12,"r1",4,1.768,5,1,4,"69e112f785f66398ad4436bf"
708,12,"r1",4,2.884,5,1,4,"69e112f785f66398ad4436bf"
709,12,"r1",2,1.753,5,1,2,"69e112f785f66398ad4436bf"
710,12,"r2",7,1.536,5,0,5,"69e112f785f66398ad4436bf"
711,12,"r2",6,1.504,5,0,5,"69e112f785f66398ad4436bf"
712,12,"r1",3,1.949,5,1,3,"69e112f785f66398ad4436bf"
713,12,"r2",8,0.755,5,0,5,"69e112f785f66398ad4436bf"
714,12,"r1",3,1.792,5,1,3,"69e112f785f66398ad4436bf"
715,12,"r2",6,1.889,5,0,5,"69e112f785f66398ad4436bf"
716,12,"r1",2,1.407,5,1,2,"69e112f785f66398ad4436bf"
717,12,"r1",3,2.387,5,1,3,"69e112f785f66398ad4436bf"
718,12,"r1",8,1.826,5,1,8,"69e112f785f66398ad4436bf"
719,12,"r2",6,0.867,5,0,5,"69e112f785f66398ad4436bf"
720,12,"r2",7,1.207,5,0,5,"69e112f785f66398ad4436bf"
721,12,"r1",4,1.348,5,1,4,"69e112f785f66398ad4436bf"
722,12,"r2",8,0.902,5,0,5,"69e112f785f66398ad4436bf"
723,12,"r2",7,1.085,5,0,5,"69e112f785f66398ad4436bf"
724,12,"r2",4,1.979,5,0,5,"69e112f785f66398ad4436bf"
725,12,"r2",4,2.347,5,0,5,"69e112f785f66398ad4436bf"
726,12,"r2",2,1.949,5,0,5,"69e112f785f66398ad4436bf"
727,12,"r2",8,1.22,5,0,5,"69e112f785f66398ad4436bf"
728,12,"r1",3,1.969,5,1,3,"69e112f785f66398ad4436bf"
729,12,"r2",6,2.484,5,0,5,"69e112f785f66398ad4436bf"
730,12,"r2",8,1.593,5,0,5,"69e112f785f66398ad4436bf"
731,12,"r1",3,1.392,5,1,3,"69e112f785f66398ad4436bf"
732,12,"r2",8,0.938,5,0,5,"69e112f785f66398ad4436bf"
733,12,"r1",2,2.092,5,1,2,"69e112f785f66398ad4436bf"
734,12,"r2",6,1.502,5,0,5,"69e112f785f66398ad4436bf"
735,12,"r1",7,1.758,5,1,7,"69e112f785f66398ad4436bf"
736,12,"r1",7,1.581,5,1,7,"69e112f785f66398ad4436bf"
737,12,"r2",7,1.126,5,0,5,"69e112f785f66398ad4436bf"
738,12,"r1",4,1.848,5,1,4,"69e112f785f66398ad4436bf"
739,12,"r1",2,1.29,5,1,2,"69e112f785f66398ad4436bf"
740,12,"r1",4,1.495,5,1,4,"69e112f785f66398ad4436bf"
741,12,"r1",3,1.084,5,1,3,"69e112f785f66398ad4436bf"
742,12,"r2",7,1.099,5,0,5,"69e112f785f66398ad4436bf"
743,12,"r1",2,1.991,5,1,2,"69e112f785f66398ad4436bf"
744,12,"r2",3,1.822,5,0,5,"69e112f785f66398ad4436bf"
745,12,"r2",7,1.419,5,0,5,"69e112f785f66398ad4436bf"
746,12,"r2",7,1.613,5,0,5,"69e112f785f66398ad4436bf"
747,12,"r2",4,1.769,5,0,5,"69e112f785f66398ad4436bf"
748,12,"r2",4,1.505,5,0,5,"69e112f785f66398ad4436bf"
749,12,"r1",2,2.029,5,1,2,"69e112f785f66398ad4436bf"
750,12,"r1",2,1.446,5,1,2,"69e112f785f66398ad4436bf"
751,12,"r2",8,1.67,5,0,5,"69e112f785f66398ad4436bf"
752,12,"r2",6,1.786,5,0,5,"69e112f785f66398ad4436bf"
753,12,"r1",3,1.078,5,1,3,"69e112f785f66398ad4436bf"
754,12,"r2",8,0.943,5,0,5,"69e112f785f66398ad4436bf"
755,12,"r1",6,2.088,5,1,6,"69e112f785f66398ad4436bf"
756,12,"r1",4,0.728,5,1,4,"69e112f785f66398ad4436bf"
757,12,"r2",8,0.663,5,0,5,"69e112f785f66398ad4436bf"
758,12,"r1",4,1.981,5,1,4,"69e112f785f66398ad4436bf"
759,12,"r1",2,1.303,5,1,2,"69e112f785f66398ad4436bf"
760,12,"r2",8,1.137,5,0,5,"69e112f785f66398ad4436bf"
761,12,"r1",4,1.222,5,1,4,"69e112f785f66398ad4436bf"
762,12,"r1",3,2.066,5,1,3,"69e112f785f66398ad4436bf"
763,12,"r2",7,1.403,5,0,5,"69e112f785f66398ad4436bf"
764,12,"r2",6,2.047,5,0,5,"69e112f785f66398ad4436bf"
765,12,"r1",2,1.163,5,1,2,"69e112f785f66398ad4436bf"
766,12,"r1",6,1.801,5,1,6,"69e112f785f66398ad4436bf"
767,12,"r1",2,0.47,5,1,2,"69e112f785f66398ad4436bf"
768,12,"r2",6,2.28,5,0,5,"69e112f785f66398ad4436bf"
769,12,"r2",7,1.345,5,0,5,"69e112f785f66398ad4436bf"
770,12,"r1",7,1.969,5,1,7,"69e112f785f66398ad4436bf"
771,12,"r2",8,1.692,5,0,5,"69e112f785f66398ad4436bf"
772,12,"r1",4,2.238,5,1,4,"69e112f785f66398ad4436bf"
773,12,"r1",3,1.558,5,1,3,"69e112f785f66398ad4436bf"
774,12,"r1",3,1.247,5,1,3,"69e112f785f66398ad4436bf"
775,12,"r2",7,0.964,5,0,5,"69e112f785f66398ad4436bf"
776,12,"r2",8,1.225,5,0,5,"69e112f785f66398ad4436bf"
777,12,"r1",2,0.954,5,1,2,"69e112f785f66398ad4436bf"
778,12,"r2",6,1.333,5,0,5,"69e112f785f66398ad4436bf"
779,12,"r1",2,1.283,5,1,2,"69e112f785f66398ad4436bf"
780,12,"r2",4,2.01,5,0,5,"69e112f785f66398ad4436bf"
781,12,"r2",7,1.806,5,0,5,"69e112f785f66398ad4436bf"
782,12,"r2",6,2.063,5,0,5,"69e112f785f66398ad4436bf"
783,12,"r2",6,1.339,5,0,5,"69e112f785f66398ad4436bf"
784,12,"r2",7,1.231,5,0,5,"69e112f785f66398ad4436bf"
785,12,"r1",4,1.001,5,1,4,"69e112f785f66398ad4436bf"
786,12,"r1",2,1.033,5,1,2,"69e112f785f66398ad4436bf"
787,12,"r2",3,1.088,5,0,5,"69e112f785f66398ad4436bf"
788,12,"r1",3,0.732,5,1,3,"69e112f785f66398ad4436bf"
789,12,"r2",8,0.745,5,0,5,"69e112f785f66398ad4436bf"
790,12,"r1",4,1.305,5,1,4,"69e112f785f66398ad4436bf"
791,12,"r1",3,1.587,5,1,3,"69e112f785f66398ad4436bf"
792,13,"r2",3,0.707,5,0,5,"69e142b895d9393cd23ec58d"
793,13,"r1",3,2.817,5,1,3,"69e142b895d9393cd23ec58d"
794,13,"r2",6,1.956,5,0,5,"69e142b895d9393cd23ec58d"
795,13,"r1",3,2.474,5,1,3,"69e142b895d9393cd23ec58d"
796,13,"r2",8,1.441,5,0,5,"69e142b895d9393cd23ec58d"
797,13,"r1",4,2.051,5,1,4,"69e142b895d9393cd23ec58d"
798,13,"r1",2,2.503,5,1,2,"69e142b895d9393cd23ec58d"
799,13,"r2",8,2.624,5,0,5,"69e142b895d9393cd23ec58d"
800,13,"r1",7,3.087,5,1,7,"69e142b895d9393cd23ec58d"
801,13,"r2",7,1.86,5,0,5,"69e142b895d9393cd23ec58d"
802,13,"r2",7,2.142,5,0,5,"69e142b895d9393cd23ec58d"
803,13,"r2",8,3.055,5,0,5,"69e142b895d9393cd23ec58d"
804,13,"r2",4,1.716,5,0,5,"69e142b895d9393cd23ec58d"
805,13,"r1",4,1.495,5,1,4,"69e142b895d9393cd23ec58d"
806,13,"r1",6,1.836,5,1,6,"69e142b895d9393cd23ec58d"
807,13,"r1",2,1.772,5,1,2,"69e142b895d9393cd23ec58d"
808,13,"r2",8,1.986,5,0,5,"69e142b895d9393cd23ec58d"
809,13,"r2",6,3.273,5,0,5,"69e142b895d9393cd23ec58d"
810,13,"r2",7,1.797,5,0,5,"69e142b895d9393cd23ec58d"
811,13,"r1",7,2.889,5,1,7,"69e142b895d9393cd23ec58d"
812,13,"r2",3,2.355,5,0,5,"69e142b895d9393cd23ec58d"
813,13,"r1",3,2.751,5,1,3,"69e142b895d9393cd23ec58d"
814,13,"r2",8,3.263,5,0,5,"69e142b895d9393cd23ec58d"
815,13,"r1",6,1.68,5,1,6,"69e142b895d9393cd23ec58d"
816,13,"r1",4,3.367,5,1,4,"69e142b895d9393cd23ec58d"
817,13,"r1",2,1.977,5,1,2,"69e142b895d9393cd23ec58d"
818,13,"r1",2,1.965,5,1,2,"69e142b895d9393cd23ec58d"
819,13,"r1",4,1.218,5,1,4,"69e142b895d9393cd23ec58d"
820,13,"r2",4,2.166,5,0,5,"69e142b895d9393cd23ec58d"
821,13,"r2",8,1.961,5,0,5,"69e142b895d9393cd23ec58d"
822,13,"r2",6,1.859,5,0,5,"69e142b895d9393cd23ec58d"
823,13,"r1",3,2.399,5,1,3,"69e142b895d9393cd23ec58d"
824,13,"r2",4,1.289,5,0,5,"69e142b895d9393cd23ec58d"
825,13,"r2",3,1.289,5,0,5,"69e142b895d9393cd23ec58d"
826,13,"r2",7,1.621,5,0,5,"69e142b895d9393cd23ec58d"
827,13,"r2",7,1.579,5,0,5,"69e142b895d9393cd23ec58d"
828,13,"r1",2,2.431,5,1,2,"69e142b895d9393cd23ec58d"
829,13,"r1",6,1.999,5,1,6,"69e142b895d9393cd23ec58d"
830,13,"r2",6,1.596,5,0,5,"69e142b895d9393cd23ec58d"
831,13,"r1",3,1.821,5,1,3,"69e142b895d9393cd23ec58d"
832,13,"r2",2,1.358,5,0,5,"69e142b895d9393cd23ec58d"
833,13,"r2",8,1.06,5,0,5,"69e142b895d9393cd23ec58d"
834,13,"r2",8,1.036,5,0,5,"69e142b895d9393cd23ec58d"
835,13,"r1",4,1.486,5,1,4,"69e142b895d9393cd23ec58d"
836,13,"r2",8,0.989,5,0,5,"69e142b895d9393cd23ec58d"
837,13,"r2",7,1.25,5,0,5,"69e142b895d9393cd23ec58d"
838,13,"r2",4,1.002,5,0,5,"69e142b895d9393cd23ec58d"
839,13,"r1",4,1.752,5,1,4,"69e142b895d9393cd23ec58d"
840,13,"r2",6,2.621,5,0,5,"69e142b895d9393cd23ec58d"
841,13,"r2",4,2.133,5,0,5,"69e142b895d9393cd23ec58d"
842,13,"r1",6,1.79,5,1,6,"69e142b895d9393cd23ec58d"
843,13,"r2",7,1.196,5,0,5,"69e142b895d9393cd23ec58d"
844,13,"r2",8,1.959,5,0,5,"69e142b895d9393cd23ec58d"
845,13,"r2",2,0.845,5,0,5,"69e142b895d9393cd23ec58d"
846,13,"r2",2,1.344,5,0,5,"69e142b895d9393cd23ec58d"
847,13,"r1",3,0.963,5,1,3,"69e142b895d9393cd23ec58d"
848,13,"r1",3,1.129,5,1,3,"69e142b895d9393cd23ec58d"
849,13,"r1",7,0.952,5,1,7,"69e142b895d9393cd23ec58d"
850,13,"r1",3,1.822,5,1,3,"69e142b895d9393cd23ec58d"
851,13,"r2",6,1.39,5,0,5,"69e142b895d9393cd23ec58d"
852,13,"r2",8,1.246,5,0,5,"69e142b895d9393cd23ec58d"
853,13,"r1",4,1.415,5,1,4,"69e142b895d9393cd23ec58d"
854,13,"r2",8,1.42,5,0,5,"69e142b895d9393cd23ec58d"
855,13,"r2",2,1.073,5,0,5,"69e142b895d9393cd23ec58d"
856,13,"r1",3,0.99,5,1,3,"69e142b895d9393cd23ec58d"
857,13,"r2",4,1.142,5,0,5,"69e142b895d9393cd23ec58d"
858,13,"r1",6,1.189,5,1,6,"69e142b895d9393cd23ec58d"
859,13,"r1",2,1.607,5,1,2,"69e142b895d9393cd23ec58d"
860,13,"r2",4,1.914,5,0,5,"69e142b895d9393cd23ec58d"
861,13,"r2",8,1.584,5,0,5,"69e142b895d9393cd23ec58d"
862,13,"r2",8,1.763,5,0,5,"69e142b895d9393cd23ec58d"
863,13,"r2",7,1.193,5,0,5,"69e142b895d9393cd23ec58d"
864,13,"r1",2,1.845,5,1,2,"69e142b895d9393cd23ec58d"
865,13,"r2",4,0.953,5,0,5,"69e142b895d9393cd23ec58d"
866,13,"r2",6,1.964,5,0,5,"69e142b895d9393cd23ec58d"
867,13,"r2",7,1.384,5,0,5,"69e142b895d9393cd23ec58d"
868,13,"r2",3,1.067,5,0,5,"69e142b895d9393cd23ec58d"
869,13,"r2",6,1.508,5,0,5,"69e142b895d9393cd23ec58d"
870,13,"r1",7,1.23,5,1,7,"69e142b895d9393cd23ec58d"
871,13,"r2",8,0.925,5,0,5,"69e142b895d9393cd23ec58d"
872,13,"r2",4,1.33,5,0,5,"69e142b895d9393cd23ec58d"
873,13,"r2",6,1.095,5,0,5,"69e142b895d9393cd23ec58d"
874,13,"r1",2,1.693,5,1,2,"69e142b895d9393cd23ec58d"
875,13,"r2",7,1.487,5,0,5,"69e142b895d9393cd23ec58d"
876,13,"r1",2,1.188,5,1,2,"69e142b895d9393cd23ec58d"
877,13,"r2",3,1.644,5,0,5,"69e142b895d9393cd23ec58d"
878,13,"r2",7,2.552,5,0,5,"69e142b895d9393cd23ec58d"
879,13,"r2",8,1.684,5,0,5,"69e142b895d9393cd23ec58d"
880,13,"r2",8,1.37,5,0,5,"69e142b895d9393cd23ec58d"
881,13,"r2",4,0.964,5,0,5,"69e142b895d9393cd23ec58d"
882,13,"r1",3,1.485,5,1,3,"69e142b895d9393cd23ec58d"
883,13,"r2",6,1.961,5,0,5,"69e142b895d9393cd23ec58d"
884,13,"r2",2,1.028,5,0,5,"69e142b895d9393cd23ec58d"
885,13,"r2",7,1.639,5,0,5,"69e142b895d9393cd23ec58d"
886,13,"r2",4,1.19,5,0,5,"69e142b895d9393cd23ec58d"
887,13,"r1",2,1.24,5,1,2,"69e142b895d9393cd23ec58d"
888,13,"r1",6,1.386,5,1,6,"69e142b895d9393cd23ec58d"
889,13,"r1",2,2.956,5,1,2,"69e142b895d9393cd23ec58d"
890,13,"r1",3,1.404,5,1,3,"69e142b895d9393cd23ec58d"
891,13,"r2",6,1.386,5,0,5,"69e142b895d9393cd23ec58d"
892,13,"r2",7,1.75,5,0,5,"69e142b895d9393cd23ec58d"
893,13,"r1",2,1.161,5,1,2,"69e142b895d9393cd23ec58d"
894,13,"r2",3,1.29,5,0,5,"69e142b895d9393cd23ec58d"
895,13,"r2",8,1.926,5,0,5,"69e142b895d9393cd23ec58d"
896,13,"r2",8,1.264,5,0,5,"69e142b895d9393cd23ec58d"
897,13,"r1",3,2.687,5,1,3,"69e142b895d9393cd23ec58d"
898,13,"r2",4,1.023,5,0,5,"69e142b895d9393cd23ec58d"
899,13,"r1",7,1.6,5,1,7,"69e142b895d9393cd23ec58d"
900,13,"r2",6,0.864,5,0,5,"69e142b895d9393cd23ec58d"
901,13,"r1",4,1.11,5,1,4,"69e142b895d9393cd23ec58d"
902,13,"r1",2,1.658,5,1,2,"69e142b895d9393cd23ec58d"
903,13,"r1",3,1.095,5,1,3,"69e142b895d9393cd23ec58d"
904,13,"r1",6,1.086,5,1,6,"69e142b895d9393cd23ec58d"
905,13,"r1",8,2.286,5,1,8,"69e142b895d9393cd23ec58d"
906,13,"r1",6,3.35,5,1,6,"69e142b895d9393cd23ec58d"
907,13,"r2",8,2.901,5,0,5,"69e142b895d9393cd23ec58d"
908,13,"r2",2,1.206,5,0,5,"69e142b895d9393cd23ec58d"
909,13,"r2",3,0.746,5,0,5,"69e142b895d9393cd23ec58d"
910,13,"r2",2,1.079,5,0,5,"69e142b895d9393cd23ec58d"
911,13,"r2",4,1.753,5,0,5,"69e142b895d9393cd23ec58d"
912,13,"r1",3,2.889,5,1,3,"69e142b895d9393cd23ec58d"
913,13,"r2",6,1.958,5,0,5,"69e142b895d9393cd23ec58d"
914,13,"r2",4,0.713,5,0,5,"69e142b895d9393cd23ec58d"
915,13,"r2",7,1.047,5,0,5,"69e142b895d9393cd23ec58d"
916,13,"r2",7,1.231,5,0,5,"69e142b895d9393cd23ec58d"
917,13,"r2",7,1.448,5,0,5,"69e142b895d9393cd23ec58d"
918,13,"r2",4,1.085,5,0,5,"69e142b895d9393cd23ec58d"
919,14,"r2",7,1.368,5,0,5,"69e3fcb057c5f6b0cb34a3c0"
920,14,"r1",2,2.986,5,1,2,"69e3fcb057c5f6b0cb34a3c0"
921,14,"r1",2,2.84,5,1,2,"69e3fcb057c5f6b0cb34a3c0"
922,14,"r1",4,2.565,5,1,4,"69e3fcb057c5f6b0cb34a3c0"
923,14,"r1",3,1.986,5,1,3,"69e3fcb057c5f6b0cb34a3c0"
924,14,"r2",8,3.294,5,0,5,"69e3fcb057c5f6b0cb34a3c0"
925,14,"r1",6,4.234,5,1,6,"69e3fcb057c5f6b0cb34a3c0"
926,14,"r1",2,1.44,5,1,2,"69e3fcb057c5f6b0cb34a3c0"
927,14,"r2",7,3.537,5,0,5,"69e3fcb057c5f6b0cb34a3c0"
928,14,"r2",8,1.997,5,0,5,"69e3fcb057c5f6b0cb34a3c0"
929,14,"r1",3,2.053,5,1,3,"69e3fcb057c5f6b0cb34a3c0"
930,14,"r1",4,4.947,5,1,4,"69e3fcb057c5f6b0cb34a3c0"
931,14,"r2",8,2.297,5,0,5,"69e3fcb057c5f6b0cb34a3c0"
932,14,"r2",7,3.022,5,0,5,"69e3fcb057c5f6b0cb34a3c0"
933,14,"r1",6,3.51,5,1,6,"69e3fcb057c5f6b0cb34a3c0"
934,14,"r1",3,2.814,5,1,3,"69e3fcb057c5f6b0cb34a3c0"
935,14,"r1",4,2.804,5,1,4,"69e3fcb057c5f6b0cb34a3c0"
936,14,"r1",2,1.842,5,1,2,"69e3fcb057c5f6b0cb34a3c0"
937,14,"r1",7,2.555,5,1,7,"69e3fcb057c5f6b0cb34a3c0"
938,14,"r2",8,2.027,5,0,5,"69e3fcb057c5f6b0cb34a3c0"
939,14,"r1",2,1.69,5,1,2,"69e3fcb057c5f6b0cb34a3c0"
940,14,"r1",3,1.325,5,1,3,"69e3fcb057c5f6b0cb34a3c0"
941,14,"r1",6,1.673,5,1,6,"69e3fcb057c5f6b0cb34a3c0"
942,14,"r1",3,2.167,5,1,3,"69e3fcb057c5f6b0cb34a3c0"
943,14,"r1",2,2.277,5,1,2,"69e3fcb057c5f6b0cb34a3c0"
944,14,"r2",7,3.357,5,0,5,"69e3fcb057c5f6b0cb34a3c0"
945,14,"r2",8,2.19,5,0,5,"69e3fcb057c5f6b0cb34a3c0"
946,14,"r2",7,3.463,5,0,5,"69e3fcb057c5f6b0cb34a3c0"
947,14,"r2",8,3.562,5,0,5,"69e3fcb057c5f6b0cb34a3c0"
948,14,"r2",4,3.086,5,0,5,"69e3fcb057c5f6b0cb34a3c0"
949,14,"r1",4,2.387,5,1,4,"69e3fcb057c5f6b0cb34a3c0"
950,14,"r2",6,3.989,5,0,5,"69e3fcb057c5f6b0cb34a3c0"
951,14,"r2",3,2.096,5,0,5,"69e3fcb057c5f6b0cb34a3c0"
952,14,"r1",3,2.185,5,1,3,"69e3fcb057c5f6b0cb34a3c0"
953,14,"r2",8,1.253,5,0,5,"69e3fcb057c5f6b0cb34a3c0"
954,14,"r2",3,3.819,5,0,5,"69e3fcb057c5f6b0cb34a3c0"
955,14,"r2",7,2.484,5,0,5,"69e3fcb057c5f6b0cb34a3c0"
956,14,"r2",4,4.874,5,0,5,"69e3fcb057c5f6b0cb34a3c0"
957,14,"r1",2,4.166,5,1,2,"69e3fcb057c5f6b0cb34a3c0"
958,14,"r2",6,1.646,5,0,5,"69e3fcb057c5f6b0cb34a3c0"
959,14,"r1",4,2.92,5,1,4,"69e3fcb057c5f6b0cb34a3c0"
960,14,"r1",4,1.419,5,1,4,"69e3fcb057c5f6b0cb34a3c0"
961,14,"r2",6,2.323,5,0,5,"69e3fcb057c5f6b0cb34a3c0"
962,14,"r1",3,3.026,5,1,3,"69e3fcb057c5f6b0cb34a3c0"
963,14,"r2",7,1.899,5,0,5,"69e3fcb057c5f6b0cb34a3c0"
964,14,"r2",7,2.735,5,0,5,"69e3fcb057c5f6b0cb34a3c0"
965,14,"r1",2,2.187,5,1,2,"69e3fcb057c5f6b0cb34a3c0"
966,14,"r2",8,2.104,5,0,5,"69e3fcb057c5f6b0cb34a3c0"
967,14,"r2",6,2.728,5,0,5,"69e3fcb057c5f6b0cb34a3c0"
968,14,"r1",4,1.536,5,1,4,"69e3fcb057c5f6b0cb34a3c0"
969,14,"r1",2,2.757,5,1,2,"69e3fcb057c5f6b0cb34a3c0"
970,14,"r2",3,4.471,5,0,5,"69e3fcb057c5f6b0cb34a3c0"
971,14,"r1",2,3.266,5,1,2,"69e3fcb057c5f6b0cb34a3c0"
972,14,"r2",7,4.937,5,0,5,"69e3fcb057c5f6b0cb34a3c0"
973,14,"r1",3,3.191,5,1,3,"69e3fcb057c5f6b0cb34a3c0"
974,14,"r1",3,4.203,5,1,3,"69e3fcb057c5f6b0cb34a3c0"
975,14,"r1",8,2.775,5,1,8,"69e3fcb057c5f6b0cb34a3c0"
976,14,"r2",4,2.754,5,0,5,"69e3fcb057c5f6b0cb34a3c0"
977,14,"r1",6,1.863,5,1,6,"69e3fcb057c5f6b0cb34a3c0"
978,14,"r2",6,2.888,5,0,5,"69e3fcb057c5f6b0cb34a3c0"
979,14,"r1",4,2.623,5,1,4,"69e3fcb057c5f6b0cb34a3c0"
980,14,"r2",7,1.918,5,0,5,"69e3fcb057c5f6b0cb34a3c0"
981,14,"r2",6,3.043,5,0,5,"69e3fcb057c5f6b0cb34a3c0"
982,14,"r2",8,0.793,5,0,5,"69e3fcb057c5f6b0cb34a3c0"
983,14,"r1",3,1.032,5,1,3,"69e3fcb057c5f6b0cb34a3c0"
984,14,"r1",3,1.335,5,1,3,"69e3fcb057c5f6b0cb34a3c0"
985,14,"r2",8,1.412,5,0,5,"69e3fcb057c5f6b0cb34a3c0"
986,14,"r2",6,1.976,5,0,5,"69e3fcb057c5f6b0cb34a3c0"
987,14,"r1",4,1.268,5,1,4,"69e3fcb057c5f6b0cb34a3c0"
988,14,"r1",2,1.626,5,1,2,"69e3fcb057c5f6b0cb34a3c0"
989,14,"r2",4,2.546,5,0,5,"69e3fcb057c5f6b0cb34a3c0"
990,14,"r1",2,2.181,5,1,2,"69e3fcb057c5f6b0cb34a3c0"
991,14,"r1",2,1.8,5,1,2,"69e3fcb057c5f6b0cb34a3c0"
992,14,"r2",8,1.344,5,0,5,"69e3fcb057c5f6b0cb34a3c0"
993,14,"r1",6,2.625,5,1,6,"69e3fcb057c5f6b0cb34a3c0"
994,14,"r1",7,2.407,5,1,7,"69e3fcb057c5f6b0cb34a3c0"
995,14,"r1",7,2.05,5,1,7,"69e3fcb057c5f6b0cb34a3c0"
996,14,"r1",4,1.333,5,1,4,"69e3fcb057c5f6b0cb34a3c0"
997,14,"r1",7,1.196,5,1,7,"69e3fcb057c5f6b0cb34a3c0"
998,14,"r1",4,1.188,5,1,4,"69e3fcb057c5f6b0cb34a3c0"
999,14,"r1",2,1.005,5,1,2,"69e3fcb057c5f6b0cb34a3c0"
1000,14,"r2",8,1.4,5,0,5,"69e3fcb057c5f6b0cb34a3c0"
1001,14,"r2",8,1.234,5,0,5,"69e3fcb057c5f6b0cb34a3c0"
1002,14,"r2",4,2.03,5,0,5,"69e3fcb057c5f6b0cb34a3c0"
1003,14,"r1",4,1.343,5,1,4,"69e3fcb057c5f6b0cb34a3c0"
1004,14,"r1",3,1.656,5,1,3,"69e3fcb057c5f6b0cb34a3c0"
1005,14,"r2",7,1.483,5,0,5,"69e3fcb057c5f6b0cb34a3c0"
1006,14,"r1",6,4.046,5,1,6,"69e3fcb057c5f6b0cb34a3c0"
1007,14,"r1",7,1.582,5,1,7,"69e3fcb057c5f6b0cb34a3c0"
1008,14,"r1",3,1.88,5,1,3,"69e3fcb057c5f6b0cb34a3c0"
1009,14,"r2",3,2.466,5,0,5,"69e3fcb057c5f6b0cb34a3c0"
1010,14,"r2",8,1.725,5,0,5,"69e3fcb057c5f6b0cb34a3c0"
1011,14,"r2",6,1.415,5,0,5,"69e3fcb057c5f6b0cb34a3c0"
1012,14,"r2",7,2.256,5,0,5,"69e3fcb057c5f6b0cb34a3c0"
1013,14,"r1",2,1.439,5,1,2,"69e3fcb057c5f6b0cb34a3c0"
1014,14,"r1",2,2.014,5,1,2,"69e3fcb057c5f6b0cb34a3c0"
1015,14,"r2",8,1.022,5,0,5,"69e3fcb057c5f6b0cb34a3c0"
1016,14,"r1",3,1.422,5,1,3,"69e3fcb057c5f6b0cb34a3c0"
1017,14,"r2",7,0.978,5,0,5,"69e3fcb057c5f6b0cb34a3c0"
1018,14,"r2",8,1.214,5,0,5,"69e3fcb057c5f6b0cb34a3c0"
1019,14,"r2",6,2.873,5,0,5,"69e3fcb057c5f6b0cb34a3c0"
1020,14,"r2",7,2.356,5,0,5,"69e3fcb057c5f6b0cb34a3c0"
1021,14,"r1",2,1.227,5,1,2,"69e3fcb057c5f6b0cb34a3c0"
1022,14,"r1",4,1.942,5,1,4,"69e3fcb057c5f6b0cb34a3c0"
1023,14,"r1",7,1.62,5,1,7,"69e3fcb057c5f6b0cb34a3c0"
1024,14,"r1",2,2.314,5,1,2,"69e3fcb057c5f6b0cb34a3c0"
1025,14,"r1",4,1.534,5,1,4,"69e3fcb057c5f6b0cb34a3c0"
1026,14,"r2",6,2.616,5,0,5,"69e3fcb057c5f6b0cb34a3c0"
1027,14,"r1",3,2.394,5,1,3,"69e3fcb057c5f6b0cb34a3c0"
1028,14,"r1",2,1.589,5,1,2,"69e3fcb057c5f6b0cb34a3c0"
1029,14,"r2",6,3.165,5,0,5,"69e3fcb057c5f6b0cb34a3c0"
1030,14,"r1",4,1.429,5,1,4,"69e3fcb057c5f6b0cb34a3c0"
1031,14,"r2",2,1.248,5,0,5,"69e3fcb057c5f6b0cb34a3c0"
1032,14,"r1",2,1.321,5,1,2,"69e3fcb057c5f6b0cb34a3c0"
1033,14,"r1",3,1.746,5,1,3,"69e3fcb057c5f6b0cb34a3c0"
1034,14,"r1",6,2.644,5,1,6,"69e3fcb057c5f6b0cb34a3c0"
1035,14,"r1",3,3.393,5,1,3,"69e3fcb057c5f6b0cb34a3c0"
1036,14,"r2",8,3.235,5,0,5,"69e3fcb057c5f6b0cb34a3c0"
1037,14,"r1",4,3.347,5,1,4,"69e3fcb057c5f6b0cb34a3c0"
1038,14,"r2",7,1.817,5,0,5,"69e3fcb057c5f6b0cb34a3c0"
1039,14,"r1",4,1.491,5,1,4,"69e3fcb057c5f6b0cb34a3c0"
1040,14,"r1",2,1.725,5,1,2,"69e3fcb057c5f6b0cb34a3c0"
1041,14,"r2",6,2.908,5,0,5,"69e3fcb057c5f6b0cb34a3c0"
1042,14,"r2",4,2.07,5,0,5,"69e3fcb057c5f6b0cb34a3c0"
1043,14,"r2",3,2.493,5,0,5,"69e3fcb057c5f6b0cb34a3c0"
1044,14,"r2",8,1.77,5,0,5,"69e3fcb057c5f6b0cb34a3c0"
1045,14,"r2",7,2.694,5,0,5,"69e3fcb057c5f6b0cb34a3c0"
1046,15,"r1",2,1.508,5,1,2,"69e7bc846cba08f9ba801f73"
1047,15,"r1",4,1.38,5,1,4,"69e7bc846cba08f9ba801f73"
1048,15,"r2",6,1.35,5,0,5,"69e7bc846cba08f9ba801f73"
1049,15,"r1",3,1.462,5,1,3,"69e7bc846cba08f9ba801f73"
1050,15,"r1",2,1.323,5,1,2,"69e7bc846cba08f9ba801f73"
1051,15,"r2",8,1.427,5,0,5,"69e7bc846cba08f9ba801f73"
1052,15,"r1",4,1.098,5,1,4,"69e7bc846cba08f9ba801f73"
1053,15,"r2",7,1.251,5,0,5,"69e7bc846cba08f9ba801f73"
1054,15,"r1",6,1.445,5,1,6,"69e7bc846cba08f9ba801f73"
1055,15,"r2",8,0.912,5,0,5,"69e7bc846cba08f9ba801f73"
1056,15,"r1",3,1.234,5,1,3,"69e7bc846cba08f9ba801f73"
1057,15,"r1",4,1.813,5,1,4,"69e7bc846cba08f9ba801f73"
1058,15,"r2",7,1.154,5,0,5,"69e7bc846cba08f9ba801f73"
1059,15,"r1",3,0.698,5,1,3,"69e7bc846cba08f9ba801f73"
1060,15,"r1",2,1.048,5,1,2,"69e7bc846cba08f9ba801f73"
1061,15,"r2",8,0.884,5,0,5,"69e7bc846cba08f9ba801f73"
1062,15,"r2",6,1.653,5,0,5,"69e7bc846cba08f9ba801f73"
1063,15,"r2",7,1.239,5,0,5,"69e7bc846cba08f9ba801f73"
1064,15,"r1",6,1.502,5,1,6,"69e7bc846cba08f9ba801f73"
1065,15,"r1",2,0.961,5,1,2,"69e7bc846cba08f9ba801f73"
1066,15,"r1",4,1.144,5,1,4,"69e7bc846cba08f9ba801f73"
1067,15,"r1",4,1.414,5,1,4,"69e7bc846cba08f9ba801f73"
1068,15,"r2",8,0.868,5,0,5,"69e7bc846cba08f9ba801f73"
1069,15,"r2",7,1.253,5,0,5,"69e7bc846cba08f9ba801f73"
1070,15,"r2",6,1.037,5,0,5,"69e7bc846cba08f9ba801f73"
1071,15,"r2",7,0.829,5,0,5,"69e7bc846cba08f9ba801f73"
1072,15,"r1",6,1.006,5,1,6,"69e7bc846cba08f9ba801f73"
1073,15,"r1",2,0.951,5,1,2,"69e7bc846cba08f9ba801f73"
1074,15,"r2",8,0.692,5,0,5,"69e7bc846cba08f9ba801f73"
1075,15,"r1",3,1.284,5,1,3,"69e7bc846cba08f9ba801f73"
1076,15,"r2",4,1.455,5,0,5,"69e7bc846cba08f9ba801f73"
1077,15,"r1",3,1.009,5,1,3,"69e7bc846cba08f9ba801f73"
1078,15,"r2",2,0.948,5,0,5,"69e7bc846cba08f9ba801f73"
1079,15,"r1",3,0.653,5,1,3,"69e7bc846cba08f9ba801f73"
1080,15,"r2",7,1.882,5,0,5,"69e7bc846cba08f9ba801f73"
1081,15,"r2",7,1.18,5,0,5,"69e7bc846cba08f9ba801f73"
1082,15,"r2",6,0.806,5,0,5,"69e7bc846cba08f9ba801f73"
1083,15,"r1",6,1.112,5,1,6,"69e7bc846cba08f9ba801f73"
1084,15,"r1",8,1.467,5,1,8,"69e7bc846cba08f9ba801f73"
1085,15,"r1",3,1.276,5,1,3,"69e7bc846cba08f9ba801f73"
1086,15,"r2",8,0.775,5,0,5,"69e7bc846cba08f9ba801f73"
1087,15,"r1",3,0.816,5,1,3,"69e7bc846cba08f9ba801f73"
1088,15,"r1",3,0.679,5,1,3,"69e7bc846cba08f9ba801f73"
1089,15,"r2",8,0.64,5,0,5,"69e7bc846cba08f9ba801f73"
1090,15,"r2",6,0.714,5,0,5,"69e7bc846cba08f9ba801f73"
1091,15,"r1",4,0.868,5,1,4,"69e7bc846cba08f9ba801f73"
1092,15,"r1",2,1.582,5,1,2,"69e7bc846cba08f9ba801f73"
1093,15,"r2",4,0.821,5,0,5,"69e7bc846cba08f9ba801f73"
1094,15,"r1",2,1.253,5,1,2,"69e7bc846cba08f9ba801f73"
1095,15,"r1",7,1.615,5,1,7,"69e7bc846cba08f9ba801f73"
1096,15,"r2",6,1.596,5,0,5,"69e7bc846cba08f9ba801f73"
1097,15,"r1",6,1.559,5,1,6,"69e7bc846cba08f9ba801f73"
1098,15,"r2",3,2.149,5,0,5,"69e7bc846cba08f9ba801f73"
1099,15,"r2",8,1.9,5,0,5,"69e7bc846cba08f9ba801f73"
1100,15,"r2",7,1.75,5,0,5,"69e7bc846cba08f9ba801f73"
1101,15,"r1",3,1.194,5,1,3,"69e7bc846cba08f9ba801f73"
1102,15,"r2",3,1.527,5,0,5,"69e7bc846cba08f9ba801f73"
1103,15,"r2",8,1.075,5,0,5,"69e7bc846cba08f9ba801f73"
1104,15,"r2",7,1.035,5,0,5,"69e7bc846cba08f9ba801f73"
1105,15,"r1",6,1.621,5,1,6,"69e7bc846cba08f9ba801f73"
1106,15,"r2",7,0.829,5,0,5,"69e7bc846cba08f9ba801f73"
1107,15,"r1",4,0.938,5,1,4,"69e7bc846cba08f9ba801f73"
1108,15,"r2",8,1.472,5,0,5,"69e7bc846cba08f9ba801f73"
1109,15,"r1",4,1.175,5,1,4,"69e7bc846cba08f9ba801f73"
1110,15,"r1",6,0.999,5,1,6,"69e7bc846cba08f9ba801f73"
1111,15,"r1",7,1.052,5,1,7,"69e7bc846cba08f9ba801f73"
1112,15,"r2",6,1.176,5,0,5,"69e7bc846cba08f9ba801f73"
1113,15,"r2",4,0.655,5,0,5,"69e7bc846cba08f9ba801f73"
1114,15,"r1",3,1.004,5,1,3,"69e7bc846cba08f9ba801f73"
1115,15,"r2",4,1.02,5,0,5,"69e7bc846cba08f9ba801f73"
1116,15,"r2",7,1.029,5,0,5,"69e7bc846cba08f9ba801f73"
1117,15,"r2",8,0.93,5,0,5,"69e7bc846cba08f9ba801f73"
1118,15,"r1",6,0.86,5,1,6,"69e7bc846cba08f9ba801f73"
1119,15,"r2",8,0.984,5,0,5,"69e7bc846cba08f9ba801f73"
1120,15,"r1",2,0.984,5,1,2,"69e7bc846cba08f9ba801f73"
1121,15,"r1",3,1.184,5,1,3,"69e7bc846cba08f9ba801f73"
1122,15,"r2",7,1.025,5,0,5,"69e7bc846cba08f9ba801f73"
1123,15,"r1",4,1.734,5,1,4,"69e7bc846cba08f9ba801f73"
1124,15,"r1",2,1.282,5,1,2,"69e7bc846cba08f9ba801f73"
1125,15,"r1",2,0.723,5,1,2,"69e7bc846cba08f9ba801f73"
1126,15,"r2",8,1.391,5,0,5,"69e7bc846cba08f9ba801f73"
1127,15,"r2",6,1.824,5,0,5,"69e7bc846cba08f9ba801f73"
1128,15,"r1",3,1.383,5,1,3,"69e7bc846cba08f9ba801f73"
1129,15,"r2",4,1.402,5,0,5,"69e7bc846cba08f9ba801f73"
1130,15,"r2",7,0.757,5,0,5,"69e7bc846cba08f9ba801f73"
1131,15,"r2",8,1.042,5,0,5,"69e7bc846cba08f9ba801f73"
1132,15,"r1",4,0.927,5,1,4,"69e7bc846cba08f9ba801f73"
1133,15,"r1",2,1.196,5,1,2,"69e7bc846cba08f9ba801f73"
1134,15,"r2",8,0.674,5,0,5,"69e7bc846cba08f9ba801f73"
1135,15,"r1",6,1.214,5,1,6,"69e7bc846cba08f9ba801f73"
1136,15,"r1",2,1.289,5,1,2,"69e7bc846cba08f9ba801f73"
1137,15,"r1",2,0.673,5,1,2,"69e7bc846cba08f9ba801f73"
1138,15,"r1",3,1.387,5,1,3,"69e7bc846cba08f9ba801f73"
1139,15,"r1",3,1.245,5,1,3,"69e7bc846cba08f9ba801f73"
1140,15,"r2",4,2.147,5,0,5,"69e7bc846cba08f9ba801f73"
1141,15,"r1",7,1.543,5,1,7,"69e7bc846cba08f9ba801f73"
1142,15,"r1",7,1.335,5,1,7,"69e7bc846cba08f9ba801f73"
1143,15,"r2",8,1.134,5,0,5,"69e7bc846cba08f9ba801f73"
1144,15,"r1",4,1.425,5,1,4,"69e7bc846cba08f9ba801f73"
1145,15,"r2",7,1.162,5,0,5,"69e7bc846cba08f9ba801f73"
1146,15,"r1",3,0.929,5,1,3,"69e7bc846cba08f9ba801f73"
1147,15,"r1",6,1.245,5,1,6,"69e7bc846cba08f9ba801f73"
1148,15,"r2",8,0.724,5,0,5,"69e7bc846cba08f9ba801f73"
1149,15,"r2",7,1.121,5,0,5,"69e7bc846cba08f9ba801f73"
1150,15,"r2",6,1.018,5,0,5,"69e7bc846cba08f9ba801f73"
1151,15,"r2",7,0.9,5,0,5,"69e7bc846cba08f9ba801f73"
1152,15,"r1",2,1.264,5,1,2,"69e7bc846cba08f9ba801f73"
1153,15,"r1",4,1.192,5,1,4,"69e7bc846cba08f9ba801f73"
1154,15,"r1",3,1.215,5,1,3,"69e7bc846cba08f9ba801f73"
1155,15,"r1",3,0.904,5,1,3,"69e7bc846cba08f9ba801f73"
1156,15,"r2",8,0.602,5,0,5,"69e7bc846cba08f9ba801f73"
1157,15,"r1",2,0.589,5,1,2,"69e7bc846cba08f9ba801f73"
1158,15,"r1",4,0.708,5,1,4,"69e7bc846cba08f9ba801f73"
1159,15,"r1",2,1.311,5,1,2,"69e7bc846cba08f9ba801f73"
1160,15,"r2",6,1.332,5,0,5,"69e7bc846cba08f9ba801f73"
1161,15,"r2",7,1.889,5,0,5,"69e7bc846cba08f9ba801f73"
1162,15,"r2",3,1.244,5,0,5,"69e7bc846cba08f9ba801f73"
1163,15,"r2",6,1.506,5,0,5,"69e7bc846cba08f9ba801f73"
1164,15,"r2",8,1.106,5,0,5,"69e7bc846cba08f9ba801f73"
1165,15,"r2",7,1.245,5,0,5,"69e7bc846cba08f9ba801f73"
1166,15,"r1",2,0.692,5,1,2,"69e7bc846cba08f9ba801f73"
1167,15,"r1",3,1.078,5,1,3,"69e7bc846cba08f9ba801f73"
1168,15,"r2",7,1.483,5,0,5,"69e7bc846cba08f9ba801f73"
1169,15,"r1",4,0.688,5,1,4,"69e7bc846cba08f9ba801f73"
1170,15,"r2",6,1.158,5,0,5,"69e7bc846cba08f9ba801f73"
1171,15,"r1",3,1.153,5,1,3,"69e7bc846cba08f9ba801f73"
1172,15,"r2",6,0.779,5,0,5,"69e7bc846cba08f9ba801f73"
1173,15,"r2",8,0.61,5,0,5,"69e7bc846cba08f9ba801f73"
1174,15,"r2",4,0.653,5,0,5,"69e7bc846cba08f9ba801f73"
1175,15,"r1",2,1.037,5,1,2,"69e7bc846cba08f9ba801f73"
1176,15,"r2",4,1.772,5,0,5,"69e7bc846cba08f9ba801f73"
1177,15,"r1",2,0.815,5,1,2,"69e7bc846cba08f9ba801f73"
1178,16,"r1",4,2.453,5,1,4,"69e93862861d83c30bb6e586"
1179,16,"r1",4,2.324,5,1,4,"69e93862861d83c30bb6e586"
1180,16,"r1",2,2.407,5,1,2,"69e93862861d83c30bb6e586"
1181,16,"r1",8,1.581,5,1,8,"69e93862861d83c30bb6e586"
1182,16,"r1",4,3.157,5,1,4,"69e93862861d83c30bb6e586"
1183,16,"r2",8,2.846,5,0,5,"69e93862861d83c30bb6e586"
1184,16,"r2",8,2.484,5,0,5,"69e93862861d83c30bb6e586"
1185,16,"r1",2,2.302,5,1,2,"69e93862861d83c30bb6e586"
1186,16,"r1",6,2.781,5,1,6,"69e93862861d83c30bb6e586"
1187,16,"r2",6,3.232,5,0,5,"69e93862861d83c30bb6e586"
1188,16,"r1",2,2.746,5,1,2,"69e93862861d83c30bb6e586"
1189,16,"r2",6,2.441,5,0,5,"69e93862861d83c30bb6e586"
1190,16,"r1",3,1.858,5,1,3,"69e93862861d83c30bb6e586"
1191,16,"r2",7,2.225,5,0,5,"69e93862861d83c30bb6e586"
1192,16,"r2",7,1.843,5,0,5,"69e93862861d83c30bb6e586"
1193,16,"r1",4,1.8,5,1,4,"69e93862861d83c30bb6e586"
1194,16,"r1",8,1.415,5,1,8,"69e93862861d83c30bb6e586"
1195,16,"r2",8,1.989,5,0,5,"69e93862861d83c30bb6e586"
1196,16,"r1",3,1.375,5,1,3,"69e93862861d83c30bb6e586"
1197,16,"r1",6,1.535,5,1,6,"69e93862861d83c30bb6e586"
1198,16,"r1",4,2.074,5,1,4,"69e93862861d83c30bb6e586"
1199,16,"r1",3,1.704,5,1,3,"69e93862861d83c30bb6e586"
1200,16,"r1",6,2.554,5,1,6,"69e93862861d83c30bb6e586"
1201,16,"r1",3,2.705,5,1,3,"69e93862861d83c30bb6e586"
1202,16,"r2",8,1.844,5,0,5,"69e93862861d83c30bb6e586"
1203,16,"r2",7,2.285,5,0,5,"69e93862861d83c30bb6e586"
1204,16,"r1",2,2.419,5,1,2,"69e93862861d83c30bb6e586"
1205,16,"r1",6,2.84,5,1,6,"69e93862861d83c30bb6e586"
1206,16,"r1",2,2.242,5,1,2,"69e93862861d83c30bb6e586"
1207,16,"r2",7,1.853,5,0,5,"69e93862861d83c30bb6e586"
1208,16,"r1",4,1.634,5,1,4,"69e93862861d83c30bb6e586"
1209,16,"r1",2,0.811,5,1,2,"69e93862861d83c30bb6e586"
1210,16,"r2",3,2.286,5,0,5,"69e93862861d83c30bb6e586"
1211,16,"r1",2,1.55,5,1,2,"69e93862861d83c30bb6e586"
1212,16,"r2",6,2.13,5,0,5,"69e93862861d83c30bb6e586"
1213,16,"r1",3,2.052,5,1,3,"69e93862861d83c30bb6e586"
1214,16,"r2",7,1.987,5,0,5,"69e93862861d83c30bb6e586"
1215,16,"r1",7,3.483,5,1,7,"69e93862861d83c30bb6e586"
1216,16,"r2",6,1.625,5,0,5,"69e93862861d83c30bb6e586"
1217,16,"r2",8,2.036,5,0,5,"69e93862861d83c30bb6e586"
1218,16,"r2",6,2.889,5,0,5,"69e93862861d83c30bb6e586"
1219,16,"r2",7,1.531,5,0,5,"69e93862861d83c30bb6e586"
1220,16,"r1",4,1.489,5,1,4,"69e93862861d83c30bb6e586"
1221,16,"r2",4,2.694,5,0,5,"69e93862861d83c30bb6e586"
1222,16,"r1",3,1.639,5,1,3,"69e93862861d83c30bb6e586"
1223,16,"r2",8,2.854,5,0,5,"69e93862861d83c30bb6e586"
1224,16,"r1",2,1.556,5,1,2,"69e93862861d83c30bb6e586"
1225,16,"r2",8,1.453,5,0,5,"69e93862861d83c30bb6e586"
1226,16,"r1",4,2.871,5,1,4,"69e93862861d83c30bb6e586"
1227,16,"r1",2,1.927,5,1,2,"69e93862861d83c30bb6e586"
1228,16,"r1",2,1.659,5,1,2,"69e93862861d83c30bb6e586"
1229,16,"r2",7,1.713,5,0,5,"69e93862861d83c30bb6e586"
1230,16,"r2",3,2.567,5,0,5,"69e93862861d83c30bb6e586"
1231,16,"r1",7,3.522,5,1,7,"69e93862861d83c30bb6e586"
1232,16,"r2",3,3.155,5,0,5,"69e93862861d83c30bb6e586"
1233,16,"r1",6,1.936,5,1,6,"69e93862861d83c30bb6e586"
1234,16,"r2",8,1.735,5,0,5,"69e93862861d83c30bb6e586"
1235,16,"r2",4,2.955,5,0,5,"69e93862861d83c30bb6e586"
1236,16,"r2",8,1.32,5,0,5,"69e93862861d83c30bb6e586"
1237,16,"r2",6,1.789,5,0,5,"69e93862861d83c30bb6e586"
1238,16,"r1",4,2.422,5,1,4,"69e93862861d83c30bb6e586"
1239,16,"r1",4,1.057,5,1,4,"69e93862861d83c30bb6e586"
1240,16,"r2",8,1.878,5,0,5,"69e93862861d83c30bb6e586"
1241,16,"r2",6,1.725,5,0,5,"69e93862861d83c30bb6e586"
1242,16,"r1",3,1.758,5,1,3,"69e93862861d83c30bb6e586"
1243,16,"r2",7,2.248,5,0,5,"69e93862861d83c30bb6e586"
1244,16,"r2",3,1.401,5,0,5,"69e93862861d83c30bb6e586"
1245,16,"r2",8,0.859,5,0,5,"69e93862861d83c30bb6e586"
1246,16,"r2",8,0.619,5,0,5,"69e93862861d83c30bb6e586"
1247,16,"r1",4,1.421,5,1,4,"69e93862861d83c30bb6e586"
1248,16,"r1",2,1.154,5,1,2,"69e93862861d83c30bb6e586"
1249,16,"r1",2,1.584,5,1,2,"69e93862861d83c30bb6e586"
1250,16,"r2",7,1.421,5,0,5,"69e93862861d83c30bb6e586"
1251,16,"r1",4,1.652,5,1,4,"69e93862861d83c30bb6e586"
1252,16,"r2",8,1.923,5,0,5,"69e93862861d83c30bb6e586"
1253,16,"r1",7,1.143,5,1,7,"69e93862861d83c30bb6e586"
1254,16,"r1",2,1.914,5,1,2,"69e93862861d83c30bb6e586"
1255,16,"r1",6,1.862,5,1,6,"69e93862861d83c30bb6e586"
1256,16,"r1",3,1.637,5,1,3,"69e93862861d83c30bb6e586"
1257,16,"r2",6,2.499,5,0,5,"69e93862861d83c30bb6e586"
1258,16,"r2",6,1.42,5,0,5,"69e93862861d83c30bb6e586"
1259,16,"r1",4,1.983,5,1,4,"69e93862861d83c30bb6e586"
1260,16,"r1",7,1.35,5,1,7,"69e93862861d83c30bb6e586"
1261,16,"r2",2,2.078,5,0,5,"69e93862861d83c30bb6e586"
1262,16,"r2",4,2.155,5,0,5,"69e93862861d83c30bb6e586"
1263,16,"r1",3,1.713,5,1,3,"69e93862861d83c30bb6e586"
1264,16,"r1",3,1.831,5,1,3,"69e93862861d83c30bb6e586"
1265,16,"r1",3,2.096,5,1,3,"69e93862861d83c30bb6e586"
1266,16,"r1",7,2.431,5,1,7,"69e93862861d83c30bb6e586"
1267,16,"r2",6,1.296,5,0,5,"69e93862861d83c30bb6e586"
1268,16,"r1",6,1.873,5,1,6,"69e93862861d83c30bb6e586"
1269,16,"r2",7,1.617,5,0,5,"69e93862861d83c30bb6e586"
1270,16,"r1",2,1.316,5,1,2,"69e93862861d83c30bb6e586"
1271,16,"r2",8,1.548,5,0,5,"69e93862861d83c30bb6e586"
1272,16,"r2",7,2.152,5,0,5,"69e93862861d83c30bb6e586"
1273,16,"r2",4,2.059,5,0,5,"69e93862861d83c30bb6e586"
1274,16,"r2",8,1.597,5,0,5,"69e93862861d83c30bb6e586"
1275,16,"r1",2,1.582,5,1,2,"69e93862861d83c30bb6e586"
1276,16,"r2",8,0.897,5,0,5,"69e93862861d83c30bb6e586"
1277,16,"r1",4,1.435,5,1,4,"69e93862861d83c30bb6e586"
1278,16,"r2",6,3.052,5,0,5,"69e93862861d83c30bb6e586"
1279,16,"r1",2,2.607,5,1,2,"69e93862861d83c30bb6e586"
1280,16,"r1",4,1.539,5,1,4,"69e93862861d83c30bb6e586"
1281,16,"r1",3,1.613,5,1,3,"69e93862861d83c30bb6e586"
1282,16,"r1",2,1.964,5,1,2,"69e93862861d83c30bb6e586"
1283,16,"r2",7,1.741,5,0,5,"69e93862861d83c30bb6e586"
1284,16,"r2",8,0.912,5,0,5,"69e93862861d83c30bb6e586"
1285,16,"r1",6,3.176,5,1,6,"69e93862861d83c30bb6e586"
1286,16,"r1",3,1.898,5,1,3,"69e93862861d83c30bb6e586"
1287,16,"r1",2,1.899,5,1,2,"69e93862861d83c30bb6e586"
1288,16,"r2",7,2.201,5,0,5,"69e93862861d83c30bb6e586"
1289,16,"r2",8,0.9,5,0,5,"69e93862861d83c30bb6e586"
1290,16,"r2",7,1.433,5,0,5,"69e93862861d83c30bb6e586"
1291,16,"r1",4,1.393,5,1,4,"69e93862861d83c30bb6e586"
1292,16,"r2",6,2.021,5,0,5,"69e93862861d83c30bb6e586"
1293,16,"r1",3,1.066,5,1,3,"69e93862861d83c30bb6e586"
1294,16,"r1",4,1.235,5,1,4,"69e93862861d83c30bb6e586"
1295,16,"r2",8,1.234,5,0,5,"69e93862861d83c30bb6e586"
1296,16,"r1",3,1.434,5,1,3,"69e93862861d83c30bb6e586"
1297,16,"r1",2,1.172,5,1,2,"69e93862861d83c30bb6e586"
1298,16,"r1",2,2.75,5,1,2,"69e93862861d83c30bb6e586"
1299,16,"r1",3,1.748,5,1,3,"69e93862861d83c30bb6e586"
1300,16,"r2",8,0.729,5,0,5,"69e93862861d83c30bb6e586"
1301,16,"r1",2,0.926,5,1,2,"69e93862861d83c30bb6e586"
1302,16,"r1",4,1.844,5,1,4,"69e93862861d83c30bb6e586"
1303,16,"r2",4,1.389,5,0,5,"69e93862861d83c30bb6e586"
1304,16,"r2",6,2.454,5,0,5,"69e93862861d83c30bb6e586"
1305,16,"r2",7,1.877,5,0,5,"69e93862861d83c30bb6e586"
1306,16,"r2",6,1.682,5,0,5,"69e93862861d83c30bb6e586"
1307,16,"r2",7,1.698,5,0,5,"69e93862861d83c30bb6e586"
1308,16,"r2",6,1.361,5,0,5,"69e93862861d83c30bb6e586"
1309,16,"r2",4,1.38,5,0,5,"69e93862861d83c30bb6e586"
1310,16,"r1",3,1.604,5,1,3,"69e93862861d83c30bb6e586"
1311,16,"r2",7,1.094,5,0,5,"69e93862861d83c30bb6e586"
1312,17,"r1",6,1.622,5,1,6,"69ea501f7c2740d540da0443"
1313,17,"r1",2,1.433,5,1,2,"69ea501f7c2740d540da0443"
1314,17,"r2",3,1.327,5,0,5,"69ea501f7c2740d540da0443"
1315,17,"r1",4,1.355,5,1,4,"69ea501f7c2740d540da0443"
1316,17,"r1",4,1.282,5,1,4,"69ea501f7c2740d540da0443"
1317,17,"r1",6,2.443,5,1,6,"69ea501f7c2740d540da0443"
1318,17,"r1",4,1.131,5,1,4,"69ea501f7c2740d540da0443"
1319,17,"r2",7,1.294,5,0,5,"69ea501f7c2740d540da0443"
1320,17,"r1",3,1.383,5,1,3,"69ea501f7c2740d540da0443"
1321,17,"r2",7,0.623,5,0,5,"69ea501f7c2740d540da0443"
1322,17,"r2",6,1.151,5,0,5,"69ea501f7c2740d540da0443"
1323,17,"r1",3,0.806,5,1,3,"69ea501f7c2740d540da0443"
1324,17,"r2",8,0.859,5,0,5,"69ea501f7c2740d540da0443"
1325,17,"r1",2,1.065,5,1,2,"69ea501f7c2740d540da0443"
1326,17,"r2",8,2.058,5,0,5,"69ea501f7c2740d540da0443"
1327,17,"r2",7,1.025,5,0,5,"69ea501f7c2740d540da0443"
1328,17,"r1",2,1.032,5,1,2,"69ea501f7c2740d540da0443"
1329,17,"r1",4,1.051,5,1,4,"69ea501f7c2740d540da0443"
1330,17,"r2",8,1.2,5,0,5,"69ea501f7c2740d540da0443"
1331,17,"r1",6,1.236,5,1,6,"69ea501f7c2740d540da0443"
1332,17,"r2",4,1.188,5,0,5,"69ea501f7c2740d540da0443"
1333,17,"r1",7,1.428,5,1,7,"69ea501f7c2740d540da0443"
1334,17,"r1",6,1.925,5,1,6,"69ea501f7c2740d540da0443"
1335,17,"r2",7,1.1,5,0,5,"69ea501f7c2740d540da0443"
1336,17,"r2",8,1.03,5,0,5,"69ea501f7c2740d540da0443"
1337,17,"r2",2,0.693,5,0,5,"69ea501f7c2740d540da0443"
1338,17,"r1",3,1.217,5,1,3,"69ea501f7c2740d540da0443"
1339,17,"r2",4,1.816,5,0,5,"69ea501f7c2740d540da0443"
1340,17,"r2",8,1.062,5,0,5,"69ea501f7c2740d540da0443"
1341,17,"r1",3,1.343,5,1,3,"69ea501f7c2740d540da0443"
1342,17,"r1",2,1.212,5,1,2,"69ea501f7c2740d540da0443"
1343,17,"r2",6,1.079,5,0,5,"69ea501f7c2740d540da0443"
1344,17,"r1",2,1.893,5,1,2,"69ea501f7c2740d540da0443"
1345,17,"r2",7,0.835,5,0,5,"69ea501f7c2740d540da0443"
1346,17,"r1",3,0.752,5,1,3,"69ea501f7c2740d540da0443"
1347,17,"r2",4,2.36,5,0,5,"69ea501f7c2740d540da0443"
1348,17,"r2",6,0.813,5,0,5,"69ea501f7c2740d540da0443"
1349,17,"r2",4,1.11,5,0,5,"69ea501f7c2740d540da0443"
1350,17,"r1",4,1.14,5,1,4,"69ea501f7c2740d540da0443"
1351,17,"r1",3,1.907,5,1,3,"69ea501f7c2740d540da0443"
1352,17,"r1",3,1.358,5,1,3,"69ea501f7c2740d540da0443"
1353,17,"r1",2,1.373,5,1,2,"69ea501f7c2740d540da0443"
1354,17,"r2",6,0.731,5,0,5,"69ea501f7c2740d540da0443"
1355,17,"r2",7,1.054,5,0,5,"69ea501f7c2740d540da0443"
1356,17,"r2",6,1.39,5,0,5,"69ea501f7c2740d540da0443"
1357,17,"r1",3,1.096,5,1,3,"69ea501f7c2740d540da0443"
1358,17,"r2",2,1.252,5,0,5,"69ea501f7c2740d540da0443"
1359,17,"r2",8,1.157,5,0,5,"69ea501f7c2740d540da0443"
1360,17,"r2",7,0.94,5,0,5,"69ea501f7c2740d540da0443"
1361,17,"r2",7,2.036,5,0,5,"69ea501f7c2740d540da0443"
1362,17,"r2",8,2.154,5,0,5,"69ea501f7c2740d540da0443"
1363,17,"r2",8,1.178,5,0,5,"69ea501f7c2740d540da0443"
1364,17,"r1",4,1.179,5,1,4,"69ea501f7c2740d540da0443"
1365,17,"r2",7,1.02,5,0,5,"69ea501f7c2740d540da0443"
1366,17,"r1",8,0.995,5,1,8,"69ea501f7c2740d540da0443"
1367,17,"r2",8,0.597,5,0,5,"69ea501f7c2740d540da0443"
1368,17,"r2",8,1.077,5,0,5,"69ea501f7c2740d540da0443"
1369,17,"r2",4,1.68,5,0,5,"69ea501f7c2740d540da0443"
1370,17,"r2",6,1.695,5,0,5,"69ea501f7c2740d540da0443"
1371,17,"r1",6,1.36,5,1,6,"69ea501f7c2740d540da0443"
1372,17,"r2",2,1.513,5,0,5,"69ea501f7c2740d540da0443"
1373,17,"r2",6,1.096,5,0,5,"69ea501f7c2740d540da0443"
1374,17,"r1",3,2.254,5,1,3,"69ea501f7c2740d540da0443"
1375,17,"r1",3,1.423,5,1,3,"69ea501f7c2740d540da0443"
1376,17,"r2",7,1.111,5,0,5,"69ea501f7c2740d540da0443"
1377,17,"r1",3,0.974,5,1,3,"69ea501f7c2740d540da0443"
1378,17,"r1",2,0.967,5,1,2,"69ea501f7c2740d540da0443"
1379,17,"r2",7,0.765,5,0,5,"69ea501f7c2740d540da0443"
1380,17,"r1",4,1.026,5,1,4,"69ea501f7c2740d540da0443"
1381,17,"r2",4,1.334,5,0,5,"69ea501f7c2740d540da0443"
1382,17,"r2",8,0.852,5,0,5,"69ea501f7c2740d540da0443"
1383,17,"r1",7,1.233,5,1,7,"69ea501f7c2740d540da0443"
1384,17,"r1",6,1.353,5,1,6,"69ea501f7c2740d540da0443"
1385,17,"r2",6,0.897,5,0,5,"69ea501f7c2740d540da0443"
1386,17,"r2",3,1.777,5,0,5,"69ea501f7c2740d540da0443"
1387,17,"r2",6,2.146,5,0,5,"69ea501f7c2740d540da0443"
1388,17,"r1",2,1.852,5,1,2,"69ea501f7c2740d540da0443"
1389,17,"r1",2,1.548,5,1,2,"69ea501f7c2740d540da0443"
1390,17,"r1",4,1.572,5,1,4,"69ea501f7c2740d540da0443"
1391,17,"r2",7,1.384,5,0,5,"69ea501f7c2740d540da0443"
1392,17,"r1",4,1.339,5,1,4,"69ea501f7c2740d540da0443"
1393,17,"r2",7,1.086,5,0,5,"69ea501f7c2740d540da0443"
1394,17,"r1",2,1.621,5,1,2,"69ea501f7c2740d540da0443"
1395,17,"r1",3,2.358,5,1,3,"69ea501f7c2740d540da0443"
1396,17,"r2",8,1.86,5,0,5,"69ea501f7c2740d540da0443"
1397,17,"r2",8,1.619,5,0,5,"69ea501f7c2740d540da0443"
1398,17,"r2",2,2.68,5,0,5,"69ea501f7c2740d540da0443"
1399,17,"r1",3,0.799,5,1,3,"69ea501f7c2740d540da0443"
1400,17,"r1",7,1.059,5,1,7,"69ea501f7c2740d540da0443"
1401,17,"r2",3,1.528,5,0,5,"69ea501f7c2740d540da0443"
1402,17,"r2",7,1.553,5,0,5,"69ea501f7c2740d540da0443"
1403,17,"r2",8,1.597,5,0,5,"69ea501f7c2740d540da0443"
1404,17,"r2",4,1.4,5,0,5,"69ea501f7c2740d540da0443"
1405,17,"r2",6,1.309,5,0,5,"69ea501f7c2740d540da0443"
1406,17,"r1",2,1.582,5,1,2,"69ea501f7c2740d540da0443"
1407,17,"r2",6,1.733,5,0,5,"69ea501f7c2740d540da0443"
1408,17,"r2",8,1.622,5,0,5,"69ea501f7c2740d540da0443"
1409,17,"r2",2,2.229,5,0,5,"69ea501f7c2740d540da0443"
1410,17,"r2",8,2.063,5,0,5,"69ea501f7c2740d540da0443"
1411,17,"r1",4,1.849,5,1,4,"69ea501f7c2740d540da0443"
1412,17,"r2",3,1.479,5,0,5,"69ea501f7c2740d540da0443"
1413,17,"r1",4,1.71,5,1,4,"69ea501f7c2740d540da0443"
1414,17,"r2",7,1.515,5,0,5,"69ea501f7c2740d540da0443"
1415,17,"r1",4,1.527,5,1,4,"69ea501f7c2740d540da0443"
1416,17,"r2",8,1.747,5,0,5,"69ea501f7c2740d540da0443"
1417,17,"r1",4,1.864,5,1,4,"69ea501f7c2740d540da0443"
1418,17,"r1",2,1.694,5,1,2,"69ea501f7c2740d540da0443"
1419,17,"r2",7,1.703,5,0,5,"69ea501f7c2740d540da0443"
1420,17,"r2",6,2.063,5,0,5,"69ea501f7c2740d540da0443"
1421,17,"r1",2,1.559,5,1,2,"69ea501f7c2740d540da0443"
1422,17,"r2",8,1.716,5,0,5,"69ea501f7c2740d540da0443"
1423,17,"r2",6,1.479,5,0,5,"69ea501f7c2740d540da0443"
1424,17,"r2",6,1.877,5,0,5,"69ea501f7c2740d540da0443"
1425,17,"r2",4,2.109,5,0,5,"69ea501f7c2740d540da0443"
1426,17,"r1",2,1.526,5,1,2,"69ea501f7c2740d540da0443"
1427,17,"r1",3,1.614,5,1,3,"69ea501f7c2740d540da0443"
1428,17,"r2",7,1.47,5,0,5,"69ea501f7c2740d540da0443"
1429,17,"r2",6,1.264,5,0,5,"69ea501f7c2740d540da0443"
1430,17,"r1",2,0.935,5,1,2,"69ea501f7c2740d540da0443"
1431,17,"r2",7,0.771,5,0,5,"69ea501f7c2740d540da0443"
1432,17,"r1",4,0.92,5,1,4,"69ea501f7c2740d540da0443"
1433,17,"r2",8,1.015,5,0,5,"69ea501f7c2740d540da0443"
1434,17,"r2",6,2.12,5,0,5,"69ea501f7c2740d540da0443"
1435,17,"r1",6,1.384,5,1,6,"69ea501f7c2740d540da0443"
1436,17,"r1",2,1.081,5,1,2,"69ea501f7c2740d540da0443"
1437,17,"r2",4,0.891,5,0,5,"69ea501f7c2740d540da0443"
1438,17,"r1",3,1.146,5,1,3,"69ea501f7c2740d540da0443"
1439,17,"r2",8,1.204,5,0,5,"69ea501f7c2740d540da0443"
1440,17,"r2",7,1.092,5,0,5,"69ea501f7c2740d540da0443"
1441,17,"r1",4,1.643,5,1,4,"69ea501f7c2740d540da0443"
1442,17,"r1",3,1.766,5,1,3,"69ea501f7c2740d540da0443"
1443,17,"r1",3,1.987,5,1,3,"69ea501f7c2740d540da0443"
1444,17,"r2",7,1.974,5,0,5,"69ea501f7c2740d540da0443"
1445,17,"r1",2,1.013,5,1,2,"69ea501f7c2740d540da0443"
1446,18,"r2",7,1.341,5,0,5,"69ea7eb1026754c383c71dcb"
1447,18,"r2",7,1.046,5,0,5,"69ea7eb1026754c383c71dcb"
1448,18,"r1",6,1.534,5,1,6,"69ea7eb1026754c383c71dcb"
1449,18,"r1",4,1.39,5,1,4,"69ea7eb1026754c383c71dcb"
1450,18,"r1",6,1.988,5,1,6,"69ea7eb1026754c383c71dcb"
1451,18,"r1",6,1.24,5,1,6,"69ea7eb1026754c383c71dcb"
1452,18,"r2",3,1.242,5,0,5,"69ea7eb1026754c383c71dcb"
1453,18,"r1",8,0.795,5,1,8,"69ea7eb1026754c383c71dcb"
1454,18,"r1",4,1.39,5,1,4,"69ea7eb1026754c383c71dcb"
1455,18,"r1",2,1.283,5,1,2,"69ea7eb1026754c383c71dcb"
1456,18,"r1",2,1.597,5,1,2,"69ea7eb1026754c383c71dcb"
1457,18,"r1",2,1.439,5,1,2,"69ea7eb1026754c383c71dcb"
1458,18,"r1",3,1.28,5,1,3,"69ea7eb1026754c383c71dcb"
1459,18,"r1",3,1.014,5,1,3,"69ea7eb1026754c383c71dcb"
1460,18,"r1",4,1.055,5,1,4,"69ea7eb1026754c383c71dcb"
1461,18,"r2",7,0.924,5,0,5,"69ea7eb1026754c383c71dcb"
1462,18,"r2",8,1.009,5,0,5,"69ea7eb1026754c383c71dcb"
1463,18,"r1",4,1.84,5,1,4,"69ea7eb1026754c383c71dcb"
1464,18,"r1",3,1.311,5,1,3,"69ea7eb1026754c383c71dcb"
1465,18,"r2",2,0.581,5,0,5,"69ea7eb1026754c383c71dcb"
1466,18,"r2",7,1.035,5,0,5,"69ea7eb1026754c383c71dcb"
1467,18,"r2",7,1.503,5,0,5,"69ea7eb1026754c383c71dcb"
1468,18,"r1",3,1.227,5,1,3,"69ea7eb1026754c383c71dcb"
1469,18,"r1",8,0.995,5,1,8,"69ea7eb1026754c383c71dcb"
1470,18,"r2",8,0.641,5,0,5,"69ea7eb1026754c383c71dcb"
1471,18,"r1",2,1.151,5,1,2,"69ea7eb1026754c383c71dcb"
1472,18,"r1",3,1.024,5,1,3,"69ea7eb1026754c383c71dcb"
1473,18,"r1",6,1.121,5,1,6,"69ea7eb1026754c383c71dcb"
1474,18,"r2",8,0.969,5,0,5,"69ea7eb1026754c383c71dcb"
1475,18,"r2",6,1.633,5,0,5,"69ea7eb1026754c383c71dcb"
1476,18,"r1",6,1.174,5,1,6,"69ea7eb1026754c383c71dcb"
1477,18,"r1",4,1.355,5,1,4,"69ea7eb1026754c383c71dcb"
1478,18,"r2",7,0.765,5,0,5,"69ea7eb1026754c383c71dcb"
1479,18,"r1",2,0.985,5,1,2,"69ea7eb1026754c383c71dcb"
1480,18,"r2",4,0.76,5,0,5,"69ea7eb1026754c383c71dcb"
1481,18,"r2",2,1.759,5,0,5,"69ea7eb1026754c383c71dcb"
1482,18,"r1",2,0.738,5,1,2,"69ea7eb1026754c383c71dcb"
1483,18,"r2",8,1.363,5,0,5,"69ea7eb1026754c383c71dcb"
1484,18,"r2",6,1.082,5,0,5,"69ea7eb1026754c383c71dcb"
1485,18,"r2",8,0.774,5,0,5,"69ea7eb1026754c383c71dcb"
1486,18,"r1",3,0.836,5,1,3,"69ea7eb1026754c383c71dcb"
1487,18,"r2",3,0.93,5,0,5,"69ea7eb1026754c383c71dcb"
1488,18,"r2",7,0.973,5,0,5,"69ea7eb1026754c383c71dcb"
1489,18,"r1",4,0.935,5,1,4,"69ea7eb1026754c383c71dcb"
1490,18,"r2",7,0.72,5,0,5,"69ea7eb1026754c383c71dcb"
1491,18,"r2",6,1.117,5,0,5,"69ea7eb1026754c383c71dcb"
1492,18,"r1",4,0.739,5,1,4,"69ea7eb1026754c383c71dcb"
1493,18,"r1",4,1.321,5,1,4,"69ea7eb1026754c383c71dcb"
1494,18,"r2",8,1.198,5,0,5,"69ea7eb1026754c383c71dcb"
1495,18,"r1",3,0.883,5,1,3,"69ea7eb1026754c383c71dcb"
1496,18,"r2",7,0.988,5,0,5,"69ea7eb1026754c383c71dcb"
1497,18,"r1",4,1.157,5,1,4,"69ea7eb1026754c383c71dcb"
1498,18,"r1",3,1.155,5,1,3,"69ea7eb1026754c383c71dcb"
1499,18,"r2",8,0.697,5,0,5,"69ea7eb1026754c383c71dcb"
1500,18,"r1",2,1.107,5,1,2,"69ea7eb1026754c383c71dcb"
1501,18,"r2",7,1.128,5,0,5,"69ea7eb1026754c383c71dcb"
1502,18,"r2",6,1.399,5,0,5,"69ea7eb1026754c383c71dcb"
1503,18,"r2",7,1.394,5,0,5,"69ea7eb1026754c383c71dcb"
1504,18,"r2",4,1.842,5,0,5,"69ea7eb1026754c383c71dcb"
1505,18,"r1",4,1.333,5,1,4,"69ea7eb1026754c383c71dcb"
1506,18,"r2",6,0.656,5,0,5,"69ea7eb1026754c383c71dcb"
1507,18,"r2",8,0.745,5,0,5,"69ea7eb1026754c383c71dcb"
1508,18,"r2",7,0.843,5,0,5,"69ea7eb1026754c383c71dcb"
1509,18,"r2",3,1.335,5,0,5,"69ea7eb1026754c383c71dcb"
1510,18,"r1",2,1,5,1,2,"69ea7eb1026754c383c71dcb"
1511,18,"r1",4,1.48,5,1,4,"69ea7eb1026754c383c71dcb"
1512,18,"r2",8,0.959,5,0,5,"69ea7eb1026754c383c71dcb"
1513,18,"r2",6,1.131,5,0,5,"69ea7eb1026754c383c71dcb"
1514,18,"r1",7,1.806,5,1,7,"69ea7eb1026754c383c71dcb"
1515,18,"r1",6,1.149,5,1,6,"69ea7eb1026754c383c71dcb"
1516,18,"r2",7,1.31,5,0,5,"69ea7eb1026754c383c71dcb"
1517,18,"r2",6,0.827,5,0,5,"69ea7eb1026754c383c71dcb"
1518,18,"r1",4,1.06,5,1,4,"69ea7eb1026754c383c71dcb"
1519,18,"r2",4,1.267,5,0,5,"69ea7eb1026754c383c71dcb"
1520,18,"r2",2,1.15,5,0,5,"69ea7eb1026754c383c71dcb"
1521,18,"r2",8,0.951,5,0,5,"69ea7eb1026754c383c71dcb"
1522,18,"r2",2,1.324,5,0,5,"69ea7eb1026754c383c71dcb"
1523,18,"r1",3,1.339,5,1,3,"69ea7eb1026754c383c71dcb"
1524,18,"r2",7,0.856,5,0,5,"69ea7eb1026754c383c71dcb"
1525,18,"r1",3,1.204,5,1,3,"69ea7eb1026754c383c71dcb"
1526,18,"r1",2,1.288,5,1,2,"69ea7eb1026754c383c71dcb"
1527,18,"r2",8,1.006,5,0,5,"69ea7eb1026754c383c71dcb"
1528,18,"r1",6,1.139,5,1,6,"69ea7eb1026754c383c71dcb"
1529,18,"r2",8,0.706,5,0,5,"69ea7eb1026754c383c71dcb"
1530,18,"r2",7,0.797,5,0,5,"69ea7eb1026754c383c71dcb"
1531,18,"r1",2,1.407,5,1,2,"69ea7eb1026754c383c71dcb"
1532,18,"r2",8,1.281,5,0,5,"69ea7eb1026754c383c71dcb"
1533,18,"r1",2,1.007,5,1,2,"69ea7eb1026754c383c71dcb"
1534,18,"r2",2,1.404,5,0,5,"69ea7eb1026754c383c71dcb"
1535,18,"r1",4,0.907,5,1,4,"69ea7eb1026754c383c71dcb"
1536,18,"r1",4,1.423,5,1,4,"69ea7eb1026754c383c71dcb"
1537,18,"r1",3,0.926,5,1,3,"69ea7eb1026754c383c71dcb"
1538,18,"r1",4,0.738,5,1,4,"69ea7eb1026754c383c71dcb"
1539,18,"r2",8,1.697,5,0,5,"69ea7eb1026754c383c71dcb"
1540,18,"r2",6,1.64,5,0,5,"69ea7eb1026754c383c71dcb"
1541,18,"r2",7,1.179,5,0,5,"69ea7eb1026754c383c71dcb"
1542,18,"r1",3,1.492,5,1,3,"69ea7eb1026754c383c71dcb"
1543,18,"r1",3,0.895,5,1,3,"69ea7eb1026754c383c71dcb"
1544,18,"r2",8,1.06,5,0,5,"69ea7eb1026754c383c71dcb"
1545,18,"r1",4,1.403,5,1,4,"69ea7eb1026754c383c71dcb"
1546,18,"r2",7,1.15,5,0,5,"69ea7eb1026754c383c71dcb"
1547,18,"r2",8,0.882,5,0,5,"69ea7eb1026754c383c71dcb"
1548,18,"r2",6,0.656,5,0,5,"69ea7eb1026754c383c71dcb"
1549,18,"r1",3,1,5,1,3,"69ea7eb1026754c383c71dcb"
1550,18,"r1",3,0.742,5,1,3,"69ea7eb1026754c383c71dcb"
1551,18,"r2",7,0.893,5,0,5,"69ea7eb1026754c383c71dcb"
1552,18,"r2",6,0.692,5,0,5,"69ea7eb1026754c383c71dcb"
1553,18,"r1",3,1.421,5,1,3,"69ea7eb1026754c383c71dcb"
1554,18,"r1",4,1.19,5,1,4,"69ea7eb1026754c383c71dcb"
1555,18,"r1",2,1.13,5,1,2,"69ea7eb1026754c383c71dcb"
1556,18,"r1",4,1.408,5,1,4,"69ea7eb1026754c383c71dcb"
1557,18,"r1",6,1.157,5,1,6,"69ea7eb1026754c383c71dcb"
1558,18,"r2",7,0.944,5,0,5,"69ea7eb1026754c383c71dcb"
1559,18,"r1",2,1.204,5,1,2,"69ea7eb1026754c383c71dcb"
1560,18,"r1",2,1.663,5,1,2,"69ea7eb1026754c383c71dcb"
1561,18,"r1",3,1.888,5,1,3,"69ea7eb1026754c383c71dcb"
1562,18,"r2",6,1.118,5,0,5,"69ea7eb1026754c383c71dcb"
1563,18,"r1",3,1.11,5,1,3,"69ea7eb1026754c383c71dcb"
1564,18,"r2",4,1.31,5,0,5,"69ea7eb1026754c383c71dcb"
1565,18,"r1",2,1.038,5,1,2,"69ea7eb1026754c383c71dcb"
1566,18,"r1",2,0.602,5,1,2,"69ea7eb1026754c383c71dcb"
1567,18,"r2",6,1.9,5,0,5,"69ea7eb1026754c383c71dcb"
1568,18,"r1",2,1.438,5,1,2,"69ea7eb1026754c383c71dcb"
1569,18,"r2",7,1.135,5,0,5,"69ea7eb1026754c383c71dcb"
1570,18,"r2",8,0.68,5,0,5,"69ea7eb1026754c383c71dcb"
1571,18,"r2",7,1.15,5,0,5,"69ea7eb1026754c383c71dcb"
1572,18,"r1",4,0.618,5,1,4,"69ea7eb1026754c383c71dcb"
1573,18,"r2",7,0.998,5,0,5,"69ea7eb1026754c383c71dcb"
1574,18,"r2",8,1.025,5,0,5,"69ea7eb1026754c383c71dcb"
1575,18,"r2",4,1.039,5,0,5,"69ea7eb1026754c383c71dcb"
1576,18,"r1",3,1.515,5,1,3,"69ea7eb1026754c383c71dcb"
1577,19,"r1",2,1.528,5,1,2,"69eb800832758d43f529f9af"
1578,19,"r2",6,2.223,5,0,5,"69eb800832758d43f529f9af"
1579,19,"r2",6,2.58,5,0,5,"69eb800832758d43f529f9af"
1580,19,"r1",2,1.289,5,1,2,"69eb800832758d43f529f9af"
1581,19,"r1",4,2.405,5,1,4,"69eb800832758d43f529f9af"
1582,19,"r1",3,1.337,5,1,3,"69eb800832758d43f529f9af"
1583,19,"r2",7,1.414,5,0,5,"69eb800832758d43f529f9af"
1584,19,"r2",7,1.803,5,0,5,"69eb800832758d43f529f9af"
1585,19,"r2",8,2.052,5,0,5,"69eb800832758d43f529f9af"
1586,19,"r1",4,1.552,5,1,4,"69eb800832758d43f529f9af"
1587,19,"r2",8,1.629,5,0,5,"69eb800832758d43f529f9af"
1588,19,"r1",2,1.462,5,1,2,"69eb800832758d43f529f9af"
1589,19,"r1",7,2.012,5,1,7,"69eb800832758d43f529f9af"
1590,19,"r1",3,1.555,5,1,3,"69eb800832758d43f529f9af"
1591,19,"r1",2,1.321,5,1,2,"69eb800832758d43f529f9af"
1592,19,"r1",2,1.949,5,1,2,"69eb800832758d43f529f9af"
1593,19,"r1",3,1.913,5,1,3,"69eb800832758d43f529f9af"
1594,19,"r1",2,1.658,5,1,2,"69eb800832758d43f529f9af"
1595,19,"r1",4,1.824,5,1,4,"69eb800832758d43f529f9af"
1596,19,"r1",4,1.788,5,1,4,"69eb800832758d43f529f9af"
1597,19,"r2",8,1.177,5,0,5,"69eb800832758d43f529f9af"
1598,19,"r1",7,1.616,5,1,7,"69eb800832758d43f529f9af"
1599,19,"r2",3,0.893,5,0,5,"69eb800832758d43f529f9af"
1600,19,"r2",6,1.297,5,0,5,"69eb800832758d43f529f9af"
1601,19,"r1",3,1.845,5,1,3,"69eb800832758d43f529f9af"
1602,19,"r2",6,2.157,5,0,5,"69eb800832758d43f529f9af"
1603,19,"r1",4,1.621,5,1,4,"69eb800832758d43f529f9af"
1604,19,"r2",7,1.409,5,0,5,"69eb800832758d43f529f9af"
1605,19,"r2",8,1.489,5,0,5,"69eb800832758d43f529f9af"
1606,19,"r2",8,1.475,5,0,5,"69eb800832758d43f529f9af"
1607,19,"r2",4,1.018,5,0,5,"69eb800832758d43f529f9af"
1608,19,"r2",8,1.557,5,0,5,"69eb800832758d43f529f9af"
1609,19,"r2",7,1.336,5,0,5,"69eb800832758d43f529f9af"
1610,19,"r1",3,1.133,5,1,3,"69eb800832758d43f529f9af"
1611,19,"r1",4,0.932,5,1,4,"69eb800832758d43f529f9af"
1612,19,"r2",7,1.171,5,0,5,"69eb800832758d43f529f9af"
1613,19,"r1",4,1.221,5,1,4,"69eb800832758d43f529f9af"
1614,19,"r2",8,0.867,5,0,5,"69eb800832758d43f529f9af"
1615,19,"r1",3,1.048,5,1,3,"69eb800832758d43f529f9af"
1616,19,"r1",3,1.559,5,1,3,"69eb800832758d43f529f9af"
1617,19,"r2",7,1.681,5,0,5,"69eb800832758d43f529f9af"
1618,19,"r1",6,1.236,5,1,6,"69eb800832758d43f529f9af"
1619,19,"r2",6,0.847,5,0,5,"69eb800832758d43f529f9af"
1620,19,"r1",2,0.912,5,1,2,"69eb800832758d43f529f9af"
1621,19,"r2",6,0.654,5,0,5,"69eb800832758d43f529f9af"
1622,19,"r2",2,0.827,5,0,5,"69eb800832758d43f529f9af"
1623,19,"r2",6,0.963,5,0,5,"69eb800832758d43f529f9af"
1624,19,"r1",3,1.451,5,1,3,"69eb800832758d43f529f9af"
1625,19,"r2",6,1.384,5,0,5,"69eb800832758d43f529f9af"
1626,19,"r2",7,1.408,5,0,5,"69eb800832758d43f529f9af"
1627,19,"r2",4,1.745,5,0,5,"69eb800832758d43f529f9af"
1628,19,"r1",2,1.198,5,1,2,"69eb800832758d43f529f9af"
1629,19,"r2",8,0.708,5,0,5,"69eb800832758d43f529f9af"
1630,19,"r1",4,1.003,5,1,4,"69eb800832758d43f529f9af"
1631,19,"r2",7,0.795,5,0,5,"69eb800832758d43f529f9af"
1632,19,"r2",6,1.289,5,0,5,"69eb800832758d43f529f9af"
1633,19,"r2",3,0.981,5,0,5,"69eb800832758d43f529f9af"
1634,19,"r2",8,0.742,5,0,5,"69eb800832758d43f529f9af"
1635,19,"r1",4,0.786,5,1,4,"69eb800832758d43f529f9af"
1636,19,"r1",3,1.573,5,1,3,"69eb800832758d43f529f9af"
1637,19,"r2",8,1.289,5,0,5,"69eb800832758d43f529f9af"
1638,19,"r2",7,1.182,5,0,5,"69eb800832758d43f529f9af"
1639,19,"r1",4,1.088,5,1,4,"69eb800832758d43f529f9af"
1640,19,"r1",2,1.209,5,1,2,"69eb800832758d43f529f9af"
1641,19,"r1",2,1.004,5,1,2,"69eb800832758d43f529f9af"
1642,19,"r2",6,1.286,5,0,5,"69eb800832758d43f529f9af"
1643,19,"r2",8,1.668,5,0,5,"69eb800832758d43f529f9af"
1644,19,"r2",7,1.524,5,0,5,"69eb800832758d43f529f9af"
1645,19,"r1",2,1.159,5,1,2,"69eb800832758d43f529f9af"
1646,19,"r2",4,1.355,5,0,5,"69eb800832758d43f529f9af"
1647,19,"r1",7,1.648,5,1,7,"69eb800832758d43f529f9af"
1648,19,"r2",6,1.479,5,0,5,"69eb800832758d43f529f9af"
1649,19,"r1",3,1.273,5,1,3,"69eb800832758d43f529f9af"
1650,19,"r2",3,0.804,5,0,5,"69eb800832758d43f529f9af"
1651,19,"r2",7,1.529,5,0,5,"69eb800832758d43f529f9af"
1652,19,"r1",4,1.249,5,1,4,"69eb800832758d43f529f9af"
1653,19,"r2",8,1.463,5,0,5,"69eb800832758d43f529f9af"
1654,19,"r2",6,1.232,5,0,5,"69eb800832758d43f529f9af"
1655,19,"r2",8,1.19,5,0,5,"69eb800832758d43f529f9af"
1656,19,"r1",2,1.329,5,1,2,"69eb800832758d43f529f9af"
1657,19,"r2",6,1.241,5,0,5,"69eb800832758d43f529f9af"
1658,19,"r2",7,1.927,5,0,5,"69eb800832758d43f529f9af"
1659,19,"r2",6,1.316,5,0,5,"69eb800832758d43f529f9af"
1660,19,"r2",3,0.745,5,0,5,"69eb800832758d43f529f9af"
1661,19,"r1",4,1.53,5,1,4,"69eb800832758d43f529f9af"
1662,19,"r1",3,1.155,5,1,3,"69eb800832758d43f529f9af"
1663,19,"r2",8,0.957,5,0,5,"69eb800832758d43f529f9af"
1664,19,"r2",8,0.545,5,0,5,"69eb800832758d43f529f9af"
1665,19,"r2",7,0.558,5,0,5,"69eb800832758d43f529f9af"
1666,19,"r1",4,2.528,5,1,4,"69eb800832758d43f529f9af"
1667,19,"r2",2,1.228,5,0,5,"69eb800832758d43f529f9af"
1668,19,"r2",8,1.076,5,0,5,"69eb800832758d43f529f9af"
1669,19,"r1",4,1.752,5,1,4,"69eb800832758d43f529f9af"
1670,19,"r1",2,1.321,5,1,2,"69eb800832758d43f529f9af"
1671,19,"r1",3,0.789,5,1,3,"69eb800832758d43f529f9af"
1672,19,"r2",8,1.385,5,0,5,"69eb800832758d43f529f9af"
1673,19,"r2",6,1.772,5,0,5,"69eb800832758d43f529f9af"
1674,19,"r2",6,1.303,5,0,5,"69eb800832758d43f529f9af"
1675,19,"r1",2,1.386,5,1,2,"69eb800832758d43f529f9af"
1676,19,"r2",7,1.015,5,0,5,"69eb800832758d43f529f9af"
1677,19,"r1",2,0.723,5,1,2,"69eb800832758d43f529f9af"
1678,19,"r2",4,0.851,5,0,5,"69eb800832758d43f529f9af"
1679,19,"r2",7,1.057,5,0,5,"69eb800832758d43f529f9af"
1680,19,"r1",2,1.57,5,1,2,"69eb800832758d43f529f9af"
1681,19,"r1",4,1.007,5,1,4,"69eb800832758d43f529f9af"
1682,19,"r2",6,1.092,5,0,5,"69eb800832758d43f529f9af"
1683,19,"r2",7,1.309,5,0,5,"69eb800832758d43f529f9af"
1684,19,"r1",4,1.577,5,1,4,"69eb800832758d43f529f9af"
1685,19,"r1",3,1.2,5,1,3,"69eb800832758d43f529f9af"
1686,19,"r1",3,1.892,5,1,3,"69eb800832758d43f529f9af"
1687,19,"r2",8,0.58,5,0,5,"69eb800832758d43f529f9af"
1688,19,"r2",3,0.769,5,0,5,"69eb800832758d43f529f9af"
1689,19,"r1",4,1.839,5,1,4,"69eb800832758d43f529f9af"
1690,19,"r2",6,1.91,5,0,5,"69eb800832758d43f529f9af"
1691,19,"r1",4,1.392,5,1,4,"69eb800832758d43f529f9af"
1692,19,"r1",4,1.954,5,1,4,"69eb800832758d43f529f9af"
1693,19,"r2",2,0.759,5,0,5,"69eb800832758d43f529f9af"
1694,19,"r2",8,1.883,5,0,5,"69eb800832758d43f529f9af"
1695,19,"r2",3,1.41,5,0,5,"69eb800832758d43f529f9af"
1696,19,"r1",3,2.003,5,1,3,"69eb800832758d43f529f9af"
1697,19,"r2",7,1.347,5,0,5,"69eb800832758d43f529f9af"
1698,19,"r2",6,0.907,5,0,5,"69eb800832758d43f529f9af"
1699,19,"r1",2,1.124,5,1,2,"69eb800832758d43f529f9af"
1700,19,"r2",7,1.873,5,0,5,"69eb800832758d43f529f9af"
1701,19,"r2",8,0.558,5,0,5,"69eb800832758d43f529f9af"
1702,19,"r1",2,1.349,5,1,2,"69eb800832758d43f529f9af"
1703,19,"r2",6,1.193,5,0,5,"69eb800832758d43f529f9af"
1704,19,"r1",3,1.713,5,1,3,"69eb800832758d43f529f9af"
1705,20,"r2",7,1.116,5,0,5,"69ee792c66e99d9dc5c7793f"
1706,20,"r1",3,0.699,5,1,3,"69ee792c66e99d9dc5c7793f"
1707,20,"r1",4,0.738,5,1,4,"69ee792c66e99d9dc5c7793f"
1708,20,"r1",3,0.882,5,1,3,"69ee792c66e99d9dc5c7793f"
1709,20,"r2",6,1.086,5,0,5,"69ee792c66e99d9dc5c7793f"
1710,20,"r1",7,1.159,5,1,7,"69ee792c66e99d9dc5c7793f"
1711,20,"r1",2,1.067,5,1,2,"69ee792c66e99d9dc5c7793f"
1712,20,"r2",8,1.329,5,0,5,"69ee792c66e99d9dc5c7793f"
1713,20,"r1",2,1.608,5,1,2,"69ee792c66e99d9dc5c7793f"
1714,20,"r2",8,1.915,5,0,5,"69ee792c66e99d9dc5c7793f"
1715,20,"r1",2,1.087,5,1,2,"69ee792c66e99d9dc5c7793f"
1716,20,"r2",6,0.714,5,0,5,"69ee792c66e99d9dc5c7793f"
1717,20,"r2",7,1.746,5,0,5,"69ee792c66e99d9dc5c7793f"
1718,20,"r1",4,0.874,5,1,4,"69ee792c66e99d9dc5c7793f"
1719,20,"r2",3,1.375,5,0,5,"69ee792c66e99d9dc5c7793f"
1720,20,"r2",8,1.417,5,0,5,"69ee792c66e99d9dc5c7793f"
1721,20,"r2",6,1.866,5,0,5,"69ee792c66e99d9dc5c7793f"
1722,20,"r2",8,1.373,5,0,5,"69ee792c66e99d9dc5c7793f"
1723,20,"r1",2,0.692,5,1,2,"69ee792c66e99d9dc5c7793f"
1724,20,"r1",3,0.692,5,1,3,"69ee792c66e99d9dc5c7793f"
1725,20,"r2",8,0.846,5,0,5,"69ee792c66e99d9dc5c7793f"
1726,20,"r1",4,0.848,5,1,4,"69ee792c66e99d9dc5c7793f"
1727,20,"r1",7,0.697,5,1,7,"69ee792c66e99d9dc5c7793f"
1728,20,"r1",4,1.179,5,1,4,"69ee792c66e99d9dc5c7793f"
1729,20,"r1",2,0.774,5,1,2,"69ee792c66e99d9dc5c7793f"
1730,20,"r2",3,0.953,5,0,5,"69ee792c66e99d9dc5c7793f"
1731,20,"r1",7,0.636,5,1,7,"69ee792c66e99d9dc5c7793f"
1732,20,"r1",4,0.649,5,1,4,"69ee792c66e99d9dc5c7793f"
1733,20,"r2",7,0.737,5,0,5,"69ee792c66e99d9dc5c7793f"
1734,20,"r2",3,0.859,5,0,5,"69ee792c66e99d9dc5c7793f"
1735,20,"r1",6,0.711,5,1,6,"69ee792c66e99d9dc5c7793f"
1736,20,"r1",6,0.932,5,1,6,"69ee792c66e99d9dc5c7793f"
1737,20,"r1",6,0.765,5,1,6,"69ee792c66e99d9dc5c7793f"
1738,20,"r2",8,0.965,5,0,5,"69ee792c66e99d9dc5c7793f"
1739,20,"r1",2,0.982,5,1,2,"69ee792c66e99d9dc5c7793f"
1740,20,"r1",3,0.991,5,1,3,"69ee792c66e99d9dc5c7793f"
1741,20,"r1",4,1.419,5,1,4,"69ee792c66e99d9dc5c7793f"
1742,20,"r2",7,2.261,5,0,5,"69ee792c66e99d9dc5c7793f"
1743,20,"r2",6,0.819,5,0,5,"69ee792c66e99d9dc5c7793f"
1744,20,"r2",8,1.236,5,0,5,"69ee792c66e99d9dc5c7793f"
1745,20,"r2",2,0.745,5,0,5,"69ee792c66e99d9dc5c7793f"
1746,20,"r1",4,0.831,5,1,4,"69ee792c66e99d9dc5c7793f"
1747,20,"r2",4,0.738,5,0,5,"69ee792c66e99d9dc5c7793f"
1748,20,"r2",6,1.396,5,0,5,"69ee792c66e99d9dc5c7793f"
1749,20,"r2",8,0.999,5,0,5,"69ee792c66e99d9dc5c7793f"
1750,20,"r2",2,1.308,5,0,5,"69ee792c66e99d9dc5c7793f"
1751,20,"r2",6,0.859,5,0,5,"69ee792c66e99d9dc5c7793f"
1752,20,"r1",3,1.893,5,1,3,"69ee792c66e99d9dc5c7793f"
1753,20,"r2",8,2.186,5,0,5,"69ee792c66e99d9dc5c7793f"
1754,20,"r1",7,1.78,5,1,7,"69ee792c66e99d9dc5c7793f"
1755,20,"r1",3,1.189,5,1,3,"69ee792c66e99d9dc5c7793f"
1756,20,"r2",6,0.818,5,0,5,"69ee792c66e99d9dc5c7793f"
1757,20,"r2",4,0.937,5,0,5,"69ee792c66e99d9dc5c7793f"
1758,20,"r2",8,0.985,5,0,5,"69ee792c66e99d9dc5c7793f"
1759,20,"r1",2,1.146,5,1,2,"69ee792c66e99d9dc5c7793f"
1760,20,"r2",4,1.106,5,0,5,"69ee792c66e99d9dc5c7793f"
1761,20,"r2",3,0.747,5,0,5,"69ee792c66e99d9dc5c7793f"
1762,20,"r1",2,0.784,5,1,2,"69ee792c66e99d9dc5c7793f"
1763,20,"r2",7,0.715,5,0,5,"69ee792c66e99d9dc5c7793f"
1764,20,"r1",6,1.162,5,1,6,"69ee792c66e99d9dc5c7793f"
1765,20,"r2",7,1.457,5,0,5,"69ee792c66e99d9dc5c7793f"
1766,20,"r2",3,1.286,5,0,5,"69ee792c66e99d9dc5c7793f"
1767,20,"r2",6,1.196,5,0,5,"69ee792c66e99d9dc5c7793f"
1768,20,"r1",8,2.071,5,1,8,"69ee792c66e99d9dc5c7793f"
1769,20,"r2",4,1.6,5,0,5,"69ee792c66e99d9dc5c7793f"
1770,20,"r2",7,1.077,5,0,5,"69ee792c66e99d9dc5c7793f"
1771,20,"r2",8,0.893,5,0,5,"69ee792c66e99d9dc5c7793f"
1772,20,"r2",4,1.611,5,0,5,"69ee792c66e99d9dc5c7793f"
1773,20,"r2",3,1.167,5,0,5,"69ee792c66e99d9dc5c7793f"
1774,20,"r2",8,1.697,5,0,5,"69ee792c66e99d9dc5c7793f"
1775,20,"r1",2,1.109,5,1,2,"69ee792c66e99d9dc5c7793f"
1776,20,"r1",6,1.354,5,1,6,"69ee792c66e99d9dc5c7793f"
1777,20,"r2",7,1.035,5,0,5,"69ee792c66e99d9dc5c7793f"
1778,20,"r2",2,1.929,5,0,5,"69ee792c66e99d9dc5c7793f"
1779,20,"r2",6,1.275,5,0,5,"69ee792c66e99d9dc5c7793f"
1780,20,"r1",7,1.324,5,1,7,"69ee792c66e99d9dc5c7793f"
1781,20,"r2",8,1.167,5,0,5,"69ee792c66e99d9dc5c7793f"
1782,20,"r1",4,1.708,5,1,4,"69ee792c66e99d9dc5c7793f"
1783,20,"r2",3,1.07,5,0,5,"69ee792c66e99d9dc5c7793f"
1784,20,"r1",8,1.069,5,1,8,"69ee792c66e99d9dc5c7793f"
1785,20,"r1",4,0.871,5,1,4,"69ee792c66e99d9dc5c7793f"
1786,20,"r2",2,0.696,5,0,5,"69ee792c66e99d9dc5c7793f"
1787,20,"r2",7,1.234,5,0,5,"69ee792c66e99d9dc5c7793f"
1788,20,"r1",6,1.405,5,1,6,"69ee792c66e99d9dc5c7793f"
1789,20,"r2",4,1.41,5,0,5,"69ee792c66e99d9dc5c7793f"
1790,20,"r2",8,0.858,5,0,5,"69ee792c66e99d9dc5c7793f"
1791,20,"r2",3,0.917,5,0,5,"69ee792c66e99d9dc5c7793f"
1792,20,"r2",2,1.191,5,0,5,"69ee792c66e99d9dc5c7793f"
1793,20,"r1",3,0.872,5,1,3,"69ee792c66e99d9dc5c7793f"
1794,20,"r2",7,0.798,5,0,5,"69ee792c66e99d9dc5c7793f"
1795,20,"r1",7,1.424,5,1,7,"69ee792c66e99d9dc5c7793f"
1796,20,"r2",3,1.769,5,0,5,"69ee792c66e99d9dc5c7793f"
1797,20,"r1",6,1.572,5,1,6,"69ee792c66e99d9dc5c7793f"
1798,20,"r1",2,0.985,5,1,2,"69ee792c66e99d9dc5c7793f"
1799,20,"r2",8,1.223,5,0,5,"69ee792c66e99d9dc5c7793f"
1800,20,"r2",6,0.804,5,0,5,"69ee792c66e99d9dc5c7793f"
1801,20,"r2",4,0.904,5,0,5,"69ee792c66e99d9dc5c7793f"
1802,20,"r2",7,0.648,5,0,5,"69ee792c66e99d9dc5c7793f"
1803,20,"r1",4,1.5,5,1,4,"69ee792c66e99d9dc5c7793f"
1804,20,"r1",2,1.255,5,1,2,"69ee792c66e99d9dc5c7793f"
1805,20,"r2",8,1.296,5,0,5,"69ee792c66e99d9dc5c7793f"
1806,20,"r2",8,1.187,5,0,5,"69ee792c66e99d9dc5c7793f"
1807,20,"r1",6,1.492,5,1,6,"69ee792c66e99d9dc5c7793f"
1808,20,"r2",4,0.703,5,0,5,"69ee792c66e99d9dc5c7793f"
1809,20,"r1",2,0.84,5,1,2,"69ee792c66e99d9dc5c7793f"
1810,20,"r1",4,1.146,5,1,4,"69ee792c66e99d9dc5c7793f"
1811,20,"r1",2,1.592,5,1,2,"69ee792c66e99d9dc5c7793f"
1812,20,"r1",8,2.199,5,1,8,"69ee792c66e99d9dc5c7793f"
1813,20,"r1",7,1.493,5,1,7,"69ee792c66e99d9dc5c7793f"
1814,20,"r2",7,1.006,5,0,5,"69ee792c66e99d9dc5c7793f"
1815,20,"r2",7,1.717,5,0,5,"69ee792c66e99d9dc5c7793f"
1816,20,"r2",6,1.394,5,0,5,"69ee792c66e99d9dc5c7793f"
1817,20,"r1",4,1.288,5,1,4,"69ee792c66e99d9dc5c7793f"
1818,20,"r1",3,1.03,5,1,3,"69ee792c66e99d9dc5c7793f"
1819,20,"r1",6,1.654,5,1,6,"69ee792c66e99d9dc5c7793f"
1820,20,"r1",3,1.603,5,1,3,"69ee792c66e99d9dc5c7793f"
1821,20,"r1",2,1.181,5,1,2,"69ee792c66e99d9dc5c7793f"
1822,20,"r1",3,1.771,5,1,3,"69ee792c66e99d9dc5c7793f"
1823,20,"r1",2,0.973,5,1,2,"69ee792c66e99d9dc5c7793f"
1824,20,"r2",7,1.492,5,0,5,"69ee792c66e99d9dc5c7793f"
1825,20,"r1",6,1.186,5,1,6,"69ee792c66e99d9dc5c7793f"
1826,20,"r1",3,0.988,5,1,3,"69ee792c66e99d9dc5c7793f"
1827,20,"r2",4,1.699,5,0,5,"69ee792c66e99d9dc5c7793f"
1828,20,"r2",6,2.001,5,0,5,"69ee792c66e99d9dc5c7793f"
1829,20,"r2",8,1.385,5,0,5,"69ee792c66e99d9dc5c7793f"
1830,20,"r2",4,1.081,5,0,5,"69ee792c66e99d9dc5c7793f"
1831,20,"r1",2,1.488,5,1,2,"69ee792c66e99d9dc5c7793f"
1832,20,"r2",8,1.325,5,0,5,"69ee792c66e99d9dc5c7793f"
1833,20,"r2",6,1.514,5,0,5,"69ee792c66e99d9dc5c7793f"
1834,20,"r1",2,0.757,5,1,2,"69ee792c66e99d9dc5c7793f"
1835,20,"r2",7,0.939,5,0,5,"69ee792c66e99d9dc5c7793f"
1836,20,"r1",3,1.549,5,1,3,"69ee792c66e99d9dc5c7793f"
1837,20,"r1",7,2.253,5,1,7,"69ee792c66e99d9dc5c7793f"
1838,3,"r1",7,1.173,5,1,7,"69a65cb77a65aab485084932"
1839,3,"r2",6,1.602,5,0,5,"69a65cb77a65aab485084932"
1840,3,"r1",4,1.312,5,1,4,"69a65cb77a65aab485084932"
1841,3,"r2",7,1.909,5,0,5,"69a65cb77a65aab485084932"
1842,3,"r2",8,2.272,5,0,5,"69a65cb77a65aab485084932"
1843,3,"r2",6,1.988,5,0,5,"69a65cb77a65aab485084932"
1844,3,"r1",3,1.675,5,1,3,"69a65cb77a65aab485084932"
1845,3,"r1",2,1.018,5,1,2,"69a65cb77a65aab485084932"
1846,3,"r1",3,1.305,5,1,3,"69a65cb77a65aab485084932"
1847,3,"r1",2,1.349,5,1,2,"69a65cb77a65aab485084932"
1848,3,"r1",4,1.772,5,1,4,"69a65cb77a65aab485084932"
1849,3,"r2",7,1.941,5,0,5,"69a65cb77a65aab485084932"
1850,3,"r1",6,1.552,5,1,6,"69a65cb77a65aab485084932"
1851,3,"r1",2,1.238,5,1,2,"69a65cb77a65aab485084932"
1852,3,"r1",3,1.519,5,1,3,"69a65cb77a65aab485084932"
1853,3,"r2",8,1.801,5,0,5,"69a65cb77a65aab485084932"
1854,3,"r1",4,1.084,5,1,4,"69a65cb77a65aab485084932"
1855,3,"r2",8,1.796,5,0,5,"69a65cb77a65aab485084932"
1856,3,"r1",3,1.143,5,1,3,"69a65cb77a65aab485084932"
1857,3,"r1",4,1.158,5,1,4,"69a65cb77a65aab485084932"
1858,3,"r1",2,0.956,5,1,2,"69a65cb77a65aab485084932"
1859,3,"r1",6,2.6,5,1,6,"69a65cb77a65aab485084932"
1860,3,"r2",7,1.42,5,0,5,"69a65cb77a65aab485084932"
1861,3,"r1",4,0.954,5,1,4,"69a65cb77a65aab485084932"
1862,3,"r1",2,1.49,5,1,2,"69a65cb77a65aab485084932"
1863,3,"r2",8,2.073,5,0,5,"69a65cb77a65aab485084932"
1864,3,"r1",3,2.007,5,1,3,"69a65cb77a65aab485084932"
1865,3,"r1",2,1.078,5,1,2,"69a65cb77a65aab485084932"
1866,3,"r1",3,1.28,5,1,3,"69a65cb77a65aab485084932"
1867,3,"r1",7,1.375,5,1,7,"69a65cb77a65aab485084932"
1868,3,"r2",6,1.968,5,0,5,"69a65cb77a65aab485084932"
1869,3,"r2",7,2.274,5,0,5,"69a65cb77a65aab485084932"
1870,3,"r2",8,2.257,5,0,5,"69a65cb77a65aab485084932"
1871,3,"r2",8,2.753,5,0,5,"69a65cb77a65aab485084932"
1872,3,"r1",4,1.992,5,1,4,"69a65cb77a65aab485084932"
1873,3,"r1",6,1.384,5,1,6,"69a65cb77a65aab485084932"
1874,3,"r2",3,2.295,5,0,5,"69a65cb77a65aab485084932"
1875,3,"r2",7,1.843,5,0,5,"69a65cb77a65aab485084932"
1876,3,"r2",8,1.266,5,0,5,"69a65cb77a65aab485084932"
1877,3,"r1",4,1.212,5,1,4,"69a65cb77a65aab485084932"
1878,3,"r1",6,1.187,5,1,6,"69a65cb77a65aab485084932"
1879,3,"r1",3,1.056,5,1,3,"69a65cb77a65aab485084932"
1880,3,"r1",3,1.027,5,1,3,"69a65cb77a65aab485084932"
1881,3,"r2",8,1.894,5,0,5,"69a65cb77a65aab485084932"
1882,3,"r2",6,1.502,5,0,5,"69a65cb77a65aab485084932"
1883,3,"r1",4,1.223,5,1,4,"69a65cb77a65aab485084932"
1884,3,"r2",6,2.189,5,0,5,"69a65cb77a65aab485084932"
1885,3,"r1",2,1.957,5,1,2,"69a65cb77a65aab485084932"
1886,3,"r2",4,1.929,5,0,5,"69a65cb77a65aab485084932"
1887,3,"r2",8,2.285,5,0,5,"69a65cb77a65aab485084932"
1888,3,"r2",7,2.039,5,0,5,"69a65cb77a65aab485084932"
1889,3,"r2",7,1.67,5,0,5,"69a65cb77a65aab485084932"
1890,3,"r2",2,1.752,5,0,5,"69a65cb77a65aab485084932"
1891,3,"r2",4,2.356,5,0,5,"69a65cb77a65aab485084932"
1892,3,"r1",2,1.594,5,1,2,"69a65cb77a65aab485084932"
1893,3,"r1",4,1.93,5,1,4,"69a65cb77a65aab485084932"
1894,3,"r2",7,1.93,5,0,5,"69a65cb77a65aab485084932"
1895,3,"r2",3,2.156,5,0,5,"69a65cb77a65aab485084932"
1896,3,"r2",7,2.74,5,0,5,"69a65cb77a65aab485084932"
1897,3,"r2",6,2.055,5,0,5,"69a65cb77a65aab485084932"
1898,3,"r1",4,2.806,5,1,4,"69a65cb77a65aab485084932"
1899,3,"r2",6,1.742,5,0,5,"69a65cb77a65aab485084932"
1900,3,"r2",8,1.288,5,0,5,"69a65cb77a65aab485084932"
1901,3,"r2",3,1.591,5,0,5,"69a65cb77a65aab485084932"
1902,3,"r2",8,2.155,5,0,5,"69a65cb77a65aab485084932"
1903,3,"r2",8,2.068,5,0,5,"69a65cb77a65aab485084932"
1904,3,"r2",7,2.376,5,0,5,"69a65cb77a65aab485084932"
1905,3,"r2",6,1.648,5,0,5,"69a65cb77a65aab485084932"
1906,3,"r1",3,1.401,5,1,3,"69a65cb77a65aab485084932"
1907,3,"r1",2,2.295,5,1,2,"69a65cb77a65aab485084932"
1908,3,"r1",2,1.777,5,1,2,"69a65cb77a65aab485084932"
1909,3,"r1",4,1.46,5,1,4,"69a65cb77a65aab485084932"
1910,3,"r2",6,1.61,5,0,5,"69a65cb77a65aab485084932"
1911,3,"r2",8,1.637,5,0,5,"69a65cb77a65aab485084932"
1912,3,"r2",7,1.797,5,0,5,"69a65cb77a65aab485084932"
1913,3,"r1",2,1.568,5,1,2,"69a65cb77a65aab485084932"
1914,3,"r1",4,2.12,5,1,4,"69a65cb77a65aab485084932"
1915,3,"r2",7,1.737,5,0,5,"69a65cb77a65aab485084932"
1916,3,"r2",8,2.255,5,0,5,"69a65cb77a65aab485084932"
1917,3,"r2",6,2.003,5,0,5,"69a65cb77a65aab485084932"
1918,3,"r2",6,2.145,5,0,5,"69a65cb77a65aab485084932"
1919,3,"r1",4,2.24,5,1,4,"69a65cb77a65aab485084932"
1920,3,"r1",3,1.928,5,1,3,"69a65cb77a65aab485084932"
1921,3,"r2",7,1.812,5,0,5,"69a65cb77a65aab485084932"
1922,3,"r1",3,2.289,5,1,3,"69a65cb77a65aab485084932"
1923,3,"r2",8,2.1,5,0,5,"69a65cb77a65aab485084932"
1924,3,"r1",2,1.701,5,1,2,"69a65cb77a65aab485084932"
1925,3,"r2",8,2.864,5,0,5,"69a65cb77a65aab485084932"
1926,3,"r2",7,2.015,5,0,5,"69a65cb77a65aab485084932"
1927,3,"r1",7,1.585,5,1,7,"69a65cb77a65aab485084932"
1928,3,"r1",2,1.357,5,1,2,"69a65cb77a65aab485084932"
1929,3,"r2",8,3.365,5,0,5,"69a65cb77a65aab485084932"
1930,3,"r1",4,2.512,5,1,4,"69a65cb77a65aab485084932"
1931,3,"r1",3,1.802,5,1,3,"69a65cb77a65aab485084932"
1932,3,"r1",2,1.64,5,1,2,"69a65cb77a65aab485084932"
1933,3,"r1",4,2.131,5,1,4,"69a65cb77a65aab485084932"
1934,3,"r1",2,1.425,5,1,2,"69a65cb77a65aab485084932"
1935,3,"r1",6,1.403,5,1,6,"69a65cb77a65aab485084932"
1936,3,"r2",8,1.796,5,0,5,"69a65cb77a65aab485084932"
1937,3,"r2",6,2.099,5,0,5,"69a65cb77a65aab485084932"
1938,3,"r2",4,1.993,5,0,5,"69a65cb77a65aab485084932"
1939,3,"r1",7,2.641,5,1,7,"69a65cb77a65aab485084932"
1940,3,"r1",3,1.723,5,1,3,"69a65cb77a65aab485084932"
1941,3,"r1",4,2.054,5,1,4,"69a65cb77a65aab485084932"
1942,3,"r2",8,1.876,5,0,5,"69a65cb77a65aab485084932"
1943,3,"r1",3,1.887,5,1,3,"69a65cb77a65aab485084932"
1944,3,"r2",7,1.953,5,0,5,"69a65cb77a65aab485084932"
1945,3,"r2",7,2.068,5,0,5,"69a65cb77a65aab485084932"
1946,3,"r1",2,1.706,5,1,2,"69a65cb77a65aab485084932"
1947,3,"r1",2,1.438,5,1,2,"69a65cb77a65aab485084932"
1948,3,"r1",3,1.32,5,1,3,"69a65cb77a65aab485084932"
1949,3,"r1",4,1.392,5,1,4,"69a65cb77a65aab485084932"
1950,3,"r2",8,1.418,5,0,5,"69a65cb77a65aab485084932"
1951,3,"r1",6,1.803,5,1,6,"69a65cb77a65aab485084932"
1952,3,"r1",7,1.491,5,1,7,"69a65cb77a65aab485084932"
1953,3,"r1",2,1.12,5,1,2,"69a65cb77a65aab485084932"
1954,3,"r2",6,2.272,5,0,5,"69a65cb77a65aab485084932"
1955,3,"r1",6,1.303,5,1,6,"69a65cb77a65aab485084932"
1956,3,"r1",3,1.088,5,1,3,"69a65cb77a65aab485084932"
1957,3,"r1",4,1.169,5,1,4,"69a65cb77a65aab485084932"
1958,3,"r2",7,2.77,5,0,5,"69a65cb77a65aab485084932"
1959,3,"r1",2,0.876,5,1,2,"69a65cb77a65aab485084932"
1960,3,"r2",8,1.825,5,0,5,"69a65cb77a65aab485084932"
1961,3,"r2",8,1.354,5,0,5,"69a65cb77a65aab485084932"
1962,3,"r1",2,0.831,5,1,2,"69a65cb77a65aab485084932"
1963,3,"r1",6,2.219,5,1,6,"69a65cb77a65aab485084932"
1964,3,"r1",4,2.024,5,1,4,"69a65cb77a65aab485084932"
1965,3,"r1",3,1.319,5,1,3,"69a65cb77a65aab485084932"
1966,3,"r1",2,0.978,5,1,2,"69a65cb77a65aab485084932"
1967,3,"r2",6,1.918,5,0,5,"69a65cb77a65aab485084932"
1968,3,"r1",4,0.855,5,1,4,"69a65cb77a65aab485084932"
1969,3,"r2",7,2.526,5,0,5,"69a65cb77a65aab485084932"
1970,3,"r2",6,2.645,5,0,5,"69a65cb77a65aab485084932"
1971,3,"r1",4,1.543,5,1,4,"69a65cb77a65aab485084932"
1972,3,"r2",7,2.606,5,0,5,"69a65cb77a65aab485084932"
1973,3,"r1",3,1.37,5,1,3,"69a65cb77a65aab485084932"
1974,3,"r1",3,1.2,5,1,3,"69a65cb77a65aab485084932"
1975,1,"r2",6,1.542,5,0,5,"67f12c6537225c87ef8abc87"
1976,1,"r2",7,1.66,5,0,5,"67f12c6537225c87ef8abc87"
1977,1,"r2",4,1.572,5,0,5,"67f12c6537225c87ef8abc87"
1978,1,"r1",2,1.428,5,1,2,"67f12c6537225c87ef8abc87"
1979,1,"r1",2,1.424,5,1,2,"67f12c6537225c87ef8abc87"
1980,1,"r1",6,1.734,5,1,6,"67f12c6537225c87ef8abc87"
1981,1,"r2",4,1.729,5,0,5,"67f12c6537225c87ef8abc87"
1982,1,"r1",2,1.593,5,1,2,"67f12c6537225c87ef8abc87"
1983,1,"r2",7,1.912,5,0,5,"67f12c6537225c87ef8abc87"
1984,1,"r1",3,1.727,5,1,3,"67f12c6537225c87ef8abc87"
1985,1,"r1",3,1.887,5,1,3,"67f12c6537225c87ef8abc87"
1986,1,"r2",8,2.811,5,0,5,"67f12c6537225c87ef8abc87"
1987,1,"r1",7,1.636,5,1,7,"67f12c6537225c87ef8abc87"
1988,1,"r2",8,1.611,5,0,5,"67f12c6537225c87ef8abc87"
1989,1,"r2",8,1.82,5,0,5,"67f12c6537225c87ef8abc87"
1990,1,"r2",6,1.894,5,0,5,"67f12c6537225c87ef8abc87"
1991,1,"r1",4,1.336,5,1,4,"67f12c6537225c87ef8abc87"
1992,1,"r1",3,1.862,5,1,3,"67f12c6537225c87ef8abc87"
1993,1,"r2",8,1.644,5,0,5,"67f12c6537225c87ef8abc87"
1994,1,"r1",4,1.927,5,1,4,"67f12c6537225c87ef8abc87"
1995,1,"r2",8,1.506,5,0,5,"67f12c6537225c87ef8abc87"
1996,1,"r2",3,1.451,5,0,5,"67f12c6537225c87ef8abc87"
1997,1,"r1",7,2.093,5,1,7,"67f12c6537225c87ef8abc87"
1998,1,"r1",3,1.372,5,1,3,"67f12c6537225c87ef8abc87"
1999,1,"r1",4,1.419,5,1,4,"67f12c6537225c87ef8abc87"
2000,1,"r2",7,2.147,5,0,5,"67f12c6537225c87ef8abc87"
2001,1,"r2",6,1.777,5,0,5,"67f12c6537225c87ef8abc87"
2002,1,"r1",2,1.648,5,1,2,"67f12c6537225c87ef8abc87"
2003,1,"r1",3,1.648,5,1,3,"67f12c6537225c87ef8abc87"
2004,1,"r2",4,1.828,5,0,5,"67f12c6537225c87ef8abc87"
2005,1,"r2",8,2.309,5,0,5,"67f12c6537225c87ef8abc87"
2006,1,"r2",7,2.436,5,0,5,"67f12c6537225c87ef8abc87"
2007,1,"r1",2,1.463,5,1,2,"67f12c6537225c87ef8abc87"
2008,1,"r1",6,1.691,5,1,6,"67f12c6537225c87ef8abc87"
2009,1,"r1",2,1.349,5,1,2,"67f12c6537225c87ef8abc87"
2010,1,"r1",6,1.837,5,1,6,"67f12c6537225c87ef8abc87"
2011,1,"r2",6,1.074,5,0,5,"67f12c6537225c87ef8abc87"
2012,1,"r2",7,2.185,5,0,5,"67f12c6537225c87ef8abc87"
2013,1,"r2",6,2.229,5,0,5,"67f12c6537225c87ef8abc87"
2014,1,"r1",4,1.996,5,1,4,"67f12c6537225c87ef8abc87"
2015,1,"r2",8,1.858,5,0,5,"67f12c6537225c87ef8abc87"
2016,1,"r2",6,2.043,5,0,5,"67f12c6537225c87ef8abc87"
2017,1,"r2",7,1.547,5,0,5,"67f12c6537225c87ef8abc87"
2018,1,"r2",3,1.594,5,0,5,"67f12c6537225c87ef8abc87"
2019,1,"r1",3,1.73,5,1,3,"67f12c6537225c87ef8abc87"
2020,1,"r2",2,2.002,5,0,5,"67f12c6537225c87ef8abc87"
2021,1,"r2",8,1.761,5,0,5,"67f12c6537225c87ef8abc87"
2022,1,"r1",4,2.254,5,1,4,"67f12c6537225c87ef8abc87"
2023,1,"r1",2,1.717,5,1,2,"67f12c6537225c87ef8abc87"
2024,1,"r2",7,1.64,5,0,5,"67f12c6537225c87ef8abc87"
2025,1,"r1",8,2.091,5,1,8,"67f12c6537225c87ef8abc87"
2026,1,"r1",4,1.799,5,1,4,"67f12c6537225c87ef8abc87"
2027,1,"r1",3,1.997,5,1,3,"67f12c6537225c87ef8abc87"
2028,1,"r1",3,1.878,5,1,3,"67f12c6537225c87ef8abc87"
2029,1,"r2",4,2.339,5,0,5,"67f12c6537225c87ef8abc87"
2030,1,"r1",4,1.585,5,1,4,"67f12c6537225c87ef8abc87"
2031,1,"r2",8,1.85,5,0,5,"67f12c6537225c87ef8abc87"
2032,1,"r1",2,1.037,5,1,2,"67f12c6537225c87ef8abc87"
2033,1,"r2",3,1.808,5,0,5,"67f12c6537225c87ef8abc87"
2034,1,"r2",7,1.852,5,0,5,"67f12c6537225c87ef8abc87"
2035,1,"r2",3,1.533,5,0,5,"67f12c6537225c87ef8abc87"
2036,1,"r1",8,1.152,5,1,8,"67f12c6537225c87ef8abc87"
2037,1,"r1",2,2.137,5,1,2,"67f12c6537225c87ef8abc87"
2038,1,"r1",4,2.524,5,1,4,"67f12c6537225c87ef8abc87"
2039,1,"r1",6,1.545,5,1,6,"67f12c6537225c87ef8abc87"
2040,1,"r1",7,2.081,5,1,7,"67f12c6537225c87ef8abc87"
2041,1,"r2",6,1.631,5,0,5,"67f12c6537225c87ef8abc87"
2042,1,"r2",8,2.228,5,0,5,"67f12c6537225c87ef8abc87"
2043,1,"r1",6,2.245,5,1,6,"67f12c6537225c87ef8abc87"
2044,1,"r2",6,2.608,5,0,5,"67f12c6537225c87ef8abc87"
2045,1,"r1",8,2.125,5,1,8,"67f12c6537225c87ef8abc87"
2046,1,"r1",2,1.673,5,1,2,"67f12c6537225c87ef8abc87"
2047,1,"r1",3,1.936,5,1,3,"67f12c6537225c87ef8abc87"
2048,1,"r1",6,2.636,5,1,6,"67f12c6537225c87ef8abc87"
2049,1,"r1",6,1.845,5,1,6,"67f12c6537225c87ef8abc87"
2050,1,"r2",3,2.032,5,0,5,"67f12c6537225c87ef8abc87"
2051,1,"r2",8,2.17,5,0,5,"67f12c6537225c87ef8abc87"
2052,1,"r2",8,2.278,5,0,5,"67f12c6537225c87ef8abc87"
2053,1,"r1",2,2.064,5,1,2,"67f12c6537225c87ef8abc87"
2054,1,"r1",4,1.868,5,1,4,"67f12c6537225c87ef8abc87"
2055,1,"r1",4,1.95,5,1,4,"67f12c6537225c87ef8abc87"
2056,1,"r1",2,1.832,5,1,2,"67f12c6537225c87ef8abc87"
2057,1,"r2",7,2.653,5,0,5,"67f12c6537225c87ef8abc87"
2058,1,"r1",4,1.916,5,1,4,"67f12c6537225c87ef8abc87"
2059,1,"r1",7,2.539,5,1,7,"67f12c6537225c87ef8abc87"
2060,1,"r2",6,1.299,5,0,5,"67f12c6537225c87ef8abc87"
2061,1,"r2",8,1.802,5,0,5,"67f12c6537225c87ef8abc87"
2062,1,"r2",7,1.988,5,0,5,"67f12c6537225c87ef8abc87"
2063,1,"r1",4,1.05,5,1,4,"67f12c6537225c87ef8abc87"
2064,1,"r1",4,2.98,5,1,4,"67f12c6537225c87ef8abc87"
2065,1,"r2",3,2.226,5,0,5,"67f12c6537225c87ef8abc87"
2066,1,"r1",3,1.126,5,1,3,"67f12c6537225c87ef8abc87"
2067,1,"r2",7,1.958,5,0,5,"67f12c6537225c87ef8abc87"
2068,1,"r2",4,1.578,5,0,5,"67f12c6537225c87ef8abc87"
2069,1,"r2",7,1.722,5,0,5,"67f12c6537225c87ef8abc87"
2070,1,"r1",2,2.195,5,1,2,"67f12c6537225c87ef8abc87"
2071,1,"r1",2,2.747,5,1,2,"67f12c6537225c87ef8abc87"
2072,1,"r2",6,1.378,5,0,5,"67f12c6537225c87ef8abc87"
2073,1,"r1",3,1.722,5,1,3,"67f12c6537225c87ef8abc87"
2074,1,"r2",7,1.793,5,0,5,"67f12c6537225c87ef8abc87"
2075,1,"r1",7,1.581,5,1,7,"67f12c6537225c87ef8abc87"
2076,1,"r2",6,1.945,5,0,5,"67f12c6537225c87ef8abc87"
2077,1,"r1",3,2.136,5,1,3,"67f12c6537225c87ef8abc87"
2078,1,"r1",4,2.101,5,1,4,"67f12c6537225c87ef8abc87"
2079,1,"r1",3,2.239,5,1,3,"67f12c6537225c87ef8abc87"
2080,1,"r1",6,1.76,5,1,6,"67f12c6537225c87ef8abc87"
2081,1,"r2",8,1.704,5,0,5,"67f12c6537225c87ef8abc87"
2082,1,"r1",2,2.259,5,1,2,"67f12c6537225c87ef8abc87"
2083,1,"r1",4,2.127,5,1,4,"67f12c6537225c87ef8abc87"
2084,1,"r1",3,1.533,5,1,3,"67f12c6537225c87ef8abc87"
2085,1,"r2",2,2.524,5,0,5,"67f12c6537225c87ef8abc87"
2086,1,"r2",8,1.323,5,0,5,"67f12c6537225c87ef8abc87"
2087,1,"r2",7,1.347,5,0,5,"67f12c6537225c87ef8abc87"
2088,1,"r2",4,2.495,5,0,5,"67f12c6537225c87ef8abc87"
2089,1,"r1",2,1.831,5,1,2,"67f12c6537225c87ef8abc87"
2090,1,"r2",7,1.849,5,0,5,"67f12c6537225c87ef8abc87"
2091,1,"r2",4,2.259,5,0,5,"67f12c6537225c87ef8abc87"
2092,1,"r1",6,2.5,5,1,6,"67f12c6537225c87ef8abc87"
2093,1,"r2",3,1.757,5,0,5,"67f12c6537225c87ef8abc87"
2094,1,"r1",3,2.551,5,1,3,"67f12c6537225c87ef8abc87"
2095,1,"r1",6,2.165,5,1,6,"67f12c6537225c87ef8abc87"
2096,1,"r2",6,1.559,5,0,5,"67f12c6537225c87ef8abc87"
2097,1,"r2",8,2.459,5,0,5,"67f12c6537225c87ef8abc87"
2098,1,"r1",4,1.543,5,1,4,"67f12c6537225c87ef8abc87"
2099,1,"r1",2,1.832,5,1,2,"67f12c6537225c87ef8abc87"
2100,1,"r2",3,2.05,5,0,5,"67f12c6537225c87ef8abc87"
2101,1,"r2",7,1.709,5,0,5,"67f12c6537225c87ef8abc87"
2102,1,"r2",7,2.067,5,0,5,"67f12c6537225c87ef8abc87"
2103,1,"r2",4,2.566,5,0,5,"67f12c6537225c87ef8abc87"
2104,1,"r1",2,1.996,5,1,2,"67f12c6537225c87ef8abc87"
2105,1,"r2",8,1.644,5,0,5,"67f12c6537225c87ef8abc87"
2106,7,"r1",2,1.227,5,1,2,"69c28f25453a93389c4e0d53"
2107,7,"r1",7,3.057,5,1,7,"69c28f25453a93389c4e0d53"
2108,7,"r1",6,4.004,5,1,6,"69c28f25453a93389c4e0d53"
2109,7,"r1",7,2.346,5,1,7,"69c28f25453a93389c4e0d53"
2110,7,"r1",8,1.559,5,1,8,"69c28f25453a93389c4e0d53"
2111,7,"r1",4,1.405,5,1,4,"69c28f25453a93389c4e0d53"
2112,7,"r2",7,2.247,5,0,5,"69c28f25453a93389c4e0d53"
2113,7,"r1",3,1.643,5,1,3,"69c28f25453a93389c4e0d53"
2114,7,"r2",6,1.696,5,0,5,"69c28f25453a93389c4e0d53"
2115,7,"r2",4,1.936,5,0,5,"69c28f25453a93389c4e0d53"
2116,7,"r2",6,2.56,5,0,5,"69c28f25453a93389c4e0d53"
2117,7,"r2",8,1.947,5,0,5,"69c28f25453a93389c4e0d53"
2118,7,"r1",2,1.882,5,1,2,"69c28f25453a93389c4e0d53"
2119,7,"r1",2,2.088,5,1,2,"69c28f25453a93389c4e0d53"
2120,7,"r1",3,1.4,5,1,3,"69c28f25453a93389c4e0d53"
2121,7,"r1",4,1.139,5,1,4,"69c28f25453a93389c4e0d53"
2122,7,"r2",8,1.796,5,0,5,"69c28f25453a93389c4e0d53"
2123,7,"r1",3,1.378,5,1,3,"69c28f25453a93389c4e0d53"
2124,7,"r1",4,3.246,5,1,4,"69c28f25453a93389c4e0d53"
2125,7,"r1",3,1.984,5,1,3,"69c28f25453a93389c4e0d53"
2126,7,"r1",4,1.59,5,1,4,"69c28f25453a93389c4e0d53"
2127,7,"r1",4,1.812,5,1,4,"69c28f25453a93389c4e0d53"
2128,7,"r1",2,2.385,5,1,2,"69c28f25453a93389c4e0d53"
2129,7,"r2",8,2.764,5,0,5,"69c28f25453a93389c4e0d53"
2130,7,"r1",6,1.924,5,1,6,"69c28f25453a93389c4e0d53"
2131,7,"r2",8,2.094,5,0,5,"69c28f25453a93389c4e0d53"
2132,7,"r2",3,1.547,5,0,5,"69c28f25453a93389c4e0d53"
2133,7,"r2",2,1.44,5,0,5,"69c28f25453a93389c4e0d53"
2134,7,"r2",6,2.915,5,0,5,"69c28f25453a93389c4e0d53"
2135,7,"r2",6,3.339,5,0,5,"69c28f25453a93389c4e0d53"
2136,7,"r1",7,1.812,5,1,7,"69c28f25453a93389c4e0d53"
2137,7,"r1",3,1.959,5,1,3,"69c28f25453a93389c4e0d53"
2138,7,"r1",2,1.035,5,1,2,"69c28f25453a93389c4e0d53"
2139,7,"r1",7,1.903,5,1,7,"69c28f25453a93389c4e0d53"
2140,7,"r1",7,1.266,5,1,7,"69c28f25453a93389c4e0d53"
2141,7,"r2",8,2.727,5,0,5,"69c28f25453a93389c4e0d53"
2142,7,"r2",8,3.1,5,0,5,"69c28f25453a93389c4e0d53"
2143,7,"r1",7,1.664,5,1,7,"69c28f25453a93389c4e0d53"
2144,7,"r1",4,1.481,5,1,4,"69c28f25453a93389c4e0d53"
2145,7,"r1",2,1.388,5,1,2,"69c28f25453a93389c4e0d53"
2146,7,"r1",4,1.432,5,1,4,"69c28f25453a93389c4e0d53"
2147,7,"r1",2,2.503,5,1,2,"69c28f25453a93389c4e0d53"
2148,7,"r2",7,2.051,5,0,5,"69c28f25453a93389c4e0d53"
2149,7,"r1",4,4.157,5,1,4,"69c28f25453a93389c4e0d53"
2150,7,"r2",8,3.76,5,0,5,"69c28f25453a93389c4e0d53"
2151,7,"r2",6,1.829,5,0,5,"69c28f25453a93389c4e0d53"
2152,7,"r1",7,3.009,5,1,7,"69c28f25453a93389c4e0d53"
2153,7,"r2",6,2.86,5,0,5,"69c28f25453a93389c4e0d53"
2154,7,"r1",8,2.279,5,1,8,"69c28f25453a93389c4e0d53"
2155,7,"r1",3,3.157,5,1,3,"69c28f25453a93389c4e0d53"
2156,7,"r2",3,1.437,5,0,5,"69c28f25453a93389c4e0d53"
2157,7,"r1",4,1.909,5,1,4,"69c28f25453a93389c4e0d53"
2158,7,"r2",8,1.963,5,0,5,"69c28f25453a93389c4e0d53"
2159,7,"r1",2,1.468,5,1,2,"69c28f25453a93389c4e0d53"
2160,7,"r1",7,3.523,5,1,7,"69c28f25453a93389c4e0d53"
2161,7,"r2",8,1.713,5,0,5,"69c28f25453a93389c4e0d53"
2162,7,"r1",3,4.495,5,1,3,"69c28f25453a93389c4e0d53"
2163,7,"r2",7,4.038,5,0,5,"69c28f25453a93389c4e0d53"
2164,7,"r1",6,1.479,5,1,6,"69c28f25453a93389c4e0d53"
2165,7,"r2",6,2.32,5,0,5,"69c28f25453a93389c4e0d53"
2166,7,"r1",4,3.455,5,1,4,"69c28f25453a93389c4e0d53"
2167,7,"r1",4,1.665,5,1,4,"69c28f25453a93389c4e0d53"
2168,7,"r1",8,1.225,5,1,8,"69c28f25453a93389c4e0d53"
2169,7,"r1",2,1.635,5,1,2,"69c28f25453a93389c4e0d53"
2170,7,"r2",6,2.572,5,0,5,"69c28f25453a93389c4e0d53"
2171,7,"r1",6,2.257,5,1,6,"69c28f25453a93389c4e0d53"
2172,7,"r1",4,1.262,5,1,4,"69c28f25453a93389c4e0d53"
2173,7,"r1",6,1.174,5,1,6,"69c28f25453a93389c4e0d53"
2174,7,"r1",7,4.275,5,1,7,"69c28f25453a93389c4e0d53"
2175,7,"r1",8,2.441,5,1,8,"69c28f25453a93389c4e0d53"
2176,7,"r2",4,2.392,5,0,5,"69c28f25453a93389c4e0d53"
2177,7,"r2",7,3.393,5,0,5,"69c28f25453a93389c4e0d53"
2178,7,"r1",2,2.402,5,1,2,"69c28f25453a93389c4e0d53"
2179,7,"r1",8,3.453,5,1,8,"69c28f25453a93389c4e0d53"
2180,7,"r2",7,1.881,5,0,5,"69c28f25453a93389c4e0d53"
2181,7,"r1",3,2.972,5,1,3,"69c28f25453a93389c4e0d53"
2182,7,"r1",8,1.085,5,1,8,"69c28f25453a93389c4e0d53"
2183,7,"r1",3,2.027,5,1,3,"69c28f25453a93389c4e0d53"
2184,7,"r1",4,0.942,5,1,4,"69c28f25453a93389c4e0d53"
2185,7,"r1",6,1.122,5,1,6,"69c28f25453a93389c4e0d53"
2186,7,"r1",2,2.299,5,1,2,"69c28f25453a93389c4e0d53"
2187,7,"r1",3,1.626,5,1,3,"69c28f25453a93389c4e0d53"
2188,7,"r1",3,2.07,5,1,3,"69c28f25453a93389c4e0d53"
2189,7,"r1",6,0.869,5,1,6,"69c28f25453a93389c4e0d53"
2190,7,"r1",7,0.858,5,1,7,"69c28f25453a93389c4e0d53"
2191,7,"r1",2,0.988,5,1,2,"69c28f25453a93389c4e0d53"
2192,7,"r2",6,2.271,5,0,5,"69c28f25453a93389c4e0d53"
2193,7,"r1",4,3.046,5,1,4,"69c28f25453a93389c4e0d53"
2194,7,"r1",2,2.202,5,1,2,"69c28f25453a93389c4e0d53"
2195,7,"r1",8,3.911,5,1,8,"69c28f25453a93389c4e0d53"
2196,7,"r1",4,1.675,5,1,4,"69c28f25453a93389c4e0d53"
2197,7,"r1",3,1.266,5,1,3,"69c28f25453a93389c4e0d53"
2198,7,"r1",7,1.107,5,1,7,"69c28f25453a93389c4e0d53"
2199,7,"r1",7,1.345,5,1,7,"69c28f25453a93389c4e0d53"
2200,7,"r2",8,2.995,5,0,5,"69c28f25453a93389c4e0d53"
2201,7,"r2",8,1.863,5,0,5,"69c28f25453a93389c4e0d53"
2202,7,"r2",6,3.91,5,0,5,"69c28f25453a93389c4e0d53"
2203,7,"r1",2,3.588,5,1,2,"69c28f25453a93389c4e0d53"
2204,7,"r1",4,2.232,5,1,4,"69c28f25453a93389c4e0d53"
2205,7,"r1",7,1.924,5,1,7,"69c28f25453a93389c4e0d53"
2206,7,"r1",3,1.516,5,1,3,"69c28f25453a93389c4e0d53"
2207,7,"r2",6,3.742,5,0,5,"69c28f25453a93389c4e0d53"
2208,7,"r1",2,2.358,5,1,2,"69c28f25453a93389c4e0d53"
2209,7,"r1",2,1.758,5,1,2,"69c28f25453a93389c4e0d53"
2210,7,"r1",7,1.737,5,1,7,"69c28f25453a93389c4e0d53"
2211,7,"r2",8,2.541,5,0,5,"69c28f25453a93389c4e0d53"
2212,7,"r2",7,2.333,5,0,5,"69c28f25453a93389c4e0d53"
2213,7,"r1",3,1.912,5,1,3,"69c28f25453a93389c4e0d53"
2214,7,"r1",4,2.141,5,1,4,"69c28f25453a93389c4e0d53"
2215,7,"r1",4,2.19,5,1,4,"69c28f25453a93389c4e0d53"
2216,7,"r1",6,3.958,5,1,6,"69c28f25453a93389c4e0d53"
2217,7,"r2",8,3.512,5,0,5,"69c28f25453a93389c4e0d53"
2218,7,"r1",3,1.656,5,1,3,"69c28f25453a93389c4e0d53"
2219,7,"r1",3,1.866,5,1,3,"69c28f25453a93389c4e0d53"
2220,7,"r2",8,2.029,5,0,5,"69c28f25453a93389c4e0d53"
2221,7,"r2",7,2.933,5,0,5,"69c28f25453a93389c4e0d53"
2222,7,"r1",2,2.114,5,1,2,"69c28f25453a93389c4e0d53"
2223,7,"r2",6,3.483,5,0,5,"69c28f25453a93389c4e0d53"
2224,7,"r1",4,2.221,5,1,4,"69c28f25453a93389c4e0d53"
2225,7,"r1",8,0.876,5,1,8,"69c28f25453a93389c4e0d53"
2226,7,"r2",7,1.705,5,0,5,"69c28f25453a93389c4e0d53"
2227,7,"r1",7,1.636,5,1,7,"69c28f25453a93389c4e0d53"
2228,7,"r2",4,2.386,5,0,5,"69c28f25453a93389c4e0d53"
2229,7,"r1",2,2.625,5,1,2,"69c28f25453a93389c4e0d53"
2230,5,"r2",8,1.284,5,0,5,"69b6dac24f3a298e81b97889"
2231,5,"r2",8,2.223,5,0,5,"69b6dac24f3a298e81b97889"
2232,5,"r1",3,1.336,5,1,3,"69b6dac24f3a298e81b97889"
2233,5,"r2",4,1.46,5,0,5,"69b6dac24f3a298e81b97889"
2234,5,"r1",2,1.248,5,1,2,"69b6dac24f3a298e81b97889"
2235,5,"r2",6,2.184,5,0,5,"69b6dac24f3a298e81b97889"
2236,5,"r2",4,2.216,5,0,5,"69b6dac24f3a298e81b97889"
2237,5,"r1",2,2.223,5,1,2,"69b6dac24f3a298e81b97889"
2238,5,"r2",3,2.536,5,0,5,"69b6dac24f3a298e81b97889"
2239,5,"r2",6,1.511,5,0,5,"69b6dac24f3a298e81b97889"
2240,5,"r2",2,2.281,5,0,5,"69b6dac24f3a298e81b97889"
2241,5,"r1",4,2.314,5,1,4,"69b6dac24f3a298e81b97889"
2242,5,"r1",3,2.535,5,1,3,"69b6dac24f3a298e81b97889"
2243,5,"r2",7,1.229,5,0,5,"69b6dac24f3a298e81b97889"
2244,5,"r2",6,2.05,5,0,5,"69b6dac24f3a298e81b97889"
2245,5,"r2",7,1.64,5,0,5,"69b6dac24f3a298e81b97889"
2246,5,"r2",8,1.862,5,0,5,"69b6dac24f3a298e81b97889"
2247,5,"r2",7,1.682,5,0,5,"69b6dac24f3a298e81b97889"
2248,5,"r1",2,0.774,5,1,2,"69b6dac24f3a298e81b97889"
2249,5,"r2",7,1.625,5,0,5,"69b6dac24f3a298e81b97889"
2250,5,"r1",3,2.606,5,1,3,"69b6dac24f3a298e81b97889"
2251,5,"r1",3,1.791,5,1,3,"69b6dac24f3a298e81b97889"
2252,5,"r2",8,1.372,5,0,5,"69b6dac24f3a298e81b97889"
2253,5,"r1",4,2.095,5,1,4,"69b6dac24f3a298e81b97889"
2254,5,"r2",4,1.465,5,0,5,"69b6dac24f3a298e81b97889"
2255,5,"r2",6,2.1,5,0,5,"69b6dac24f3a298e81b97889"
2256,5,"r2",8,1.555,5,0,5,"69b6dac24f3a298e81b97889"
2257,5,"r2",6,1.652,5,0,5,"69b6dac24f3a298e81b97889"
2258,5,"r1",2,1.556,5,1,2,"69b6dac24f3a298e81b97889"
2259,5,"r2",8,1.348,5,0,5,"69b6dac24f3a298e81b97889"
2260,5,"r1",6,1.782,5,1,6,"69b6dac24f3a298e81b97889"
2261,5,"r1",3,1.541,5,1,3,"69b6dac24f3a298e81b97889"
2262,5,"r1",2,1.283,5,1,2,"69b6dac24f3a298e81b97889"
2263,5,"r2",4,1.666,5,0,5,"69b6dac24f3a298e81b97889"
2264,5,"r2",7,2.446,5,0,5,"69b6dac24f3a298e81b97889"
2265,5,"r2",6,1.503,5,0,5,"69b6dac24f3a298e81b97889"
2266,5,"r2",7,1.287,5,0,5,"69b6dac24f3a298e81b97889"
2267,5,"r2",8,0.661,5,0,5,"69b6dac24f3a298e81b97889"
2268,5,"r2",7,1.335,5,0,5,"69b6dac24f3a298e81b97889"
2269,5,"r2",6,1.879,5,0,5,"69b6dac24f3a298e81b97889"
2270,5,"r1",6,1.438,5,1,6,"69b6dac24f3a298e81b97889"
2271,5,"r2",8,1.67,5,0,5,"69b6dac24f3a298e81b97889"
2272,5,"r2",4,1.86,5,0,5,"69b6dac24f3a298e81b97889"
2273,5,"r2",3,2.213,5,0,5,"69b6dac24f3a298e81b97889"
2274,5,"r1",2,1.433,5,1,2,"69b6dac24f3a298e81b97889"
2275,5,"r1",3,1.811,5,1,3,"69b6dac24f3a298e81b97889"
2276,5,"r1",4,1.845,5,1,4,"69b6dac24f3a298e81b97889"
2277,5,"r2",2,2.393,5,0,5,"69b6dac24f3a298e81b97889"
2278,5,"r1",3,1.551,5,1,3,"69b6dac24f3a298e81b97889"
2279,5,"r2",7,1.406,5,0,5,"69b6dac24f3a298e81b97889"
2280,5,"r1",2,0.835,5,1,2,"69b6dac24f3a298e81b97889"
2281,5,"r2",7,0.789,5,0,5,"69b6dac24f3a298e81b97889"
2282,5,"r2",2,0.847,5,0,5,"69b6dac24f3a298e81b97889"
2283,5,"r2",6,0.877,5,0,5,"69b6dac24f3a298e81b97889"
2284,5,"r2",6,2.005,5,0,5,"69b6dac24f3a298e81b97889"
2285,5,"r2",8,0.683,5,0,5,"69b6dac24f3a298e81b97889"
2286,5,"r2",8,0.562,5,0,5,"69b6dac24f3a298e81b97889"
2287,5,"r1",4,1.023,5,1,4,"69b6dac24f3a298e81b97889"
2288,5,"r1",4,1.7,5,1,4,"69b6dac24f3a298e81b97889"
2289,5,"r1",3,0.713,5,1,3,"69b6dac24f3a298e81b97889"
2290,5,"r1",3,1.361,5,1,3,"69b6dac24f3a298e81b97889"
2291,5,"r1",4,1.245,5,1,4,"69b6dac24f3a298e81b97889"
2292,5,"r1",6,1.27,5,1,6,"69b6dac24f3a298e81b97889"
2293,5,"r1",3,1.331,5,1,3,"69b6dac24f3a298e81b97889"
2294,5,"r2",7,0.851,5,0,5,"69b6dac24f3a298e81b97889"
2295,5,"r2",8,0.91,5,0,5,"69b6dac24f3a298e81b97889"
2296,5,"r2",7,0.948,5,0,5,"69b6dac24f3a298e81b97889"
2297,5,"r1",4,1.782,5,1,4,"69b6dac24f3a298e81b97889"
2298,5,"r1",2,1.735,5,1,2,"69b6dac24f3a298e81b97889"
2299,5,"r1",4,1.375,5,1,4,"69b6dac24f3a298e81b97889"
2300,5,"r1",3,2.328,5,1,3,"69b6dac24f3a298e81b97889"
2301,5,"r2",3,1.444,5,0,5,"69b6dac24f3a298e81b97889"
2302,5,"r2",6,1.722,5,0,5,"69b6dac24f3a298e81b97889"
2303,5,"r2",8,1.584,5,0,5,"69b6dac24f3a298e81b97889"
2304,5,"r2",7,1.63,5,0,5,"69b6dac24f3a298e81b97889"
2305,5,"r1",7,1.186,5,1,7,"69b6dac24f3a298e81b97889"
2306,5,"r2",8,0.883,5,0,5,"69b6dac24f3a298e81b97889"
2307,5,"r2",7,1.644,5,0,5,"69b6dac24f3a298e81b97889"
2308,5,"r1",6,0.744,5,1,6,"69b6dac24f3a298e81b97889"
2309,5,"r2",8,0.939,5,0,5,"69b6dac24f3a298e81b97889"
2310,5,"r2",2,1.355,5,0,5,"69b6dac24f3a298e81b97889"
2311,5,"r1",6,0.579,5,1,6,"69b6dac24f3a298e81b97889"
2312,5,"r2",2,1.078,5,0,5,"69b6dac24f3a298e81b97889"
2313,5,"r2",4,0.808,5,0,5,"69b6dac24f3a298e81b97889"
2314,5,"r1",6,0.836,5,1,6,"69b6dac24f3a298e81b97889"
2315,5,"r2",4,1.277,5,0,5,"69b6dac24f3a298e81b97889"
2316,5,"r1",6,0.653,5,1,6,"69b6dac24f3a298e81b97889"
2317,5,"r1",2,1.577,5,1,2,"69b6dac24f3a298e81b97889"
2318,5,"r2",4,1.608,5,0,5,"69b6dac24f3a298e81b97889"
2319,5,"r2",7,1.497,5,0,5,"69b6dac24f3a298e81b97889"
2320,5,"r2",8,1.085,5,0,5,"69b6dac24f3a298e81b97889"
2321,5,"r2",8,0.797,5,0,5,"69b6dac24f3a298e81b97889"
2322,5,"r2",8,1.41,5,0,5,"69b6dac24f3a298e81b97889"
2323,5,"r2",7,1.197,5,0,5,"69b6dac24f3a298e81b97889"
2324,5,"r1",2,0.934,5,1,2,"69b6dac24f3a298e81b97889"
2325,5,"r1",3,1.049,5,1,3,"69b6dac24f3a298e81b97889"
2326,5,"r2",7,1.059,5,0,5,"69b6dac24f3a298e81b97889"
2327,5,"r1",3,1.317,5,1,3,"69b6dac24f3a298e81b97889"
2328,5,"r1",2,1.005,5,1,2,"69b6dac24f3a298e81b97889"
2329,5,"r2",4,1.808,5,0,5,"69b6dac24f3a298e81b97889"
2330,5,"r1",3,1.641,5,1,3,"69b6dac24f3a298e81b97889"
2331,5,"r1",2,1.417,5,1,2,"69b6dac24f3a298e81b97889"
2332,5,"r2",7,0.743,5,0,5,"69b6dac24f3a298e81b97889"
2333,5,"r2",8,0.988,5,0,5,"69b6dac24f3a298e81b97889"
2334,5,"r1",4,0.967,5,1,4,"69b6dac24f3a298e81b97889"
2335,5,"r2",7,1.571,5,0,5,"69b6dac24f3a298e81b97889"
2336,5,"r2",6,1.491,5,0,5,"69b6dac24f3a298e81b97889"
2337,5,"r2",6,0.873,5,0,5,"69b6dac24f3a298e81b97889"
2338,5,"r1",3,1.133,5,1,3,"69b6dac24f3a298e81b97889"
2339,5,"r2",8,0.688,5,0,5,"69b6dac24f3a298e81b97889"
2340,5,"r2",7,1.03,5,0,5,"69b6dac24f3a298e81b97889"
2341,5,"r1",2,0.906,5,1,2,"69b6dac24f3a298e81b97889"
2342,5,"r2",6,1.553,5,0,5,"69b6dac24f3a298e81b97889"
2343,5,"r1",3,0.873,5,1,3,"69b6dac24f3a298e81b97889"
2344,5,"r1",3,1.163,5,1,3,"69b6dac24f3a298e81b97889"
2345,5,"r1",4,1.663,5,1,4,"69b6dac24f3a298e81b97889"
2346,5,"r2",4,0.985,5,0,5,"69b6dac24f3a298e81b97889"
2347,5,"r1",2,0.958,5,1,2,"69b6dac24f3a298e81b97889"
2348,5,"r2",6,1.198,5,0,5,"69b6dac24f3a298e81b97889"
2349,5,"r2",4,1.016,5,0,5,"69b6dac24f3a298e81b97889"
2350,5,"r2",6,0.986,5,0,5,"69b6dac24f3a298e81b97889"
2351,5,"r2",7,0.889,5,0,5,"69b6dac24f3a298e81b97889"
2352,5,"r2",6,1.172,5,0,5,"69b6dac24f3a298e81b97889"
2353,5,"r1",4,1.338,5,1,4,"69b6dac24f3a298e81b97889"
2354,5,"r2",4,1.255,5,0,5,"69b6dac24f3a298e81b97889"
2355,5,"r1",3,0.897,5,1,3,"69b6dac24f3a298e81b97889"
2356,5,"r2",7,1.234,5,0,5,"69b6dac24f3a298e81b97889"
2357,5,"r2",7,0.793,5,0,5,"69b6dac24f3a298e81b97889"
2358,5,"r2",8,0.459,5,0,5,"69b6dac24f3a298e81b97889"
2359,5,"r1",2,0.694,5,1,2,"69b6dac24f3a298e81b97889"
2360,5,"r1",2,0.737,5,1,2,"69b6dac24f3a298e81b97889"
2361,5,"r1",3,0.867,5,1,3,"69b6dac24f3a298e81b97889"
2362,5,"r2",8,0.812,5,0,5,"69b6dac24f3a298e81b97889"
2363,5,"r1",3,1.593,5,1,3,"69b6dac24f3a298e81b97889"
2364,5,"r1",2,0.942,5,1,2,"69b6dac24f3a298e81b97889"
2365,8,"r1",3,3.103,5,1,3,"69c4562c17cbad318b08805c"
2366,8,"r2",7,2.822,5,0,5,"69c4562c17cbad318b08805c"
2367,8,"r1",4,4.021,5,1,4,"69c4562c17cbad318b08805c"
2368,8,"r1",4,1.81,5,1,4,"69c4562c17cbad318b08805c"
2369,8,"r1",6,2.441,5,1,6,"69c4562c17cbad318b08805c"
2370,8,"r2",8,3.289,5,0,5,"69c4562c17cbad318b08805c"
2371,8,"r1",6,1.306,5,1,6,"69c4562c17cbad318b08805c"
2372,8,"r1",2,1.924,5,1,2,"69c4562c17cbad318b08805c"
2373,8,"r1",2,1.684,5,1,2,"69c4562c17cbad318b08805c"
2374,8,"r1",7,2.839,5,1,7,"69c4562c17cbad318b08805c"
2375,8,"r2",8,2.327,5,0,5,"69c4562c17cbad318b08805c"
2376,8,"r2",7,1.785,5,0,5,"69c4562c17cbad318b08805c"
2377,8,"r1",3,1.869,5,1,3,"69c4562c17cbad318b08805c"
2378,8,"r2",8,1.957,5,0,5,"69c4562c17cbad318b08805c"
2379,8,"r1",2,2.279,5,1,2,"69c4562c17cbad318b08805c"
2380,8,"r2",6,1.784,5,0,5,"69c4562c17cbad318b08805c"
2381,8,"r1",3,1.262,5,1,3,"69c4562c17cbad318b08805c"
2382,8,"r1",4,1.094,5,1,4,"69c4562c17cbad318b08805c"
2383,8,"r1",4,2.408,5,1,4,"69c4562c17cbad318b08805c"
2384,8,"r1",4,1.71,5,1,4,"69c4562c17cbad318b08805c"
2385,8,"r1",6,2.815,5,1,6,"69c4562c17cbad318b08805c"
2386,8,"r2",7,2.368,5,0,5,"69c4562c17cbad318b08805c"
2387,8,"r2",6,3.285,5,0,5,"69c4562c17cbad318b08805c"
2388,8,"r2",7,2.236,5,0,5,"69c4562c17cbad318b08805c"
2389,8,"r2",4,2.027,5,0,5,"69c4562c17cbad318b08805c"
2390,8,"r2",4,3.045,5,0,5,"69c4562c17cbad318b08805c"
2391,8,"r1",8,2.495,5,1,8,"69c4562c17cbad318b08805c"
2392,8,"r1",3,1.864,5,1,3,"69c4562c17cbad318b08805c"
2393,8,"r1",4,1.839,5,1,4,"69c4562c17cbad318b08805c"
2394,8,"r2",6,2.62,5,0,5,"69c4562c17cbad318b08805c"
2395,8,"r2",2,1.867,5,0,5,"69c4562c17cbad318b08805c"
2396,8,"r1",3,2.727,5,1,3,"69c4562c17cbad318b08805c"
2397,8,"r1",3,1.982,5,1,3,"69c4562c17cbad318b08805c"
2398,8,"r2",8,1.251,5,0,5,"69c4562c17cbad318b08805c"
2399,8,"r2",2,2.55,5,0,5,"69c4562c17cbad318b08805c"
2400,8,"r2",6,2.304,5,0,5,"69c4562c17cbad318b08805c"
2401,8,"r2",7,1.73,5,0,5,"69c4562c17cbad318b08805c"
2402,8,"r1",3,1.273,5,1,3,"69c4562c17cbad318b08805c"
2403,8,"r1",7,1.853,5,1,7,"69c4562c17cbad318b08805c"
2404,8,"r2",8,1.194,5,0,5,"69c4562c17cbad318b08805c"
2405,8,"r2",2,2.068,5,0,5,"69c4562c17cbad318b08805c"
2406,8,"r1",4,2.511,5,1,4,"69c4562c17cbad318b08805c"
2407,8,"r1",3,1.873,5,1,3,"69c4562c17cbad318b08805c"
2408,8,"r2",7,2.239,5,0,5,"69c4562c17cbad318b08805c"
2409,8,"r2",4,2.878,5,0,5,"69c4562c17cbad318b08805c"
2410,8,"r1",8,1.559,5,1,8,"69c4562c17cbad318b08805c"
2411,8,"r1",4,1.731,5,1,4,"69c4562c17cbad318b08805c"
2412,8,"r2",3,1.886,5,0,5,"69c4562c17cbad318b08805c"
2413,8,"r2",6,2.216,5,0,5,"69c4562c17cbad318b08805c"
2414,8,"r1",6,1.835,5,1,6,"69c4562c17cbad318b08805c"
2415,8,"r1",4,3.944,5,1,4,"69c4562c17cbad318b08805c"
2416,8,"r2",8,1.817,5,0,5,"69c4562c17cbad318b08805c"
2417,8,"r2",6,1.969,5,0,5,"69c4562c17cbad318b08805c"
2418,8,"r1",6,1.941,5,1,6,"69c4562c17cbad318b08805c"
2419,8,"r1",2,2.484,5,1,2,"69c4562c17cbad318b08805c"
2420,8,"r1",4,3.417,5,1,4,"69c4562c17cbad318b08805c"
2421,8,"r2",3,1.133,5,0,5,"69c4562c17cbad318b08805c"
2422,8,"r2",6,2.526,5,0,5,"69c4562c17cbad318b08805c"
2423,8,"r2",2,1.622,5,0,5,"69c4562c17cbad318b08805c"
2424,8,"r2",8,1.635,5,0,5,"69c4562c17cbad318b08805c"
2425,8,"r1",2,1.613,5,1,2,"69c4562c17cbad318b08805c"
2426,8,"r1",7,1.972,5,1,7,"69c4562c17cbad318b08805c"
2427,8,"r1",3,3.011,5,1,3,"69c4562c17cbad318b08805c"
2428,8,"r1",4,1.234,5,1,4,"69c4562c17cbad318b08805c"
2429,8,"r2",8,1.716,5,0,5,"69c4562c17cbad318b08805c"
2430,8,"r2",7,3.326,5,0,5,"69c4562c17cbad318b08805c"
2431,8,"r1",2,2.839,5,1,2,"69c4562c17cbad318b08805c"
2432,8,"r1",6,2.425,5,1,6,"69c4562c17cbad318b08805c"
2433,8,"r2",8,1.591,5,0,5,"69c4562c17cbad318b08805c"
2434,8,"r2",3,2.064,5,0,5,"69c4562c17cbad318b08805c"
2435,8,"r2",8,1.951,5,0,5,"69c4562c17cbad318b08805c"
2436,8,"r2",6,1.57,5,0,5,"69c4562c17cbad318b08805c"
2437,8,"r1",4,2.455,5,1,4,"69c4562c17cbad318b08805c"
2438,8,"r2",7,1.959,5,0,5,"69c4562c17cbad318b08805c"
2439,8,"r1",4,2.98,5,1,4,"69c4562c17cbad318b08805c"
2440,8,"r1",4,1.277,5,1,4,"69c4562c17cbad318b08805c"
2441,8,"r1",7,1.31,5,1,7,"69c4562c17cbad318b08805c"
2442,8,"r2",4,0.843,5,0,5,"69c4562c17cbad318b08805c"
2443,8,"r1",6,1.492,5,1,6,"69c4562c17cbad318b08805c"
2444,8,"r1",3,2.733,5,1,3,"69c4562c17cbad318b08805c"
2445,8,"r2",8,1.437,5,0,5,"69c4562c17cbad318b08805c"
2446,8,"r1",4,2.11,5,1,4,"69c4562c17cbad318b08805c"
2447,8,"r2",7,0.783,5,0,5,"69c4562c17cbad318b08805c"
2448,8,"r1",2,2.072,5,1,2,"69c4562c17cbad318b08805c"
2449,8,"r2",6,1.458,5,0,5,"69c4562c17cbad318b08805c"
2450,8,"r1",2,1.927,5,1,2,"69c4562c17cbad318b08805c"
2451,8,"r2",8,1.602,5,0,5,"69c4562c17cbad318b08805c"
2452,8,"r1",2,3.891,5,1,2,"69c4562c17cbad318b08805c"
2453,8,"r2",6,1.335,5,0,5,"69c4562c17cbad318b08805c"
2454,8,"r2",7,1.626,5,0,5,"69c4562c17cbad318b08805c"
2455,8,"r1",4,1.452,5,1,4,"69c4562c17cbad318b08805c"
2456,8,"r2",6,1.764,5,0,5,"69c4562c17cbad318b08805c"
2457,8,"r1",4,1.71,5,1,4,"69c4562c17cbad318b08805c"
2458,8,"r2",3,0.993,5,0,5,"69c4562c17cbad318b08805c"
2459,8,"r1",2,3.711,5,1,2,"69c4562c17cbad318b08805c"
2460,8,"r2",4,1.925,5,0,5,"69c4562c17cbad318b08805c"
2461,8,"r1",2,0.944,5,1,2,"69c4562c17cbad318b08805c"
2462,8,"r2",8,1.382,5,0,5,"69c4562c17cbad318b08805c"
2463,8,"r2",3,1.519,5,0,5,"69c4562c17cbad318b08805c"
2464,6,"r1",4,1.852,5,1,4,"69bc0ba177847fde0a18ec3d"
2465,6,"r2",4,2.442,5,0,5,"69bc0ba177847fde0a18ec3d"
2466,6,"r1",3,1.707,5,1,3,"69bc0ba177847fde0a18ec3d"
2467,6,"r1",6,2.21,5,1,6,"69bc0ba177847fde0a18ec3d"
2468,6,"r2",6,1.934,5,0,5,"69bc0ba177847fde0a18ec3d"
2469,6,"r1",6,2.546,5,1,6,"69bc0ba177847fde0a18ec3d"
2470,6,"r1",2,2.024,5,1,2,"69bc0ba177847fde0a18ec3d"
2471,6,"r2",7,3.434,5,0,5,"69bc0ba177847fde0a18ec3d"
2472,6,"r1",3,3.588,5,1,3,"69bc0ba177847fde0a18ec3d"
2473,6,"r2",8,2.662,5,0,5,"69bc0ba177847fde0a18ec3d"
2474,6,"r1",2,1.741,5,1,2,"69bc0ba177847fde0a18ec3d"
2475,6,"r2",8,2.067,5,0,5,"69bc0ba177847fde0a18ec3d"
2476,6,"r1",3,1.995,5,1,3,"69bc0ba177847fde0a18ec3d"
2477,6,"r2",4,2.127,5,0,5,"69bc0ba177847fde0a18ec3d"
2478,6,"r2",8,1.71,5,0,5,"69bc0ba177847fde0a18ec3d"
2479,6,"r1",2,2.041,5,1,2,"69bc0ba177847fde0a18ec3d"
2480,6,"r1",4,1.983,5,1,4,"69bc0ba177847fde0a18ec3d"
2481,6,"r2",8,1.891,5,0,5,"69bc0ba177847fde0a18ec3d"
2482,6,"r1",2,2.477,5,1,2,"69bc0ba177847fde0a18ec3d"
2483,6,"r1",4,1.847,5,1,4,"69bc0ba177847fde0a18ec3d"
2484,6,"r2",7,2.31,5,0,5,"69bc0ba177847fde0a18ec3d"
2485,6,"r1",2,1.942,5,1,2,"69bc0ba177847fde0a18ec3d"
2486,6,"r2",7,2.559,5,0,5,"69bc0ba177847fde0a18ec3d"
2487,6,"r1",3,2.062,5,1,3,"69bc0ba177847fde0a18ec3d"
2488,6,"r1",2,2.424,5,1,2,"69bc0ba177847fde0a18ec3d"
2489,6,"r1",6,2.36,5,1,6,"69bc0ba177847fde0a18ec3d"
2490,6,"r2",3,1.731,5,0,5,"69bc0ba177847fde0a18ec3d"
2491,6,"r1",7,3.682,5,1,7,"69bc0ba177847fde0a18ec3d"
2492,6,"r2",4,2.102,5,0,5,"69bc0ba177847fde0a18ec3d"
2493,6,"r1",3,1.931,5,1,3,"69bc0ba177847fde0a18ec3d"
2494,6,"r2",8,3.075,5,0,5,"69bc0ba177847fde0a18ec3d"
2495,6,"r2",8,2.087,5,0,5,"69bc0ba177847fde0a18ec3d"
2496,6,"r2",6,1.968,5,0,5,"69bc0ba177847fde0a18ec3d"
2497,6,"r2",3,2.413,5,0,5,"69bc0ba177847fde0a18ec3d"
2498,6,"r1",2,2.866,5,1,2,"69bc0ba177847fde0a18ec3d"
2499,6,"r2",8,1.993,5,0,5,"69bc0ba177847fde0a18ec3d"
2500,6,"r1",4,2.069,5,1,4,"69bc0ba177847fde0a18ec3d"
2501,6,"r2",7,3.062,5,0,5,"69bc0ba177847fde0a18ec3d"
2502,6,"r2",2,2.447,5,0,5,"69bc0ba177847fde0a18ec3d"
2503,6,"r2",8,2.599,5,0,5,"69bc0ba177847fde0a18ec3d"
2504,6,"r2",8,1.945,5,0,5,"69bc0ba177847fde0a18ec3d"
2505,6,"r1",6,2.889,5,1,6,"69bc0ba177847fde0a18ec3d"
2506,6,"r2",6,2.655,5,0,5,"69bc0ba177847fde0a18ec3d"
2507,6,"r2",6,1.911,5,0,5,"69bc0ba177847fde0a18ec3d"
2508,6,"r1",3,1.929,5,1,3,"69bc0ba177847fde0a18ec3d"
2509,6,"r1",3,1.826,5,1,3,"69bc0ba177847fde0a18ec3d"
2510,6,"r1",4,2.041,5,1,4,"69bc0ba177847fde0a18ec3d"
2511,6,"r2",7,2.69,5,0,5,"69bc0ba177847fde0a18ec3d"
2512,6,"r2",7,2.047,5,0,5,"69bc0ba177847fde0a18ec3d"
2513,6,"r1",4,2.671,5,1,4,"69bc0ba177847fde0a18ec3d"
2514,6,"r1",2,3.272,5,1,2,"69bc0ba177847fde0a18ec3d"
2515,6,"r2",6,3.4,5,0,5,"69bc0ba177847fde0a18ec3d"
2516,6,"r2",7,1.855,5,0,5,"69bc0ba177847fde0a18ec3d"
2517,6,"r2",4,1.942,5,0,5,"69bc0ba177847fde0a18ec3d"
2518,6,"r1",8,2.158,5,1,8,"69bc0ba177847fde0a18ec3d"
2519,6,"r2",8,1.833,5,0,5,"69bc0ba177847fde0a18ec3d"
2520,6,"r2",6,3.038,5,0,5,"69bc0ba177847fde0a18ec3d"
2521,6,"r1",3,2.575,5,1,3,"69bc0ba177847fde0a18ec3d"
2522,6,"r2",7,3.182,5,0,5,"69bc0ba177847fde0a18ec3d"
2523,6,"r1",2,2.08,5,1,2,"69bc0ba177847fde0a18ec3d"
2524,6,"r1",7,3.547,5,1,7,"69bc0ba177847fde0a18ec3d"
2525,6,"r1",2,2.284,5,1,2,"69bc0ba177847fde0a18ec3d"
2526,6,"r1",4,1.539,5,1,4,"69bc0ba177847fde0a18ec3d"
2527,6,"r1",2,3.491,5,1,2,"69bc0ba177847fde0a18ec3d"
2528,6,"r2",8,2.283,5,0,5,"69bc0ba177847fde0a18ec3d"
2529,6,"r2",8,3.972,5,0,5,"69bc0ba177847fde0a18ec3d"
2530,6,"r2",7,3.97,5,0,5,"69bc0ba177847fde0a18ec3d"
2531,6,"r1",7,3.699,5,1,7,"69bc0ba177847fde0a18ec3d"
2532,6,"r1",6,2.079,5,1,6,"69bc0ba177847fde0a18ec3d"
2533,6,"r2",6,3.151,5,0,5,"69bc0ba177847fde0a18ec3d"
2534,6,"r2",4,3.212,5,0,5,"69bc0ba177847fde0a18ec3d"
2535,6,"r2",6,3.575,5,0,5,"69bc0ba177847fde0a18ec3d"
2536,6,"r1",2,1.957,5,1,2,"69bc0ba177847fde0a18ec3d"
2537,6,"r1",6,2.35,5,1,6,"69bc0ba177847fde0a18ec3d"
2538,6,"r2",2,2.031,5,0,5,"69bc0ba177847fde0a18ec3d"
2539,6,"r2",8,1.961,5,0,5,"69bc0ba177847fde0a18ec3d"
2540,6,"r2",7,1.495,5,0,5,"69bc0ba177847fde0a18ec3d"
2541,6,"r2",7,1.559,5,0,5,"69bc0ba177847fde0a18ec3d"
2542,6,"r2",8,2.341,5,0,5,"69bc0ba177847fde0a18ec3d"
2543,6,"r2",3,3.22,5,0,5,"69bc0ba177847fde0a18ec3d"
2544,6,"r2",4,1.428,5,0,5,"69bc0ba177847fde0a18ec3d"
2545,6,"r2",4,2.27,5,0,5,"69bc0ba177847fde0a18ec3d"
2546,6,"r1",7,2.225,5,1,7,"69bc0ba177847fde0a18ec3d"
2547,6,"r1",3,2.176,5,1,3,"69bc0ba177847fde0a18ec3d"
2548,6,"r1",3,1.797,5,1,3,"69bc0ba177847fde0a18ec3d"
2549,6,"r1",2,2.613,5,1,2,"69bc0ba177847fde0a18ec3d"
2550,6,"r1",4,2.319,5,1,4,"69bc0ba177847fde0a18ec3d"
2551,6,"r1",6,2.692,5,1,6,"69bc0ba177847fde0a18ec3d"
2552,6,"r2",4,1.794,5,0,5,"69bc0ba177847fde0a18ec3d"
2553,6,"r2",2,2.213,5,0,5,"69bc0ba177847fde0a18ec3d"
2554,6,"r1",3,2.92,5,1,3,"69bc0ba177847fde0a18ec3d"
2555,6,"r1",6,2.058,5,1,6,"69bc0ba177847fde0a18ec3d"
2556,6,"r2",4,2.215,5,0,5,"69bc0ba177847fde0a18ec3d"
2557,6,"r2",7,1.804,5,0,5,"69bc0ba177847fde0a18ec3d"
2558,6,"r1",4,1.772,5,1,4,"69bc0ba177847fde0a18ec3d"
2559,6,"r2",8,2.253,5,0,5,"69bc0ba177847fde0a18ec3d"
2560,6,"r1",7,1.777,5,1,7,"69bc0ba177847fde0a18ec3d"
2561,6,"r1",3,2.236,5,1,3,"69bc0ba177847fde0a18ec3d"
2562,6,"r1",7,1.946,5,1,7,"69bc0ba177847fde0a18ec3d"
2563,6,"r1",6,2.597,5,1,6,"69bc0ba177847fde0a18ec3d"
2564,6,"r1",2,1.771,5,1,2,"69bc0ba177847fde0a18ec3d"
2565,6,"r2",3,2.341,5,0,5,"69bc0ba177847fde0a18ec3d"
2566,6,"r1",8,2.63,5,1,8,"69bc0ba177847fde0a18ec3d"
2567,6,"r2",6,1.774,5,0,5,"69bc0ba177847fde0a18ec3d"
2568,6,"r1",6,2.219,5,1,6,"69bc0ba177847fde0a18ec3d"
2569,6,"r1",7,3.141,5,1,7,"69bc0ba177847fde0a18ec3d"
2570,6,"r2",2,1.697,5,0,5,"69bc0ba177847fde0a18ec3d"
2571,6,"r2",4,3.19,5,0,5,"69bc0ba177847fde0a18ec3d"
2572,6,"r2",2,2.973,5,0,5,"69bc0ba177847fde0a18ec3d"
2573,6,"r2",4,2.378,5,0,5,"69bc0ba177847fde0a18ec3d"
2574,6,"r1",2,2.598,5,1,2,"69bc0ba177847fde0a18ec3d"
2575,6,"r1",3,2.146,5,1,3,"69bc0ba177847fde0a18ec3d"
2576,6,"r1",6,1.781,5,1,6,"69bc0ba177847fde0a18ec3d"
2577,6,"r1",3,1.615,5,1,3,"69bc0ba177847fde0a18ec3d"
2578,6,"r1",3,1.561,5,1,3,"69bc0ba177847fde0a18ec3d"
2579,6,"r2",8,2.032,5,0,5,"69bc0ba177847fde0a18ec3d"
