"","trial","subject","offer_A","RT","offer_B","is_choice_A","choice","subject_original_id"
"1",1,2,7,1.096,5,1,7,"698c6d3d083ae26c88d529bb"
"2",2,2,6,2.755,5,1,6,"698c6d3d083ae26c88d529bb"
"3",3,2,4,1.478,5,0,5,"698c6d3d083ae26c88d529bb"
"4",4,2,7,1.826,5,1,7,"698c6d3d083ae26c88d529bb"
"5",5,2,4,3.09,5,0,5,"698c6d3d083ae26c88d529bb"
"6",6,2,2,3.391,5,0,5,"698c6d3d083ae26c88d529bb"
"7",7,2,8,2.418,5,1,8,"698c6d3d083ae26c88d529bb"
"8",8,2,3,2.957,5,0,5,"698c6d3d083ae26c88d529bb"
"9",9,2,2,3.627,5,0,5,"698c6d3d083ae26c88d529bb"
"10",10,2,3,2.381,5,0,5,"698c6d3d083ae26c88d529bb"
"11",11,2,2,2.762,5,0,5,"698c6d3d083ae26c88d529bb"
"12",12,2,8,3.479,5,1,8,"698c6d3d083ae26c88d529bb"
"13",13,2,7,3.207,5,1,7,"698c6d3d083ae26c88d529bb"
"14",14,2,4,3.428,5,1,4,"698c6d3d083ae26c88d529bb"
"15",15,2,3,3.572,5,0,5,"698c6d3d083ae26c88d529bb"
"16",16,2,4,2.954,5,1,4,"698c6d3d083ae26c88d529bb"
"17",17,2,7,3.229,5,1,7,"698c6d3d083ae26c88d529bb"
"18",18,2,4,2.932,5,0,5,"698c6d3d083ae26c88d529bb"
"19",19,2,4,3.091,5,0,5,"698c6d3d083ae26c88d529bb"
"20",20,2,2,0.939,5,0,5,"698c6d3d083ae26c88d529bb"
"21",21,2,7,1.784,5,0,5,"698c6d3d083ae26c88d529bb"
"22",22,2,4,2.297,5,0,5,"698c6d3d083ae26c88d529bb"
"23",23,2,3,1.65,5,1,3,"698c6d3d083ae26c88d529bb"
"24",24,2,8,1.74,5,0,5,"698c6d3d083ae26c88d529bb"
"25",25,2,3,1.742,5,0,5,"698c6d3d083ae26c88d529bb"
"26",26,2,3,1.51,5,0,5,"698c6d3d083ae26c88d529bb"
"27",27,2,4,1.685,5,0,5,"698c6d3d083ae26c88d529bb"
"28",28,2,7,1.435,5,1,7,"698c6d3d083ae26c88d529bb"
"29",29,2,8,1.341,5,1,8,"698c6d3d083ae26c88d529bb"
"30",30,2,6,1.255,5,1,6,"698c6d3d083ae26c88d529bb"
"31",31,2,7,1.295,5,1,7,"698c6d3d083ae26c88d529bb"
"32",32,2,2,1.524,5,1,2,"698c6d3d083ae26c88d529bb"
"33",33,2,6,1.503,5,1,6,"698c6d3d083ae26c88d529bb"
"34",34,2,2,1.196,5,0,5,"698c6d3d083ae26c88d529bb"
"35",35,2,6,2.391,5,1,6,"698c6d3d083ae26c88d529bb"
"36",36,2,8,1.087,5,1,8,"698c6d3d083ae26c88d529bb"
"37",37,2,3,1.058,5,0,5,"698c6d3d083ae26c88d529bb"
"38",38,2,3,1.2,5,0,5,"698c6d3d083ae26c88d529bb"
"39",39,2,7,1.184,5,0,5,"698c6d3d083ae26c88d529bb"
"40",40,2,6,1.722,5,1,6,"698c6d3d083ae26c88d529bb"
"41",41,2,4,1.347,5,0,5,"698c6d3d083ae26c88d529bb"
"42",42,2,7,1.32,5,0,5,"698c6d3d083ae26c88d529bb"
"43",43,2,2,1.134,5,0,5,"698c6d3d083ae26c88d529bb"
"44",44,2,4,1.61,5,0,5,"698c6d3d083ae26c88d529bb"
"45",45,2,7,1.594,5,1,7,"698c6d3d083ae26c88d529bb"
"46",46,2,2,1.238,5,0,5,"698c6d3d083ae26c88d529bb"
"47",47,2,6,2.368,5,0,5,"698c6d3d083ae26c88d529bb"
"48",48,2,4,2.418,5,1,4,"698c6d3d083ae26c88d529bb"
"49",49,2,3,1.737,5,1,3,"698c6d3d083ae26c88d529bb"
"50",50,2,8,1.149,5,1,8,"698c6d3d083ae26c88d529bb"
"51",51,2,6,1.151,5,1,6,"698c6d3d083ae26c88d529bb"
"52",52,2,2,2.301,5,1,2,"698c6d3d083ae26c88d529bb"
"53",53,2,8,1.073,5,1,8,"698c6d3d083ae26c88d529bb"
"54",54,2,6,1.454,5,1,6,"698c6d3d083ae26c88d529bb"
"55",55,2,2,1.31,5,0,5,"698c6d3d083ae26c88d529bb"
"56",56,2,8,1.125,5,1,8,"698c6d3d083ae26c88d529bb"
"57",57,2,4,1.047,5,1,4,"698c6d3d083ae26c88d529bb"
"58",58,2,6,1.578,5,1,6,"698c6d3d083ae26c88d529bb"
"59",59,2,2,1.017,5,0,5,"698c6d3d083ae26c88d529bb"
"60",60,2,4,1.696,5,0,5,"698c6d3d083ae26c88d529bb"
"61",61,2,7,1.221,5,1,7,"698c6d3d083ae26c88d529bb"
"62",62,2,8,1.174,5,1,8,"698c6d3d083ae26c88d529bb"
"63",63,2,6,1.402,5,0,5,"698c6d3d083ae26c88d529bb"
"64",64,2,4,2.258,5,0,5,"698c6d3d083ae26c88d529bb"
"65",65,2,3,1.274,5,1,3,"698c6d3d083ae26c88d529bb"
"66",66,2,3,1.546,5,0,5,"698c6d3d083ae26c88d529bb"
"67",67,2,2,2.948,5,1,2,"698c6d3d083ae26c88d529bb"
"68",68,2,7,1.995,5,1,7,"698c6d3d083ae26c88d529bb"
"69",69,2,3,1.889,5,0,5,"698c6d3d083ae26c88d529bb"
"70",70,2,6,3.793,5,0,5,"698c6d3d083ae26c88d529bb"
"71",71,2,2,0.736,5,0,5,"698c6d3d083ae26c88d529bb"
"72",72,2,3,2.587,5,1,3,"698c6d3d083ae26c88d529bb"
"73",73,2,8,1.121,5,1,8,"698c6d3d083ae26c88d529bb"
"74",74,2,4,1.52,5,0,5,"698c6d3d083ae26c88d529bb"
"75",75,2,8,1.057,5,1,8,"698c6d3d083ae26c88d529bb"
"76",76,2,4,1.786,5,0,5,"698c6d3d083ae26c88d529bb"
"77",77,2,7,0.836,5,1,7,"698c6d3d083ae26c88d529bb"
"78",78,2,6,1.212,5,0,5,"698c6d3d083ae26c88d529bb"
"79",79,2,6,1.143,5,1,6,"698c6d3d083ae26c88d529bb"
"80",80,2,2,0.93,5,0,5,"698c6d3d083ae26c88d529bb"
"81",81,2,3,0.825,5,0,5,"698c6d3d083ae26c88d529bb"
"82",82,2,8,0.843,5,1,8,"698c6d3d083ae26c88d529bb"
"83",83,2,3,1.461,5,1,3,"698c6d3d083ae26c88d529bb"
"84",84,2,7,0.78,5,1,7,"698c6d3d083ae26c88d529bb"
"85",85,2,2,3.255,5,0,5,"698c6d3d083ae26c88d529bb"
"86",86,2,7,2.334,5,1,7,"698c6d3d083ae26c88d529bb"
"87",87,2,7,1.074,5,1,7,"698c6d3d083ae26c88d529bb"
"88",88,2,6,0.999,5,1,6,"698c6d3d083ae26c88d529bb"
"89",89,2,7,0.722,5,1,7,"698c6d3d083ae26c88d529bb"
"90",90,2,2,0.93,5,0,5,"698c6d3d083ae26c88d529bb"
"91",91,2,8,1.488,5,1,8,"698c6d3d083ae26c88d529bb"
"92",92,2,6,0.833,5,0,5,"698c6d3d083ae26c88d529bb"
"93",93,2,3,2.516,5,0,5,"698c6d3d083ae26c88d529bb"
"94",94,2,6,1.836,5,1,6,"698c6d3d083ae26c88d529bb"
"95",95,2,4,1.08,5,1,4,"698c6d3d083ae26c88d529bb"
"96",96,2,7,1.549,5,1,7,"698c6d3d083ae26c88d529bb"
"97",97,2,4,1.808,5,0,5,"698c6d3d083ae26c88d529bb"
"98",98,2,3,3.439,5,1,3,"698c6d3d083ae26c88d529bb"
"99",99,2,8,2.401,5,1,8,"698c6d3d083ae26c88d529bb"
"100",100,2,3,1.926,5,0,5,"698c6d3d083ae26c88d529bb"
"101",101,2,8,1.44,5,1,8,"698c6d3d083ae26c88d529bb"
"102",102,2,2,1.572,5,0,5,"698c6d3d083ae26c88d529bb"
"103",103,2,4,2.63,5,0,5,"698c6d3d083ae26c88d529bb"
"104",104,2,3,1.648,5,0,5,"698c6d3d083ae26c88d529bb"
"105",105,2,6,1.707,5,0,5,"698c6d3d083ae26c88d529bb"
"106",106,2,8,1.901,5,1,8,"698c6d3d083ae26c88d529bb"
"107",107,2,4,1.496,5,1,4,"698c6d3d083ae26c88d529bb"
"108",108,2,7,0.972,5,1,7,"698c6d3d083ae26c88d529bb"
"109",109,2,3,1.062,5,0,5,"698c6d3d083ae26c88d529bb"
"110",110,2,7,0.637,5,0,5,"698c6d3d083ae26c88d529bb"
"111",111,2,4,1.199,5,0,5,"698c6d3d083ae26c88d529bb"
"112",112,2,6,1.074,5,1,6,"698c6d3d083ae26c88d529bb"
"113",113,2,7,1.159,5,1,7,"698c6d3d083ae26c88d529bb"
"114",114,2,3,1.572,5,1,3,"698c6d3d083ae26c88d529bb"
"115",115,2,4,1.266,5,1,4,"698c6d3d083ae26c88d529bb"
"116",116,2,8,1.093,5,1,8,"698c6d3d083ae26c88d529bb"
"117",117,2,2,0.657,5,0,5,"698c6d3d083ae26c88d529bb"
"118",118,2,2,1.161,5,0,5,"698c6d3d083ae26c88d529bb"
"119",119,2,8,0.853,5,1,8,"698c6d3d083ae26c88d529bb"
"120",120,2,6,1.107,5,0,5,"698c6d3d083ae26c88d529bb"
"121",121,4,2,3.041,5,0,5,"69b1aee32d960121fc72d41e"
"122",122,4,7,2.931,5,0,5,"69b1aee32d960121fc72d41e"
"123",123,4,3,2.905,5,0,5,"69b1aee32d960121fc72d41e"
"124",124,4,7,2.882,5,1,7,"69b1aee32d960121fc72d41e"
"125",125,4,4,3.048,5,0,5,"69b1aee32d960121fc72d41e"
"126",126,4,3,2.955,5,0,5,"69b1aee32d960121fc72d41e"
"127",127,4,4,2.656,5,1,4,"69b1aee32d960121fc72d41e"
"128",128,4,3,3.039,5,0,5,"69b1aee32d960121fc72d41e"
"129",129,4,2,2.372,5,0,5,"69b1aee32d960121fc72d41e"
"130",130,4,7,4.242,5,0,5,"69b1aee32d960121fc72d41e"
"131",131,4,6,1.967,5,0,5,"69b1aee32d960121fc72d41e"
"132",132,4,8,2.635,5,1,8,"69b1aee32d960121fc72d41e"
"133",133,4,2,2.594,5,0,5,"69b1aee32d960121fc72d41e"
"134",134,4,8,3.705,5,1,8,"69b1aee32d960121fc72d41e"
"135",135,4,6,4.473,5,0,5,"69b1aee32d960121fc72d41e"
"136",136,4,4,3.582,5,0,5,"69b1aee32d960121fc72d41e"
"137",137,4,6,2.316,5,0,5,"69b1aee32d960121fc72d41e"
"138",138,4,8,2.516,5,0,5,"69b1aee32d960121fc72d41e"
"139",139,4,2,1.771,5,0,5,"69b1aee32d960121fc72d41e"
"140",140,4,8,2.623,5,1,8,"69b1aee32d960121fc72d41e"
"141",141,4,7,3.143,5,0,5,"69b1aee32d960121fc72d41e"
"142",142,4,6,4.034,5,0,5,"69b1aee32d960121fc72d41e"
"143",143,4,7,1.771,5,0,5,"69b1aee32d960121fc72d41e"
"144",144,4,4,2.86,5,0,5,"69b1aee32d960121fc72d41e"
"145",145,4,2,3.479,5,0,5,"69b1aee32d960121fc72d41e"
"146",146,4,2,2.101,5,0,5,"69b1aee32d960121fc72d41e"
"147",147,4,4,3.962,5,1,4,"69b1aee32d960121fc72d41e"
"148",148,4,3,2.656,5,0,5,"69b1aee32d960121fc72d41e"
"149",149,4,6,3.226,5,0,5,"69b1aee32d960121fc72d41e"
"150",150,4,6,3.324,5,1,6,"69b1aee32d960121fc72d41e"
"151",151,4,3,4.186,5,0,5,"69b1aee32d960121fc72d41e"
"152",152,4,8,5.036,5,1,8,"69b1aee32d960121fc72d41e"
"153",153,4,8,1.902,5,1,8,"69b1aee32d960121fc72d41e"
"154",154,4,4,4.245,5,1,4,"69b1aee32d960121fc72d41e"
"155",155,4,3,4.1,5,0,5,"69b1aee32d960121fc72d41e"
"156",156,4,7,2.989,5,1,7,"69b1aee32d960121fc72d41e"
"157",157,4,6,5.043,5,1,6,"69b1aee32d960121fc72d41e"
"158",158,4,7,3.742,5,0,5,"69b1aee32d960121fc72d41e"
"159",159,4,2,1.719,5,0,5,"69b1aee32d960121fc72d41e"
"160",160,4,2,3.101,5,0,5,"69b1aee32d960121fc72d41e"
"161",161,4,3,2.047,5,0,5,"69b1aee32d960121fc72d41e"
"162",162,4,4,1.558,5,0,5,"69b1aee32d960121fc72d41e"
"163",163,4,3,2.554,5,0,5,"69b1aee32d960121fc72d41e"
"164",164,4,7,2.354,5,1,7,"69b1aee32d960121fc72d41e"
"165",165,4,8,2.868,5,1,8,"69b1aee32d960121fc72d41e"
"166",166,4,3,2.218,5,0,5,"69b1aee32d960121fc72d41e"
"167",167,4,4,2.664,5,0,5,"69b1aee32d960121fc72d41e"
"168",168,4,7,2.817,5,0,5,"69b1aee32d960121fc72d41e"
"169",169,4,4,1.754,5,0,5,"69b1aee32d960121fc72d41e"
"170",170,4,2,1.732,5,0,5,"69b1aee32d960121fc72d41e"
"171",171,4,6,3.877,5,1,6,"69b1aee32d960121fc72d41e"
"172",172,4,8,2.472,5,1,8,"69b1aee32d960121fc72d41e"
"173",173,4,6,0.945,5,1,6,"69b1aee32d960121fc72d41e"
"174",174,4,2,2.119,5,0,5,"69b1aee32d960121fc72d41e"
"175",175,4,4,1.088,5,0,5,"69b1aee32d960121fc72d41e"
"176",176,4,3,4.306,5,0,5,"69b1aee32d960121fc72d41e"
"177",177,4,7,3.151,5,0,5,"69b1aee32d960121fc72d41e"
"178",178,4,6,2.165,5,0,5,"69b1aee32d960121fc72d41e"
"179",179,4,3,0.9,5,0,5,"69b1aee32d960121fc72d41e"
"180",180,4,6,2.822,5,1,6,"69b1aee32d960121fc72d41e"
"181",181,4,8,1.818,5,1,8,"69b1aee32d960121fc72d41e"
"182",182,4,8,2.543,5,1,8,"69b1aee32d960121fc72d41e"
"183",183,4,7,2.388,5,0,5,"69b1aee32d960121fc72d41e"
"184",184,4,4,3.47,5,0,5,"69b1aee32d960121fc72d41e"
"185",185,4,6,1.71,5,1,6,"69b1aee32d960121fc72d41e"
"186",186,4,3,2.828,5,0,5,"69b1aee32d960121fc72d41e"
"187",187,4,2,3.887,5,1,2,"69b1aee32d960121fc72d41e"
"188",188,4,7,4.272,5,1,7,"69b1aee32d960121fc72d41e"
"189",189,4,4,5.677,5,1,4,"69b1aee32d960121fc72d41e"
"190",190,4,2,4.805,5,0,5,"69b1aee32d960121fc72d41e"
"191",191,4,8,3.318,5,1,8,"69b1aee32d960121fc72d41e"
"192",192,4,2,1.425,5,0,5,"69b1aee32d960121fc72d41e"
"193",193,4,7,2.027,5,1,7,"69b1aee32d960121fc72d41e"
"194",194,4,6,3.088,5,0,5,"69b1aee32d960121fc72d41e"
"195",195,4,4,1.932,5,0,5,"69b1aee32d960121fc72d41e"
"196",196,4,2,1.568,5,0,5,"69b1aee32d960121fc72d41e"
"197",197,4,8,1.697,5,1,8,"69b1aee32d960121fc72d41e"
"198",198,4,4,3.773,5,1,4,"69b1aee32d960121fc72d41e"
"199",199,4,3,4.019,5,1,3,"69b1aee32d960121fc72d41e"
"200",200,4,3,2.348,5,0,5,"69b1aee32d960121fc72d41e"
"201",201,4,7,1.868,5,0,5,"69b1aee32d960121fc72d41e"
"202",202,4,8,2.392,5,0,5,"69b1aee32d960121fc72d41e"
"203",203,4,6,1.803,5,0,5,"69b1aee32d960121fc72d41e"
"204",204,4,6,0.97,5,0,5,"69b1aee32d960121fc72d41e"
"205",205,4,4,2.986,5,0,5,"69b1aee32d960121fc72d41e"
"206",206,4,3,1.942,5,0,5,"69b1aee32d960121fc72d41e"
"207",207,4,4,0.772,5,0,5,"69b1aee32d960121fc72d41e"
"208",208,4,8,0.986,5,0,5,"69b1aee32d960121fc72d41e"
"209",209,4,7,2.118,5,1,7,"69b1aee32d960121fc72d41e"
"210",210,4,3,2.91,5,0,5,"69b1aee32d960121fc72d41e"
"211",211,4,3,3.195,5,0,5,"69b1aee32d960121fc72d41e"
"212",212,4,6,4.578,5,1,6,"69b1aee32d960121fc72d41e"
"213",213,4,7,3.298,5,0,5,"69b1aee32d960121fc72d41e"
"214",214,4,7,1.832,5,1,7,"69b1aee32d960121fc72d41e"
"215",215,4,2,3.669,5,0,5,"69b1aee32d960121fc72d41e"
"216",216,4,2,3.075,5,0,5,"69b1aee32d960121fc72d41e"
"217",217,4,3,2.329,5,0,5,"69b1aee32d960121fc72d41e"
"218",218,4,8,5.346,5,0,5,"69b1aee32d960121fc72d41e"
"219",219,4,8,3.922,5,1,8,"69b1aee32d960121fc72d41e"
"220",220,4,2,3.295,5,0,5,"69b1aee32d960121fc72d41e"
"221",221,4,6,5.834,5,0,5,"69b1aee32d960121fc72d41e"
"222",222,4,4,2.582,5,1,4,"69b1aee32d960121fc72d41e"
"223",223,4,6,6.534,5,0,5,"69b1aee32d960121fc72d41e"
"224",224,4,6,3.307,5,0,5,"69b1aee32d960121fc72d41e"
"225",225,4,2,3.643,5,0,5,"69b1aee32d960121fc72d41e"
"226",226,4,6,4.271,5,1,6,"69b1aee32d960121fc72d41e"
"227",227,4,7,4.929,5,1,7,"69b1aee32d960121fc72d41e"
"228",228,4,4,2.177,5,0,5,"69b1aee32d960121fc72d41e"
"229",229,4,3,2.646,5,1,3,"69b1aee32d960121fc72d41e"
"230",230,4,4,3.588,5,0,5,"69b1aee32d960121fc72d41e"
"231",231,4,8,5.536,5,1,8,"69b1aee32d960121fc72d41e"
"232",232,4,7,4.995,5,1,7,"69b1aee32d960121fc72d41e"
"233",233,4,3,2.273,5,0,5,"69b1aee32d960121fc72d41e"
"234",234,4,8,2.709,5,1,8,"69b1aee32d960121fc72d41e"
"235",235,4,6,3.367,5,1,6,"69b1aee32d960121fc72d41e"
"236",236,4,4,4.569,5,0,5,"69b1aee32d960121fc72d41e"
"237",237,4,3,3.699,5,0,5,"69b1aee32d960121fc72d41e"
"238",238,4,7,4.935,5,0,5,"69b1aee32d960121fc72d41e"
"239",239,4,2,1.76,5,0,5,"69b1aee32d960121fc72d41e"
"240",240,4,8,2.454,5,0,5,"69b1aee32d960121fc72d41e"
"241",241,4,3,1.304,5,0,5,"69b1aee32d960121fc72d41e"
"242",242,4,7,4.407,5,0,5,"69b1aee32d960121fc72d41e"
"243",243,4,8,2.547,5,1,8,"69b1aee32d960121fc72d41e"
"244",244,4,7,1.288,5,1,7,"69b1aee32d960121fc72d41e"
"245",245,4,2,1.265,5,1,2,"69b1aee32d960121fc72d41e"
"246",246,4,6,1.682,5,1,6,"69b1aee32d960121fc72d41e"
"247",247,4,8,1.377,5,1,8,"69b1aee32d960121fc72d41e"
"248",248,4,2,1.93,5,0,5,"69b1aee32d960121fc72d41e"
"249",249,4,8,1.911,5,1,8,"69b1aee32d960121fc72d41e"
"250",250,4,4,3.747,5,1,4,"69b1aee32d960121fc72d41e"
"251",251,4,3,2.331,5,0,5,"69b1aee32d960121fc72d41e"
"252",252,4,3,2.54,5,1,3,"69b1aee32d960121fc72d41e"
"253",253,4,4,1.85,5,0,5,"69b1aee32d960121fc72d41e"
"254",254,4,7,1.521,5,1,7,"69b1aee32d960121fc72d41e"
"255",255,4,4,1.52,5,0,5,"69b1aee32d960121fc72d41e"
"256",256,4,6,4.434,5,0,5,"69b1aee32d960121fc72d41e"
"257",257,4,6,3.172,5,0,5,"69b1aee32d960121fc72d41e"
"258",258,9,6,2.293,5,1,6,"69d2b8672541083658fc0f45"
"259",259,9,2,1.392,5,0,5,"69d2b8672541083658fc0f45"
"260",260,9,4,1.719,5,0,5,"69d2b8672541083658fc0f45"
"261",261,9,8,2.202,5,1,8,"69d2b8672541083658fc0f45"
"262",262,9,2,2.774,5,0,5,"69d2b8672541083658fc0f45"
"263",263,9,7,1.811,5,0,5,"69d2b8672541083658fc0f45"
"264",264,9,6,1.82,5,1,6,"69d2b8672541083658fc0f45"
"265",265,9,6,0.934,5,1,6,"69d2b8672541083658fc0f45"
"266",266,9,3,2.361,5,0,5,"69d2b8672541083658fc0f45"
"267",267,9,8,1.231,5,1,8,"69d2b8672541083658fc0f45"
"268",268,9,8,1.736,5,1,8,"69d2b8672541083658fc0f45"
"269",269,9,4,1.975,5,1,4,"69d2b8672541083658fc0f45"
"270",270,9,4,2.121,5,0,5,"69d2b8672541083658fc0f45"
"271",271,9,7,0.827,5,1,7,"69d2b8672541083658fc0f45"
"272",272,9,3,2.923,5,0,5,"69d2b8672541083658fc0f45"
"273",273,9,2,1.645,5,0,5,"69d2b8672541083658fc0f45"
"274",274,9,3,1.745,5,0,5,"69d2b8672541083658fc0f45"
"275",275,9,7,3.129,5,0,5,"69d2b8672541083658fc0f45"
"276",276,9,3,2.823,5,0,5,"69d2b8672541083658fc0f45"
"277",277,9,6,2.849,5,1,6,"69d2b8672541083658fc0f45"
"278",278,9,6,2.86,5,1,6,"69d2b8672541083658fc0f45"
"279",279,9,6,2.715,5,1,6,"69d2b8672541083658fc0f45"
"280",280,9,8,1.561,5,1,8,"69d2b8672541083658fc0f45"
"281",281,9,4,3.414,5,1,4,"69d2b8672541083658fc0f45"
"282",282,9,2,2.1,5,0,5,"69d2b8672541083658fc0f45"
"283",283,9,3,3.48,5,0,5,"69d2b8672541083658fc0f45"
"284",284,9,2,1.99,5,0,5,"69d2b8672541083658fc0f45"
"285",285,9,4,2.644,5,1,4,"69d2b8672541083658fc0f45"
"286",286,9,8,1.536,5,1,8,"69d2b8672541083658fc0f45"
"287",287,9,8,1.501,5,1,8,"69d2b8672541083658fc0f45"
"288",288,9,7,3.03,5,0,5,"69d2b8672541083658fc0f45"
"289",289,9,4,1.439,5,1,4,"69d2b8672541083658fc0f45"
"290",290,9,2,1.661,5,0,5,"69d2b8672541083658fc0f45"
"291",291,9,7,1.644,5,1,7,"69d2b8672541083658fc0f45"
"292",292,9,7,2.088,5,1,7,"69d2b8672541083658fc0f45"
"293",293,9,3,1.724,5,1,3,"69d2b8672541083658fc0f45"
"294",294,9,6,0.997,5,1,6,"69d2b8672541083658fc0f45"
"295",295,9,4,2.19,5,0,5,"69d2b8672541083658fc0f45"
"296",296,9,6,0.98,5,1,6,"69d2b8672541083658fc0f45"
"297",297,9,2,2.625,5,1,2,"69d2b8672541083658fc0f45"
"298",298,9,7,2.111,5,0,5,"69d2b8672541083658fc0f45"
"299",299,9,4,1.749,5,1,4,"69d2b8672541083658fc0f45"
"300",300,9,3,1.242,5,0,5,"69d2b8672541083658fc0f45"
"301",301,9,7,0.984,5,1,7,"69d2b8672541083658fc0f45"
"302",302,9,8,1.048,5,1,8,"69d2b8672541083658fc0f45"
"303",303,9,3,1.039,5,1,3,"69d2b8672541083658fc0f45"
"304",304,9,2,1.21,5,0,5,"69d2b8672541083658fc0f45"
"305",305,9,6,0.923,5,1,6,"69d2b8672541083658fc0f45"
"306",306,9,4,2.279,5,1,4,"69d2b8672541083658fc0f45"
"307",307,9,8,3.165,5,0,5,"69d2b8672541083658fc0f45"
"308",308,9,2,1.643,5,0,5,"69d2b8672541083658fc0f45"
"309",309,9,7,3.306,5,1,7,"69d2b8672541083658fc0f45"
"310",310,9,3,2.639,5,0,5,"69d2b8672541083658fc0f45"
"311",311,9,4,1.639,5,1,4,"69d2b8672541083658fc0f45"
"312",312,9,7,1.555,5,1,7,"69d2b8672541083658fc0f45"
"313",313,9,3,1.864,5,0,5,"69d2b8672541083658fc0f45"
"314",314,9,3,1.208,5,0,5,"69d2b8672541083658fc0f45"
"315",315,9,4,1.685,5,1,4,"69d2b8672541083658fc0f45"
"316",316,9,3,1.108,5,0,5,"69d2b8672541083658fc0f45"
"317",317,9,7,1.414,5,1,7,"69d2b8672541083658fc0f45"
"318",318,9,4,1.226,5,1,4,"69d2b8672541083658fc0f45"
"319",319,9,7,2.173,5,0,5,"69d2b8672541083658fc0f45"
"320",320,9,8,0.619,5,1,8,"69d2b8672541083658fc0f45"
"321",321,9,6,0.864,5,1,6,"69d2b8672541083658fc0f45"
"322",322,9,6,0.892,5,1,6,"69d2b8672541083658fc0f45"
"323",323,9,2,2.248,5,0,5,"69d2b8672541083658fc0f45"
"324",324,9,2,1.732,5,0,5,"69d2b8672541083658fc0f45"
"325",325,9,2,1.359,5,0,5,"69d2b8672541083658fc0f45"
"326",326,9,8,2.638,5,1,8,"69d2b8672541083658fc0f45"
"327",327,9,6,1.16,5,1,6,"69d2b8672541083658fc0f45"
"328",328,9,3,1.931,5,0,5,"69d2b8672541083658fc0f45"
"329",329,9,2,1.686,5,0,5,"69d2b8672541083658fc0f45"
"330",330,9,4,0.916,5,1,4,"69d2b8672541083658fc0f45"
"331",331,9,4,1.488,5,1,4,"69d2b8672541083658fc0f45"
"332",332,9,7,1.624,5,1,7,"69d2b8672541083658fc0f45"
"333",333,9,3,2.307,5,0,5,"69d2b8672541083658fc0f45"
"334",334,9,6,1.638,5,1,6,"69d2b8672541083658fc0f45"
"335",335,9,8,1.315,5,1,8,"69d2b8672541083658fc0f45"
"336",336,9,2,1.736,5,0,5,"69d2b8672541083658fc0f45"
"337",337,9,6,1.762,5,0,5,"69d2b8672541083658fc0f45"
"338",338,9,8,1.52,5,1,8,"69d2b8672541083658fc0f45"
"339",339,9,2,1.764,5,0,5,"69d2b8672541083658fc0f45"
"340",340,9,7,1.566,5,1,7,"69d2b8672541083658fc0f45"
"341",341,9,8,0.935,5,1,8,"69d2b8672541083658fc0f45"
"342",342,9,4,2.215,5,0,5,"69d2b8672541083658fc0f45"
"343",343,9,6,1.774,5,1,6,"69d2b8672541083658fc0f45"
"344",344,9,3,1.752,5,0,5,"69d2b8672541083658fc0f45"
"345",345,9,3,1.673,5,1,3,"69d2b8672541083658fc0f45"
"346",346,9,8,3.82,5,1,8,"69d2b8672541083658fc0f45"
"347",347,9,6,3.002,5,0,5,"69d2b8672541083658fc0f45"
"348",348,9,7,2.61,5,0,5,"69d2b8672541083658fc0f45"
"349",349,9,8,2.488,5,0,5,"69d2b8672541083658fc0f45"
"350",350,9,2,2.229,5,0,5,"69d2b8672541083658fc0f45"
"351",351,9,3,1.74,5,1,3,"69d2b8672541083658fc0f45"
"352",352,9,4,1.768,5,0,5,"69d2b8672541083658fc0f45"
"353",353,9,7,1.823,5,1,7,"69d2b8672541083658fc0f45"
"354",354,9,6,2.033,5,1,6,"69d2b8672541083658fc0f45"
"355",355,9,6,1.683,5,1,6,"69d2b8672541083658fc0f45"
"356",356,9,7,1.65,5,1,7,"69d2b8672541083658fc0f45"
"357",357,9,4,2.525,5,0,5,"69d2b8672541083658fc0f45"
"358",358,9,8,1.724,5,1,8,"69d2b8672541083658fc0f45"
"359",359,9,2,1.969,5,0,5,"69d2b8672541083658fc0f45"
"360",360,9,3,1.758,5,1,3,"69d2b8672541083658fc0f45"
"361",361,9,2,1.763,5,0,5,"69d2b8672541083658fc0f45"
"362",362,9,6,1.47,5,1,6,"69d2b8672541083658fc0f45"
"363",363,9,2,3.109,5,0,5,"69d2b8672541083658fc0f45"
"364",364,9,3,2.601,5,0,5,"69d2b8672541083658fc0f45"
"365",365,9,7,1.644,5,0,5,"69d2b8672541083658fc0f45"
"366",366,9,7,3.341,5,0,5,"69d2b8672541083658fc0f45"
"367",367,9,7,1.999,5,0,5,"69d2b8672541083658fc0f45"
"368",368,9,8,1.372,5,0,5,"69d2b8672541083658fc0f45"
"369",369,9,6,0.571,5,1,6,"69d2b8672541083658fc0f45"
"370",370,9,4,0.651,5,1,4,"69d2b8672541083658fc0f45"
"371",371,9,3,0.437,5,0,5,"69d2b8672541083658fc0f45"
"372",372,9,6,0.906,5,0,5,"69d2b8672541083658fc0f45"
"373",373,9,4,0.801,5,0,5,"69d2b8672541083658fc0f45"
"374",374,9,8,0.486,5,1,8,"69d2b8672541083658fc0f45"
"375",375,9,2,1.205,5,1,2,"69d2b8672541083658fc0f45"
"376",376,9,4,1.583,5,0,5,"69d2b8672541083658fc0f45"
"377",377,9,3,1.185,5,0,5,"69d2b8672541083658fc0f45"
"378",378,9,8,0.89,5,0,5,"69d2b8672541083658fc0f45"
"379",379,9,7,0.615,5,0,5,"69d2b8672541083658fc0f45"
"380",380,9,3,0.807,5,0,5,"69d2b8672541083658fc0f45"
"381",381,9,8,0.888,5,0,5,"69d2b8672541083658fc0f45"
"382",382,9,6,0.742,5,1,6,"69d2b8672541083658fc0f45"
"383",383,9,4,0.646,5,1,4,"69d2b8672541083658fc0f45"
"384",384,9,8,0.549,5,1,8,"69d2b8672541083658fc0f45"
"385",385,9,8,1.306,5,1,8,"69d2b8672541083658fc0f45"
"386",386,9,6,0.591,5,1,6,"69d2b8672541083658fc0f45"
"387",387,9,4,1.964,5,0,5,"69d2b8672541083658fc0f45"
"388",388,9,7,0.589,5,0,5,"69d2b8672541083658fc0f45"
"389",389,9,6,0.722,5,0,5,"69d2b8672541083658fc0f45"
"390",390,9,2,1.438,5,1,2,"69d2b8672541083658fc0f45"
"391",391,9,3,0.479,5,0,5,"69d2b8672541083658fc0f45"
"392",392,9,7,0.934,5,1,7,"69d2b8672541083658fc0f45"
"393",393,9,2,1.867,5,0,5,"69d2b8672541083658fc0f45"
"394",394,9,3,1.147,5,0,5,"69d2b8672541083658fc0f45"
"395",395,9,4,1.45,5,0,5,"69d2b8672541083658fc0f45"
"396",396,10,2,1.327,5,0,5,"69d454217ba1e1dde3db1187"
"397",397,10,6,1.511,5,1,6,"69d454217ba1e1dde3db1187"
"398",398,10,4,2.744,5,0,5,"69d454217ba1e1dde3db1187"
"399",399,10,3,2.729,5,0,5,"69d454217ba1e1dde3db1187"
"400",400,10,4,2.571,5,0,5,"69d454217ba1e1dde3db1187"
"401",401,10,7,2.598,5,1,7,"69d454217ba1e1dde3db1187"
"402",402,10,2,3.317,5,0,5,"69d454217ba1e1dde3db1187"
"403",403,10,3,2.49,5,0,5,"69d454217ba1e1dde3db1187"
"404",404,10,8,1.638,5,1,8,"69d454217ba1e1dde3db1187"
"405",405,10,7,2.244,5,0,5,"69d454217ba1e1dde3db1187"
"406",406,10,7,2.444,5,1,7,"69d454217ba1e1dde3db1187"
"407",407,10,3,1.225,5,0,5,"69d454217ba1e1dde3db1187"
"408",408,10,8,4.041,5,1,8,"69d454217ba1e1dde3db1187"
"409",409,10,6,2.342,5,1,6,"69d454217ba1e1dde3db1187"
"410",410,10,6,3.06,5,0,5,"69d454217ba1e1dde3db1187"
"411",411,10,2,2.241,5,0,5,"69d454217ba1e1dde3db1187"
"412",412,10,8,4.121,5,1,8,"69d454217ba1e1dde3db1187"
"413",413,10,2,3.07,5,0,5,"69d454217ba1e1dde3db1187"
"414",414,10,7,3.155,5,1,7,"69d454217ba1e1dde3db1187"
"415",415,10,6,1.516,5,0,5,"69d454217ba1e1dde3db1187"
"416",416,10,4,2.388,5,1,4,"69d454217ba1e1dde3db1187"
"417",417,10,3,2.698,5,1,3,"69d454217ba1e1dde3db1187"
"418",418,10,3,1.282,5,0,5,"69d454217ba1e1dde3db1187"
"419",419,10,7,1.596,5,1,7,"69d454217ba1e1dde3db1187"
"420",420,10,6,3.164,5,0,5,"69d454217ba1e1dde3db1187"
"421",421,10,4,3.595,5,0,5,"69d454217ba1e1dde3db1187"
"422",422,10,8,1.561,5,1,8,"69d454217ba1e1dde3db1187"
"423",423,10,8,1.969,5,1,8,"69d454217ba1e1dde3db1187"
"424",424,10,7,1.161,5,0,5,"69d454217ba1e1dde3db1187"
"425",425,10,3,3.296,5,1,3,"69d454217ba1e1dde3db1187"
"426",426,10,2,1.521,5,0,5,"69d454217ba1e1dde3db1187"
"427",427,10,6,1.738,5,1,6,"69d454217ba1e1dde3db1187"
"428",428,10,4,3.755,5,0,5,"69d454217ba1e1dde3db1187"
"429",429,10,3,2.127,5,0,5,"69d454217ba1e1dde3db1187"
"430",430,10,2,3.158,5,0,5,"69d454217ba1e1dde3db1187"
"431",431,10,6,4.035,5,1,6,"69d454217ba1e1dde3db1187"
"432",432,10,8,4.166,5,1,8,"69d454217ba1e1dde3db1187"
"433",433,10,7,1.584,5,1,7,"69d454217ba1e1dde3db1187"
"434",434,10,4,1.427,5,0,5,"69d454217ba1e1dde3db1187"
"435",435,10,2,3.035,5,0,5,"69d454217ba1e1dde3db1187"
"436",436,10,6,5.226,5,0,5,"69d454217ba1e1dde3db1187"
"437",437,10,3,3.752,5,0,5,"69d454217ba1e1dde3db1187"
"438",438,10,4,4.567,5,0,5,"69d454217ba1e1dde3db1187"
"439",439,10,6,2.36,5,1,6,"69d454217ba1e1dde3db1187"
"440",440,10,4,3.544,5,0,5,"69d454217ba1e1dde3db1187"
"441",441,10,2,4.558,5,0,5,"69d454217ba1e1dde3db1187"
"442",442,10,3,2.665,5,0,5,"69d454217ba1e1dde3db1187"
"443",443,10,7,2.855,5,1,7,"69d454217ba1e1dde3db1187"
"444",444,10,8,4.71,5,0,5,"69d454217ba1e1dde3db1187"
"445",445,10,3,2.794,5,0,5,"69d454217ba1e1dde3db1187"
"446",446,10,2,2.214,5,0,5,"69d454217ba1e1dde3db1187"
"447",447,10,4,2.503,5,0,5,"69d454217ba1e1dde3db1187"
"448",448,10,7,3.452,5,0,5,"69d454217ba1e1dde3db1187"
"449",449,10,8,2.803,5,1,8,"69d454217ba1e1dde3db1187"
"450",450,10,4,3.691,5,0,5,"69d454217ba1e1dde3db1187"
"451",451,10,6,2.586,5,1,6,"69d454217ba1e1dde3db1187"
"452",452,10,6,2.066,5,1,6,"69d454217ba1e1dde3db1187"
"453",453,10,4,2.292,5,0,5,"69d454217ba1e1dde3db1187"
"454",454,10,7,3.381,5,1,7,"69d454217ba1e1dde3db1187"
"455",455,10,3,2.522,5,0,5,"69d454217ba1e1dde3db1187"
"456",456,10,6,2.228,5,1,6,"69d454217ba1e1dde3db1187"
"457",457,10,2,2.315,5,0,5,"69d454217ba1e1dde3db1187"
"458",458,10,2,3.588,5,1,2,"69d454217ba1e1dde3db1187"
"459",459,10,7,1.951,5,1,7,"69d454217ba1e1dde3db1187"
"460",460,10,3,3.24,5,0,5,"69d454217ba1e1dde3db1187"
"461",461,10,8,3.215,5,0,5,"69d454217ba1e1dde3db1187"
"462",462,10,6,2.538,5,1,6,"69d454217ba1e1dde3db1187"
"463",463,10,3,2.158,5,0,5,"69d454217ba1e1dde3db1187"
"464",464,10,7,1.766,5,1,7,"69d454217ba1e1dde3db1187"
"465",465,10,2,1.727,5,0,5,"69d454217ba1e1dde3db1187"
"466",466,10,4,4.552,5,1,4,"69d454217ba1e1dde3db1187"
"467",467,10,2,3.006,5,0,5,"69d454217ba1e1dde3db1187"
"468",468,10,3,2.764,5,1,3,"69d454217ba1e1dde3db1187"
"469",469,10,8,1.205,5,1,8,"69d454217ba1e1dde3db1187"
"470",470,10,3,2.168,5,0,5,"69d454217ba1e1dde3db1187"
"471",471,10,6,1.815,5,0,5,"69d454217ba1e1dde3db1187"
"472",472,10,6,1.107,5,1,6,"69d454217ba1e1dde3db1187"
"473",473,10,8,0.905,5,1,8,"69d454217ba1e1dde3db1187"
"474",474,10,7,1.607,5,0,5,"69d454217ba1e1dde3db1187"
"475",475,10,4,1.17,5,1,4,"69d454217ba1e1dde3db1187"
"476",476,10,2,1.805,5,0,5,"69d454217ba1e1dde3db1187"
"477",477,10,3,1.887,5,0,5,"69d454217ba1e1dde3db1187"
"478",478,10,4,2.018,5,0,5,"69d454217ba1e1dde3db1187"
"479",479,10,3,3.952,5,0,5,"69d454217ba1e1dde3db1187"
"480",480,10,8,1.715,5,1,8,"69d454217ba1e1dde3db1187"
"481",481,10,6,2.382,5,0,5,"69d454217ba1e1dde3db1187"
"482",482,10,8,2.09,5,1,8,"69d454217ba1e1dde3db1187"
"483",483,10,2,1.831,5,0,5,"69d454217ba1e1dde3db1187"
"484",484,10,8,4.851,5,1,8,"69d454217ba1e1dde3db1187"
"485",485,10,3,1.664,5,0,5,"69d454217ba1e1dde3db1187"
"486",486,10,2,2.342,5,0,5,"69d454217ba1e1dde3db1187"
"487",487,10,2,2.456,5,0,5,"69d454217ba1e1dde3db1187"
"488",488,10,4,4.283,5,0,5,"69d454217ba1e1dde3db1187"
"489",489,10,7,1.726,5,1,7,"69d454217ba1e1dde3db1187"
"490",490,10,6,2.221,5,0,5,"69d454217ba1e1dde3db1187"
"491",491,10,8,1.583,5,1,8,"69d454217ba1e1dde3db1187"
"492",492,10,3,1.325,5,0,5,"69d454217ba1e1dde3db1187"
"493",493,10,2,1.355,5,0,5,"69d454217ba1e1dde3db1187"
"494",494,10,6,3.053,5,1,6,"69d454217ba1e1dde3db1187"
"495",495,10,6,2.143,5,1,6,"69d454217ba1e1dde3db1187"
"496",496,10,4,2.232,5,0,5,"69d454217ba1e1dde3db1187"
"497",497,10,8,2.071,5,1,8,"69d454217ba1e1dde3db1187"
"498",498,10,4,1.888,5,1,4,"69d454217ba1e1dde3db1187"
"499",499,10,4,4.872,5,1,4,"69d454217ba1e1dde3db1187"
"500",500,10,7,1.78,5,1,7,"69d454217ba1e1dde3db1187"
"501",501,10,8,2.246,5,1,8,"69d454217ba1e1dde3db1187"
"502",502,10,7,1.724,5,0,5,"69d454217ba1e1dde3db1187"
"503",503,10,7,3.569,5,0,5,"69d454217ba1e1dde3db1187"
"504",504,10,3,2.144,5,0,5,"69d454217ba1e1dde3db1187"
"505",505,10,3,2.322,5,0,5,"69d454217ba1e1dde3db1187"
"506",506,10,6,2.021,5,1,6,"69d454217ba1e1dde3db1187"
"507",507,10,3,4.941,5,0,5,"69d454217ba1e1dde3db1187"
"508",508,10,2,2.234,5,0,5,"69d454217ba1e1dde3db1187"
"509",509,10,7,2.478,5,1,7,"69d454217ba1e1dde3db1187"
"510",510,10,8,1.504,5,1,8,"69d454217ba1e1dde3db1187"
"511",511,10,7,2.092,5,1,7,"69d454217ba1e1dde3db1187"
"512",512,10,3,1.664,5,0,5,"69d454217ba1e1dde3db1187"
"513",513,10,6,2.576,5,1,6,"69d454217ba1e1dde3db1187"
"514",514,10,4,3.037,5,0,5,"69d454217ba1e1dde3db1187"
"515",515,10,8,4.475,5,1,8,"69d454217ba1e1dde3db1187"
"516",516,10,8,2.491,5,1,8,"69d454217ba1e1dde3db1187"
"517",517,10,4,2.456,5,1,4,"69d454217ba1e1dde3db1187"
"518",518,10,7,1.011,5,0,5,"69d454217ba1e1dde3db1187"
"519",519,10,2,2.084,5,0,5,"69d454217ba1e1dde3db1187"
"520",520,11,7,2.733,5,1,7,"69dfb1b667293231fb257ebf"
"521",521,11,3,3.559,5,0,5,"69dfb1b667293231fb257ebf"
"522",522,11,2,3.617,5,0,5,"69dfb1b667293231fb257ebf"
"523",523,11,2,3.725,5,0,5,"69dfb1b667293231fb257ebf"
"524",524,11,6,2.827,5,1,6,"69dfb1b667293231fb257ebf"
"525",525,11,4,2.802,5,0,5,"69dfb1b667293231fb257ebf"
"526",526,11,7,2.186,5,1,7,"69dfb1b667293231fb257ebf"
"527",527,11,4,2.003,5,0,5,"69dfb1b667293231fb257ebf"
"528",528,11,3,3.829,5,0,5,"69dfb1b667293231fb257ebf"
"529",529,11,2,2.16,5,0,5,"69dfb1b667293231fb257ebf"
"530",530,11,4,2.776,5,0,5,"69dfb1b667293231fb257ebf"
"531",531,11,8,2.185,5,1,8,"69dfb1b667293231fb257ebf"
"532",532,11,8,2.526,5,1,8,"69dfb1b667293231fb257ebf"
"533",533,11,6,1.526,5,1,6,"69dfb1b667293231fb257ebf"
"534",534,11,7,2.587,5,1,7,"69dfb1b667293231fb257ebf"
"535",535,11,3,3.391,5,0,5,"69dfb1b667293231fb257ebf"
"536",536,11,8,1.591,5,1,8,"69dfb1b667293231fb257ebf"
"537",537,11,6,3.389,5,1,6,"69dfb1b667293231fb257ebf"
"538",538,11,7,2.908,5,1,7,"69dfb1b667293231fb257ebf"
"539",539,11,2,3.233,5,0,5,"69dfb1b667293231fb257ebf"
"540",540,11,8,2.82,5,1,8,"69dfb1b667293231fb257ebf"
"541",541,11,3,3.386,5,0,5,"69dfb1b667293231fb257ebf"
"542",542,11,6,2.67,5,1,6,"69dfb1b667293231fb257ebf"
"543",543,11,2,2.676,5,0,5,"69dfb1b667293231fb257ebf"
"544",544,11,8,2.719,5,1,8,"69dfb1b667293231fb257ebf"
"545",545,11,4,4.377,5,1,4,"69dfb1b667293231fb257ebf"
"546",546,11,3,3.931,5,0,5,"69dfb1b667293231fb257ebf"
"547",547,11,7,2.537,5,1,7,"69dfb1b667293231fb257ebf"
"548",548,11,8,2.464,5,1,8,"69dfb1b667293231fb257ebf"
"549",549,11,2,4.275,5,0,5,"69dfb1b667293231fb257ebf"
"550",550,11,3,3.137,5,1,3,"69dfb1b667293231fb257ebf"
"551",551,11,4,3.473,5,1,4,"69dfb1b667293231fb257ebf"
"552",552,11,4,4.049,5,0,5,"69dfb1b667293231fb257ebf"
"553",553,11,7,4.592,5,0,5,"69dfb1b667293231fb257ebf"
"554",554,11,6,2.293,5,1,6,"69dfb1b667293231fb257ebf"
"555",555,11,6,4.835,5,0,5,"69dfb1b667293231fb257ebf"
"556",556,11,8,3.832,5,0,5,"69dfb1b667293231fb257ebf"
"557",557,11,2,3.278,5,0,5,"69dfb1b667293231fb257ebf"
"558",558,11,4,3.302,5,0,5,"69dfb1b667293231fb257ebf"
"559",559,11,6,3.642,5,1,6,"69dfb1b667293231fb257ebf"
"560",560,11,7,4.054,5,1,7,"69dfb1b667293231fb257ebf"
"561",561,11,4,2.577,5,0,5,"69dfb1b667293231fb257ebf"
"562",562,11,7,2.55,5,1,7,"69dfb1b667293231fb257ebf"
"563",563,11,3,3.638,5,0,5,"69dfb1b667293231fb257ebf"
"564",564,11,2,4.251,5,1,2,"69dfb1b667293231fb257ebf"
"565",565,11,8,2.178,5,1,8,"69dfb1b667293231fb257ebf"
"566",566,11,4,4.834,5,0,5,"69dfb1b667293231fb257ebf"
"567",567,11,7,2.017,5,1,7,"69dfb1b667293231fb257ebf"
"568",568,11,6,1.348,5,0,5,"69dfb1b667293231fb257ebf"
"569",569,11,2,1.411,5,0,5,"69dfb1b667293231fb257ebf"
"570",570,11,3,1.719,5,0,5,"69dfb1b667293231fb257ebf"
"571",571,11,3,1.357,5,1,3,"69dfb1b667293231fb257ebf"
"572",572,11,8,1.883,5,1,8,"69dfb1b667293231fb257ebf"
"573",573,11,4,1.518,5,0,5,"69dfb1b667293231fb257ebf"
"574",574,11,4,3.231,5,0,5,"69dfb1b667293231fb257ebf"
"575",575,11,4,2.382,5,0,5,"69dfb1b667293231fb257ebf"
"576",576,11,3,1.244,5,0,5,"69dfb1b667293231fb257ebf"
"577",577,11,2,2.474,5,0,5,"69dfb1b667293231fb257ebf"
"578",578,11,7,3.08,5,0,5,"69dfb1b667293231fb257ebf"
"579",579,11,2,1.235,5,0,5,"69dfb1b667293231fb257ebf"
"580",580,11,6,2.471,5,1,6,"69dfb1b667293231fb257ebf"
"581",581,11,7,2.403,5,0,5,"69dfb1b667293231fb257ebf"
"582",582,11,3,2.43,5,0,5,"69dfb1b667293231fb257ebf"
"583",583,11,7,3.133,5,1,7,"69dfb1b667293231fb257ebf"
"584",584,11,8,2.12,5,1,8,"69dfb1b667293231fb257ebf"
"585",585,11,3,3.38,5,0,5,"69dfb1b667293231fb257ebf"
"586",586,11,6,3.225,5,1,6,"69dfb1b667293231fb257ebf"
"587",587,11,2,3.523,5,0,5,"69dfb1b667293231fb257ebf"
"588",588,11,6,2.693,5,1,6,"69dfb1b667293231fb257ebf"
"589",589,11,3,2.729,5,1,3,"69dfb1b667293231fb257ebf"
"590",590,11,8,1.284,5,1,8,"69dfb1b667293231fb257ebf"
"591",591,11,8,2.036,5,1,8,"69dfb1b667293231fb257ebf"
"592",592,11,6,1.762,5,1,6,"69dfb1b667293231fb257ebf"
"593",593,11,6,4.501,5,1,6,"69dfb1b667293231fb257ebf"
"594",594,11,6,2.876,5,1,6,"69dfb1b667293231fb257ebf"
"595",595,11,4,1.386,5,0,5,"69dfb1b667293231fb257ebf"
"596",596,11,7,4.856,5,1,7,"69dfb1b667293231fb257ebf"
"597",597,11,2,4.035,5,0,5,"69dfb1b667293231fb257ebf"
"598",598,11,3,2.123,5,0,5,"69dfb1b667293231fb257ebf"
"599",599,11,2,1.623,5,0,5,"69dfb1b667293231fb257ebf"
"600",600,11,4,2.064,5,0,5,"69dfb1b667293231fb257ebf"
"601",601,11,8,2.518,5,1,8,"69dfb1b667293231fb257ebf"
"602",602,11,7,1.605,5,1,7,"69dfb1b667293231fb257ebf"
"603",603,11,2,1.724,5,0,5,"69dfb1b667293231fb257ebf"
"604",604,11,4,1.599,5,1,4,"69dfb1b667293231fb257ebf"
"605",605,11,3,1.333,5,0,5,"69dfb1b667293231fb257ebf"
"606",606,11,8,5.592,5,1,8,"69dfb1b667293231fb257ebf"
"607",607,11,6,1.442,5,1,6,"69dfb1b667293231fb257ebf"
"608",608,11,3,2.803,5,1,3,"69dfb1b667293231fb257ebf"
"609",609,11,4,2.911,5,1,4,"69dfb1b667293231fb257ebf"
"610",610,11,7,2.005,5,0,5,"69dfb1b667293231fb257ebf"
"611",611,11,2,3.003,5,0,5,"69dfb1b667293231fb257ebf"
"612",612,11,6,2.628,5,1,6,"69dfb1b667293231fb257ebf"
"613",613,11,3,2.097,5,1,3,"69dfb1b667293231fb257ebf"
"614",614,11,6,4.804,5,1,6,"69dfb1b667293231fb257ebf"
"615",615,11,8,2.577,5,0,5,"69dfb1b667293231fb257ebf"
"616",616,11,7,1.929,5,1,7,"69dfb1b667293231fb257ebf"
"617",617,11,4,1.427,5,1,4,"69dfb1b667293231fb257ebf"
"618",618,11,8,1.993,5,1,8,"69dfb1b667293231fb257ebf"
"619",619,11,2,4.577,5,0,5,"69dfb1b667293231fb257ebf"
"620",620,11,3,2.338,5,1,3,"69dfb1b667293231fb257ebf"
"621",621,11,2,2.748,5,0,5,"69dfb1b667293231fb257ebf"
"622",622,11,7,0.722,5,1,7,"69dfb1b667293231fb257ebf"
"623",623,11,7,2.751,5,1,7,"69dfb1b667293231fb257ebf"
"624",624,11,8,1.785,5,1,8,"69dfb1b667293231fb257ebf"
"625",625,11,2,2.782,5,0,5,"69dfb1b667293231fb257ebf"
"626",626,11,3,0.924,5,1,3,"69dfb1b667293231fb257ebf"
"627",627,11,6,2.36,5,1,6,"69dfb1b667293231fb257ebf"
"628",628,11,4,1.948,5,0,5,"69dfb1b667293231fb257ebf"
"629",629,11,6,1.412,5,1,6,"69dfb1b667293231fb257ebf"
"630",630,11,3,2.203,5,0,5,"69dfb1b667293231fb257ebf"
"631",631,11,6,2.412,5,1,6,"69dfb1b667293231fb257ebf"
"632",632,11,7,1.715,5,1,7,"69dfb1b667293231fb257ebf"
"633",633,11,3,1.603,5,0,5,"69dfb1b667293231fb257ebf"
"634",634,11,8,1.485,5,1,8,"69dfb1b667293231fb257ebf"
"635",635,11,4,2.41,5,0,5,"69dfb1b667293231fb257ebf"
"636",636,11,2,1.176,5,0,5,"69dfb1b667293231fb257ebf"
"637",637,11,7,1.562,5,1,7,"69dfb1b667293231fb257ebf"
"638",638,11,4,2.572,5,1,4,"69dfb1b667293231fb257ebf"
"639",639,11,8,1.148,5,1,8,"69dfb1b667293231fb257ebf"
"640",640,11,3,2.73,5,0,5,"69dfb1b667293231fb257ebf"
"641",641,11,3,1.082,5,0,5,"69dfb1b667293231fb257ebf"
"642",642,11,2,4.804,5,0,5,"69dfb1b667293231fb257ebf"
"643",643,11,7,3.656,5,0,5,"69dfb1b667293231fb257ebf"
"644",644,11,6,4.543,5,0,5,"69dfb1b667293231fb257ebf"
"645",645,11,7,4.274,5,0,5,"69dfb1b667293231fb257ebf"
"646",646,11,6,2.829,5,0,5,"69dfb1b667293231fb257ebf"
"647",647,11,8,1.316,5,1,8,"69dfb1b667293231fb257ebf"
"648",648,11,4,4.014,5,0,5,"69dfb1b667293231fb257ebf"
"649",649,11,2,2.786,5,0,5,"69dfb1b667293231fb257ebf"
"650",650,11,3,3.313,5,0,5,"69dfb1b667293231fb257ebf"
"651",651,11,8,2.821,5,1,8,"69dfb1b667293231fb257ebf"
"652",652,11,4,1.568,5,1,4,"69dfb1b667293231fb257ebf"
"653",653,11,8,1.877,5,1,8,"69dfb1b667293231fb257ebf"
"654",654,11,7,3.116,5,1,7,"69dfb1b667293231fb257ebf"
"655",655,11,6,1.514,5,0,5,"69dfb1b667293231fb257ebf"
"656",656,11,4,2.033,5,0,5,"69dfb1b667293231fb257ebf"
"657",657,12,7,2.727,5,1,7,"69e112f785f66398ad4436bf"
"658",658,12,2,0.786,5,0,5,"69e112f785f66398ad4436bf"
"659",659,12,2,0.638,5,0,5,"69e112f785f66398ad4436bf"
"660",660,12,3,2.227,5,0,5,"69e112f785f66398ad4436bf"
"661",661,12,6,2.631,5,1,6,"69e112f785f66398ad4436bf"
"662",662,12,8,1.502,5,1,8,"69e112f785f66398ad4436bf"
"663",663,12,6,1.183,5,1,6,"69e112f785f66398ad4436bf"
"664",664,12,8,1.434,5,1,8,"69e112f785f66398ad4436bf"
"665",665,12,7,1.173,5,1,7,"69e112f785f66398ad4436bf"
"666",666,12,7,0.771,5,1,7,"69e112f785f66398ad4436bf"
"667",667,12,4,1.323,5,0,5,"69e112f785f66398ad4436bf"
"668",668,12,3,1.133,5,0,5,"69e112f785f66398ad4436bf"
"669",669,12,4,1.234,5,0,5,"69e112f785f66398ad4436bf"
"670",670,12,4,2.29,5,1,4,"69e112f785f66398ad4436bf"
"671",671,12,6,1.663,5,1,6,"69e112f785f66398ad4436bf"
"672",672,12,3,1.302,5,0,5,"69e112f785f66398ad4436bf"
"673",673,12,8,1.329,5,1,8,"69e112f785f66398ad4436bf"
"674",674,12,8,1.094,5,1,8,"69e112f785f66398ad4436bf"
"675",675,12,3,1.303,5,1,3,"69e112f785f66398ad4436bf"
"676",676,12,2,0.949,5,1,2,"69e112f785f66398ad4436bf"
"677",677,12,4,1.324,5,1,4,"69e112f785f66398ad4436bf"
"678",678,12,7,1.346,5,1,7,"69e112f785f66398ad4436bf"
"679",679,12,7,1.479,5,1,7,"69e112f785f66398ad4436bf"
"680",680,12,8,0.913,5,1,8,"69e112f785f66398ad4436bf"
"681",681,12,4,1.396,5,0,5,"69e112f785f66398ad4436bf"
"682",682,12,7,1.316,5,1,7,"69e112f785f66398ad4436bf"
"683",683,12,8,1.502,5,1,8,"69e112f785f66398ad4436bf"
"684",684,12,4,0.866,5,0,5,"69e112f785f66398ad4436bf"
"685",685,12,6,1.392,5,1,6,"69e112f785f66398ad4436bf"
"686",686,12,2,0.768,5,0,5,"69e112f785f66398ad4436bf"
"687",687,12,3,1.215,5,0,5,"69e112f785f66398ad4436bf"
"688",688,12,2,1.192,5,0,5,"69e112f785f66398ad4436bf"
"689",689,12,3,1.158,5,0,5,"69e112f785f66398ad4436bf"
"690",690,12,6,1.164,5,1,6,"69e112f785f66398ad4436bf"
"691",691,12,6,1.273,5,1,6,"69e112f785f66398ad4436bf"
"692",692,12,6,1.429,5,1,6,"69e112f785f66398ad4436bf"
"693",693,12,3,2.034,5,0,5,"69e112f785f66398ad4436bf"
"694",694,12,4,2.003,5,0,5,"69e112f785f66398ad4436bf"
"695",695,12,8,1.499,5,1,8,"69e112f785f66398ad4436bf"
"696",696,12,7,2.016,5,0,5,"69e112f785f66398ad4436bf"
"697",697,12,8,1.938,5,1,8,"69e112f785f66398ad4436bf"
"698",698,12,2,0.965,5,0,5,"69e112f785f66398ad4436bf"
"699",699,12,4,2.075,5,0,5,"69e112f785f66398ad4436bf"
"700",700,12,3,1.679,5,0,5,"69e112f785f66398ad4436bf"
"701",701,12,2,1.177,5,0,5,"69e112f785f66398ad4436bf"
"702",702,12,6,1.671,5,1,6,"69e112f785f66398ad4436bf"
"703",703,12,2,1.669,5,0,5,"69e112f785f66398ad4436bf"
"704",704,12,7,1.712,5,1,7,"69e112f785f66398ad4436bf"
"705",705,12,3,1.717,5,1,3,"69e112f785f66398ad4436bf"
"706",706,12,7,0.972,5,1,7,"69e112f785f66398ad4436bf"
"707",707,12,6,1.768,5,1,6,"69e112f785f66398ad4436bf"
"708",708,12,6,2.884,5,1,6,"69e112f785f66398ad4436bf"
"709",709,12,8,1.753,5,1,8,"69e112f785f66398ad4436bf"
"710",710,12,3,1.536,5,0,5,"69e112f785f66398ad4436bf"
"711",711,12,4,1.504,5,0,5,"69e112f785f66398ad4436bf"
"712",712,12,7,1.949,5,1,7,"69e112f785f66398ad4436bf"
"713",713,12,2,0.755,5,0,5,"69e112f785f66398ad4436bf"
"714",714,12,7,1.792,5,1,7,"69e112f785f66398ad4436bf"
"715",715,12,4,1.889,5,0,5,"69e112f785f66398ad4436bf"
"716",716,12,8,1.407,5,1,8,"69e112f785f66398ad4436bf"
"717",717,12,7,2.387,5,1,7,"69e112f785f66398ad4436bf"
"718",718,12,2,1.826,5,1,2,"69e112f785f66398ad4436bf"
"719",719,12,4,0.867,5,0,5,"69e112f785f66398ad4436bf"
"720",720,12,3,1.207,5,0,5,"69e112f785f66398ad4436bf"
"721",721,12,6,1.348,5,1,6,"69e112f785f66398ad4436bf"
"722",722,12,2,0.902,5,0,5,"69e112f785f66398ad4436bf"
"723",723,12,3,1.085,5,0,5,"69e112f785f66398ad4436bf"
"724",724,12,6,1.979,5,0,5,"69e112f785f66398ad4436bf"
"725",725,12,6,2.347,5,0,5,"69e112f785f66398ad4436bf"
"726",726,12,8,1.949,5,0,5,"69e112f785f66398ad4436bf"
"727",727,12,2,1.22,5,0,5,"69e112f785f66398ad4436bf"
"728",728,12,7,1.969,5,1,7,"69e112f785f66398ad4436bf"
"729",729,12,4,2.484,5,0,5,"69e112f785f66398ad4436bf"
"730",730,12,2,1.593,5,0,5,"69e112f785f66398ad4436bf"
"731",731,12,7,1.392,5,1,7,"69e112f785f66398ad4436bf"
"732",732,12,2,0.938,5,0,5,"69e112f785f66398ad4436bf"
"733",733,12,8,2.092,5,1,8,"69e112f785f66398ad4436bf"
"734",734,12,4,1.502,5,0,5,"69e112f785f66398ad4436bf"
"735",735,12,3,1.758,5,1,3,"69e112f785f66398ad4436bf"
"736",736,12,3,1.581,5,1,3,"69e112f785f66398ad4436bf"
"737",737,12,3,1.126,5,0,5,"69e112f785f66398ad4436bf"
"738",738,12,6,1.848,5,1,6,"69e112f785f66398ad4436bf"
"739",739,12,8,1.29,5,1,8,"69e112f785f66398ad4436bf"
"740",740,12,6,1.495,5,1,6,"69e112f785f66398ad4436bf"
"741",741,12,7,1.084,5,1,7,"69e112f785f66398ad4436bf"
"742",742,12,3,1.099,5,0,5,"69e112f785f66398ad4436bf"
"743",743,12,8,1.991,5,1,8,"69e112f785f66398ad4436bf"
"744",744,12,7,1.822,5,0,5,"69e112f785f66398ad4436bf"
"745",745,12,3,1.419,5,0,5,"69e112f785f66398ad4436bf"
"746",746,12,3,1.613,5,0,5,"69e112f785f66398ad4436bf"
"747",747,12,6,1.769,5,0,5,"69e112f785f66398ad4436bf"
"748",748,12,6,1.505,5,0,5,"69e112f785f66398ad4436bf"
"749",749,12,8,2.029,5,1,8,"69e112f785f66398ad4436bf"
"750",750,12,8,1.446,5,1,8,"69e112f785f66398ad4436bf"
"751",751,12,2,1.67,5,0,5,"69e112f785f66398ad4436bf"
"752",752,12,4,1.786,5,0,5,"69e112f785f66398ad4436bf"
"753",753,12,7,1.078,5,1,7,"69e112f785f66398ad4436bf"
"754",754,12,2,0.943,5,0,5,"69e112f785f66398ad4436bf"
"755",755,12,4,2.088,5,1,4,"69e112f785f66398ad4436bf"
"756",756,12,6,0.728,5,1,6,"69e112f785f66398ad4436bf"
"757",757,12,2,0.663,5,0,5,"69e112f785f66398ad4436bf"
"758",758,12,6,1.981,5,1,6,"69e112f785f66398ad4436bf"
"759",759,12,8,1.303,5,1,8,"69e112f785f66398ad4436bf"
"760",760,12,2,1.137,5,0,5,"69e112f785f66398ad4436bf"
"761",761,12,6,1.222,5,1,6,"69e112f785f66398ad4436bf"
"762",762,12,7,2.066,5,1,7,"69e112f785f66398ad4436bf"
"763",763,12,3,1.403,5,0,5,"69e112f785f66398ad4436bf"
"764",764,12,4,2.047,5,0,5,"69e112f785f66398ad4436bf"
"765",765,12,8,1.163,5,1,8,"69e112f785f66398ad4436bf"
"766",766,12,4,1.801,5,1,4,"69e112f785f66398ad4436bf"
"767",767,12,8,0.47,5,1,8,"69e112f785f66398ad4436bf"
"768",768,12,4,2.28,5,0,5,"69e112f785f66398ad4436bf"
"769",769,12,3,1.345,5,0,5,"69e112f785f66398ad4436bf"
"770",770,12,3,1.969,5,1,3,"69e112f785f66398ad4436bf"
"771",771,12,2,1.692,5,0,5,"69e112f785f66398ad4436bf"
"772",772,12,6,2.238,5,1,6,"69e112f785f66398ad4436bf"
"773",773,12,7,1.558,5,1,7,"69e112f785f66398ad4436bf"
"774",774,12,7,1.247,5,1,7,"69e112f785f66398ad4436bf"
"775",775,12,3,0.964,5,0,5,"69e112f785f66398ad4436bf"
"776",776,12,2,1.225,5,0,5,"69e112f785f66398ad4436bf"
"777",777,12,8,0.954,5,1,8,"69e112f785f66398ad4436bf"
"778",778,12,4,1.333,5,0,5,"69e112f785f66398ad4436bf"
"779",779,12,8,1.283,5,1,8,"69e112f785f66398ad4436bf"
"780",780,12,6,2.01,5,0,5,"69e112f785f66398ad4436bf"
"781",781,12,3,1.806,5,0,5,"69e112f785f66398ad4436bf"
"782",782,12,4,2.063,5,0,5,"69e112f785f66398ad4436bf"
"783",783,12,4,1.339,5,0,5,"69e112f785f66398ad4436bf"
"784",784,12,3,1.231,5,0,5,"69e112f785f66398ad4436bf"
"785",785,12,6,1.001,5,1,6,"69e112f785f66398ad4436bf"
"786",786,12,8,1.033,5,1,8,"69e112f785f66398ad4436bf"
"787",787,12,7,1.088,5,0,5,"69e112f785f66398ad4436bf"
"788",788,12,7,0.732,5,1,7,"69e112f785f66398ad4436bf"
"789",789,12,2,0.745,5,0,5,"69e112f785f66398ad4436bf"
"790",790,12,6,1.305,5,1,6,"69e112f785f66398ad4436bf"
"791",791,12,7,1.587,5,1,7,"69e112f785f66398ad4436bf"
"792",792,13,7,0.707,5,0,5,"69e142b895d9393cd23ec58d"
"793",793,13,7,2.817,5,1,7,"69e142b895d9393cd23ec58d"
"794",794,13,4,1.956,5,0,5,"69e142b895d9393cd23ec58d"
"795",795,13,7,2.474,5,1,7,"69e142b895d9393cd23ec58d"
"796",796,13,2,1.441,5,0,5,"69e142b895d9393cd23ec58d"
"797",797,13,6,2.051,5,1,6,"69e142b895d9393cd23ec58d"
"798",798,13,8,2.503,5,1,8,"69e142b895d9393cd23ec58d"
"799",799,13,2,2.624,5,0,5,"69e142b895d9393cd23ec58d"
"800",800,13,3,3.087,5,1,3,"69e142b895d9393cd23ec58d"
"801",801,13,3,1.86,5,0,5,"69e142b895d9393cd23ec58d"
"802",802,13,3,2.142,5,0,5,"69e142b895d9393cd23ec58d"
"803",803,13,2,3.055,5,0,5,"69e142b895d9393cd23ec58d"
"804",804,13,6,1.716,5,0,5,"69e142b895d9393cd23ec58d"
"805",805,13,6,1.495,5,1,6,"69e142b895d9393cd23ec58d"
"806",806,13,4,1.836,5,1,4,"69e142b895d9393cd23ec58d"
"807",807,13,8,1.772,5,1,8,"69e142b895d9393cd23ec58d"
"808",808,13,2,1.986,5,0,5,"69e142b895d9393cd23ec58d"
"809",809,13,4,3.273,5,0,5,"69e142b895d9393cd23ec58d"
"810",810,13,3,1.797,5,0,5,"69e142b895d9393cd23ec58d"
"811",811,13,3,2.889,5,1,3,"69e142b895d9393cd23ec58d"
"812",812,13,7,2.355,5,0,5,"69e142b895d9393cd23ec58d"
"813",813,13,7,2.751,5,1,7,"69e142b895d9393cd23ec58d"
"814",814,13,2,3.263,5,0,5,"69e142b895d9393cd23ec58d"
"815",815,13,4,1.68,5,1,4,"69e142b895d9393cd23ec58d"
"816",816,13,6,3.367,5,1,6,"69e142b895d9393cd23ec58d"
"817",817,13,8,1.977,5,1,8,"69e142b895d9393cd23ec58d"
"818",818,13,8,1.965,5,1,8,"69e142b895d9393cd23ec58d"
"819",819,13,6,1.218,5,1,6,"69e142b895d9393cd23ec58d"
"820",820,13,6,2.166,5,0,5,"69e142b895d9393cd23ec58d"
"821",821,13,2,1.961,5,0,5,"69e142b895d9393cd23ec58d"
"822",822,13,4,1.859,5,0,5,"69e142b895d9393cd23ec58d"
"823",823,13,7,2.399,5,1,7,"69e142b895d9393cd23ec58d"
"824",824,13,6,1.289,5,0,5,"69e142b895d9393cd23ec58d"
"825",825,13,7,1.289,5,0,5,"69e142b895d9393cd23ec58d"
"826",826,13,3,1.621,5,0,5,"69e142b895d9393cd23ec58d"
"827",827,13,3,1.579,5,0,5,"69e142b895d9393cd23ec58d"
"828",828,13,8,2.431,5,1,8,"69e142b895d9393cd23ec58d"
"829",829,13,4,1.999,5,1,4,"69e142b895d9393cd23ec58d"
"830",830,13,4,1.596,5,0,5,"69e142b895d9393cd23ec58d"
"831",831,13,7,1.821,5,1,7,"69e142b895d9393cd23ec58d"
"832",832,13,8,1.358,5,0,5,"69e142b895d9393cd23ec58d"
"833",833,13,2,1.06,5,0,5,"69e142b895d9393cd23ec58d"
"834",834,13,2,1.036,5,0,5,"69e142b895d9393cd23ec58d"
"835",835,13,6,1.486,5,1,6,"69e142b895d9393cd23ec58d"
"836",836,13,2,0.989,5,0,5,"69e142b895d9393cd23ec58d"
"837",837,13,3,1.25,5,0,5,"69e142b895d9393cd23ec58d"
"838",838,13,6,1.002,5,0,5,"69e142b895d9393cd23ec58d"
"839",839,13,6,1.752,5,1,6,"69e142b895d9393cd23ec58d"
"840",840,13,4,2.621,5,0,5,"69e142b895d9393cd23ec58d"
"841",841,13,6,2.133,5,0,5,"69e142b895d9393cd23ec58d"
"842",842,13,4,1.79,5,1,4,"69e142b895d9393cd23ec58d"
"843",843,13,3,1.196,5,0,5,"69e142b895d9393cd23ec58d"
"844",844,13,2,1.959,5,0,5,"69e142b895d9393cd23ec58d"
"845",845,13,8,0.845,5,0,5,"69e142b895d9393cd23ec58d"
"846",846,13,8,1.344,5,0,5,"69e142b895d9393cd23ec58d"
"847",847,13,7,0.963,5,1,7,"69e142b895d9393cd23ec58d"
"848",848,13,7,1.129,5,1,7,"69e142b895d9393cd23ec58d"
"849",849,13,3,0.952,5,1,3,"69e142b895d9393cd23ec58d"
"850",850,13,7,1.822,5,1,7,"69e142b895d9393cd23ec58d"
"851",851,13,4,1.39,5,0,5,"69e142b895d9393cd23ec58d"
"852",852,13,2,1.246,5,0,5,"69e142b895d9393cd23ec58d"
"853",853,13,6,1.415,5,1,6,"69e142b895d9393cd23ec58d"
"854",854,13,2,1.42,5,0,5,"69e142b895d9393cd23ec58d"
"855",855,13,8,1.073,5,0,5,"69e142b895d9393cd23ec58d"
"856",856,13,7,0.99,5,1,7,"69e142b895d9393cd23ec58d"
"857",857,13,6,1.142,5,0,5,"69e142b895d9393cd23ec58d"
"858",858,13,4,1.189,5,1,4,"69e142b895d9393cd23ec58d"
"859",859,13,8,1.607,5,1,8,"69e142b895d9393cd23ec58d"
"860",860,13,6,1.914,5,0,5,"69e142b895d9393cd23ec58d"
"861",861,13,2,1.584,5,0,5,"69e142b895d9393cd23ec58d"
"862",862,13,2,1.763,5,0,5,"69e142b895d9393cd23ec58d"
"863",863,13,3,1.193,5,0,5,"69e142b895d9393cd23ec58d"
"864",864,13,8,1.845,5,1,8,"69e142b895d9393cd23ec58d"
"865",865,13,6,0.953,5,0,5,"69e142b895d9393cd23ec58d"
"866",866,13,4,1.964,5,0,5,"69e142b895d9393cd23ec58d"
"867",867,13,3,1.384,5,0,5,"69e142b895d9393cd23ec58d"
"868",868,13,7,1.067,5,0,5,"69e142b895d9393cd23ec58d"
"869",869,13,4,1.508,5,0,5,"69e142b895d9393cd23ec58d"
"870",870,13,3,1.23,5,1,3,"69e142b895d9393cd23ec58d"
"871",871,13,2,0.925,5,0,5,"69e142b895d9393cd23ec58d"
"872",872,13,6,1.33,5,0,5,"69e142b895d9393cd23ec58d"
"873",873,13,4,1.095,5,0,5,"69e142b895d9393cd23ec58d"
"874",874,13,8,1.693,5,1,8,"69e142b895d9393cd23ec58d"
"875",875,13,3,1.487,5,0,5,"69e142b895d9393cd23ec58d"
"876",876,13,8,1.188,5,1,8,"69e142b895d9393cd23ec58d"
"877",877,13,7,1.644,5,0,5,"69e142b895d9393cd23ec58d"
"878",878,13,3,2.552,5,0,5,"69e142b895d9393cd23ec58d"
"879",879,13,2,1.684,5,0,5,"69e142b895d9393cd23ec58d"
"880",880,13,2,1.37,5,0,5,"69e142b895d9393cd23ec58d"
"881",881,13,6,0.964,5,0,5,"69e142b895d9393cd23ec58d"
"882",882,13,7,1.485,5,1,7,"69e142b895d9393cd23ec58d"
"883",883,13,4,1.961,5,0,5,"69e142b895d9393cd23ec58d"
"884",884,13,8,1.028,5,0,5,"69e142b895d9393cd23ec58d"
"885",885,13,3,1.639,5,0,5,"69e142b895d9393cd23ec58d"
"886",886,13,6,1.19,5,0,5,"69e142b895d9393cd23ec58d"
"887",887,13,8,1.24,5,1,8,"69e142b895d9393cd23ec58d"
"888",888,13,4,1.386,5,1,4,"69e142b895d9393cd23ec58d"
"889",889,13,8,2.956,5,1,8,"69e142b895d9393cd23ec58d"
"890",890,13,7,1.404,5,1,7,"69e142b895d9393cd23ec58d"
"891",891,13,4,1.386,5,0,5,"69e142b895d9393cd23ec58d"
"892",892,13,3,1.75,5,0,5,"69e142b895d9393cd23ec58d"
"893",893,13,8,1.161,5,1,8,"69e142b895d9393cd23ec58d"
"894",894,13,7,1.29,5,0,5,"69e142b895d9393cd23ec58d"
"895",895,13,2,1.926,5,0,5,"69e142b895d9393cd23ec58d"
"896",896,13,2,1.264,5,0,5,"69e142b895d9393cd23ec58d"
"897",897,13,7,2.687,5,1,7,"69e142b895d9393cd23ec58d"
"898",898,13,6,1.023,5,0,5,"69e142b895d9393cd23ec58d"
"899",899,13,3,1.6,5,1,3,"69e142b895d9393cd23ec58d"
"900",900,13,4,0.864,5,0,5,"69e142b895d9393cd23ec58d"
"901",901,13,6,1.11,5,1,6,"69e142b895d9393cd23ec58d"
"902",902,13,8,1.658,5,1,8,"69e142b895d9393cd23ec58d"
"903",903,13,7,1.095,5,1,7,"69e142b895d9393cd23ec58d"
"904",904,13,4,1.086,5,1,4,"69e142b895d9393cd23ec58d"
"905",905,13,2,2.286,5,1,2,"69e142b895d9393cd23ec58d"
"906",906,13,4,3.35,5,1,4,"69e142b895d9393cd23ec58d"
"907",907,13,2,2.901,5,0,5,"69e142b895d9393cd23ec58d"
"908",908,13,8,1.206,5,0,5,"69e142b895d9393cd23ec58d"
"909",909,13,7,0.746,5,0,5,"69e142b895d9393cd23ec58d"
"910",910,13,8,1.079,5,0,5,"69e142b895d9393cd23ec58d"
"911",911,13,6,1.753,5,0,5,"69e142b895d9393cd23ec58d"
"912",912,13,7,2.889,5,1,7,"69e142b895d9393cd23ec58d"
"913",913,13,4,1.958,5,0,5,"69e142b895d9393cd23ec58d"
"914",914,13,6,0.713,5,0,5,"69e142b895d9393cd23ec58d"
"915",915,13,3,1.047,5,0,5,"69e142b895d9393cd23ec58d"
"916",916,13,3,1.231,5,0,5,"69e142b895d9393cd23ec58d"
"917",917,13,3,1.448,5,0,5,"69e142b895d9393cd23ec58d"
"918",918,13,6,1.085,5,0,5,"69e142b895d9393cd23ec58d"
"919",919,14,3,1.368,5,0,5,"69e3fcb057c5f6b0cb34a3c0"
"920",920,14,8,2.986,5,1,8,"69e3fcb057c5f6b0cb34a3c0"
"921",921,14,8,2.84,5,1,8,"69e3fcb057c5f6b0cb34a3c0"
"922",922,14,6,2.565,5,1,6,"69e3fcb057c5f6b0cb34a3c0"
"923",923,14,7,1.986,5,1,7,"69e3fcb057c5f6b0cb34a3c0"
"924",924,14,2,3.294,5,0,5,"69e3fcb057c5f6b0cb34a3c0"
"925",925,14,4,4.234,5,1,4,"69e3fcb057c5f6b0cb34a3c0"
"926",926,14,8,1.44,5,1,8,"69e3fcb057c5f6b0cb34a3c0"
"927",927,14,3,3.537,5,0,5,"69e3fcb057c5f6b0cb34a3c0"
"928",928,14,2,1.997,5,0,5,"69e3fcb057c5f6b0cb34a3c0"
"929",929,14,7,2.053,5,1,7,"69e3fcb057c5f6b0cb34a3c0"
"930",930,14,6,4.947,5,1,6,"69e3fcb057c5f6b0cb34a3c0"
"931",931,14,2,2.297,5,0,5,"69e3fcb057c5f6b0cb34a3c0"
"932",932,14,3,3.022,5,0,5,"69e3fcb057c5f6b0cb34a3c0"
"933",933,14,4,3.51,5,1,4,"69e3fcb057c5f6b0cb34a3c0"
"934",934,14,7,2.814,5,1,7,"69e3fcb057c5f6b0cb34a3c0"
"935",935,14,6,2.804,5,1,6,"69e3fcb057c5f6b0cb34a3c0"
"936",936,14,8,1.842,5,1,8,"69e3fcb057c5f6b0cb34a3c0"
"937",937,14,3,2.555,5,1,3,"69e3fcb057c5f6b0cb34a3c0"
"938",938,14,2,2.027,5,0,5,"69e3fcb057c5f6b0cb34a3c0"
"939",939,14,8,1.69,5,1,8,"69e3fcb057c5f6b0cb34a3c0"
"940",940,14,7,1.325,5,1,7,"69e3fcb057c5f6b0cb34a3c0"
"941",941,14,4,1.673,5,1,4,"69e3fcb057c5f6b0cb34a3c0"
"942",942,14,7,2.167,5,1,7,"69e3fcb057c5f6b0cb34a3c0"
"943",943,14,8,2.277,5,1,8,"69e3fcb057c5f6b0cb34a3c0"
"944",944,14,3,3.357,5,0,5,"69e3fcb057c5f6b0cb34a3c0"
"945",945,14,2,2.19,5,0,5,"69e3fcb057c5f6b0cb34a3c0"
"946",946,14,3,3.463,5,0,5,"69e3fcb057c5f6b0cb34a3c0"
"947",947,14,2,3.562,5,0,5,"69e3fcb057c5f6b0cb34a3c0"
"948",948,14,6,3.086,5,0,5,"69e3fcb057c5f6b0cb34a3c0"
"949",949,14,6,2.387,5,1,6,"69e3fcb057c5f6b0cb34a3c0"
"950",950,14,4,3.989,5,0,5,"69e3fcb057c5f6b0cb34a3c0"
"951",951,14,7,2.096,5,0,5,"69e3fcb057c5f6b0cb34a3c0"
"952",952,14,7,2.185,5,1,7,"69e3fcb057c5f6b0cb34a3c0"
"953",953,14,2,1.253,5,0,5,"69e3fcb057c5f6b0cb34a3c0"
"954",954,14,7,3.819,5,0,5,"69e3fcb057c5f6b0cb34a3c0"
"955",955,14,3,2.484,5,0,5,"69e3fcb057c5f6b0cb34a3c0"
"956",956,14,6,4.874,5,0,5,"69e3fcb057c5f6b0cb34a3c0"
"957",957,14,8,4.166,5,1,8,"69e3fcb057c5f6b0cb34a3c0"
"958",958,14,4,1.646,5,0,5,"69e3fcb057c5f6b0cb34a3c0"
"959",959,14,6,2.92,5,1,6,"69e3fcb057c5f6b0cb34a3c0"
"960",960,14,6,1.419,5,1,6,"69e3fcb057c5f6b0cb34a3c0"
"961",961,14,4,2.323,5,0,5,"69e3fcb057c5f6b0cb34a3c0"
"962",962,14,7,3.026,5,1,7,"69e3fcb057c5f6b0cb34a3c0"
"963",963,14,3,1.899,5,0,5,"69e3fcb057c5f6b0cb34a3c0"
"964",964,14,3,2.735,5,0,5,"69e3fcb057c5f6b0cb34a3c0"
"965",965,14,8,2.187,5,1,8,"69e3fcb057c5f6b0cb34a3c0"
"966",966,14,2,2.104,5,0,5,"69e3fcb057c5f6b0cb34a3c0"
"967",967,14,4,2.728,5,0,5,"69e3fcb057c5f6b0cb34a3c0"
"968",968,14,6,1.536,5,1,6,"69e3fcb057c5f6b0cb34a3c0"
"969",969,14,8,2.757,5,1,8,"69e3fcb057c5f6b0cb34a3c0"
"970",970,14,7,4.471,5,0,5,"69e3fcb057c5f6b0cb34a3c0"
"971",971,14,8,3.266,5,1,8,"69e3fcb057c5f6b0cb34a3c0"
"972",972,14,3,4.937,5,0,5,"69e3fcb057c5f6b0cb34a3c0"
"973",973,14,7,3.191,5,1,7,"69e3fcb057c5f6b0cb34a3c0"
"974",974,14,7,4.203,5,1,7,"69e3fcb057c5f6b0cb34a3c0"
"975",975,14,2,2.775,5,1,2,"69e3fcb057c5f6b0cb34a3c0"
"976",976,14,6,2.754,5,0,5,"69e3fcb057c5f6b0cb34a3c0"
"977",977,14,4,1.863,5,1,4,"69e3fcb057c5f6b0cb34a3c0"
"978",978,14,4,2.888,5,0,5,"69e3fcb057c5f6b0cb34a3c0"
"979",979,14,6,2.623,5,1,6,"69e3fcb057c5f6b0cb34a3c0"
"980",980,14,3,1.918,5,0,5,"69e3fcb057c5f6b0cb34a3c0"
"981",981,14,4,3.043,5,0,5,"69e3fcb057c5f6b0cb34a3c0"
"982",982,14,2,0.793,5,0,5,"69e3fcb057c5f6b0cb34a3c0"
"983",983,14,7,1.032,5,1,7,"69e3fcb057c5f6b0cb34a3c0"
"984",984,14,7,1.335,5,1,7,"69e3fcb057c5f6b0cb34a3c0"
"985",985,14,2,1.412,5,0,5,"69e3fcb057c5f6b0cb34a3c0"
"986",986,14,4,1.976,5,0,5,"69e3fcb057c5f6b0cb34a3c0"
"987",987,14,6,1.268,5,1,6,"69e3fcb057c5f6b0cb34a3c0"
"988",988,14,8,1.626,5,1,8,"69e3fcb057c5f6b0cb34a3c0"
"989",989,14,6,2.546,5,0,5,"69e3fcb057c5f6b0cb34a3c0"
"990",990,14,8,2.181,5,1,8,"69e3fcb057c5f6b0cb34a3c0"
"991",991,14,8,1.8,5,1,8,"69e3fcb057c5f6b0cb34a3c0"
"992",992,14,2,1.344,5,0,5,"69e3fcb057c5f6b0cb34a3c0"
"993",993,14,4,2.625,5,1,4,"69e3fcb057c5f6b0cb34a3c0"
"994",994,14,3,2.407,5,1,3,"69e3fcb057c5f6b0cb34a3c0"
"995",995,14,3,2.05,5,1,3,"69e3fcb057c5f6b0cb34a3c0"
"996",996,14,6,1.333,5,1,6,"69e3fcb057c5f6b0cb34a3c0"
"997",997,14,3,1.196,5,1,3,"69e3fcb057c5f6b0cb34a3c0"
"998",998,14,6,1.188,5,1,6,"69e3fcb057c5f6b0cb34a3c0"
"999",999,14,8,1.005,5,1,8,"69e3fcb057c5f6b0cb34a3c0"
"1000",1000,14,2,1.4,5,0,5,"69e3fcb057c5f6b0cb34a3c0"
"1001",1001,14,2,1.234,5,0,5,"69e3fcb057c5f6b0cb34a3c0"
"1002",1002,14,6,2.03,5,0,5,"69e3fcb057c5f6b0cb34a3c0"
"1003",1003,14,6,1.343,5,1,6,"69e3fcb057c5f6b0cb34a3c0"
"1004",1004,14,7,1.656,5,1,7,"69e3fcb057c5f6b0cb34a3c0"
"1005",1005,14,3,1.483,5,0,5,"69e3fcb057c5f6b0cb34a3c0"
"1006",1006,14,4,4.046,5,1,4,"69e3fcb057c5f6b0cb34a3c0"
"1007",1007,14,3,1.582,5,1,3,"69e3fcb057c5f6b0cb34a3c0"
"1008",1008,14,7,1.88,5,1,7,"69e3fcb057c5f6b0cb34a3c0"
"1009",1009,14,7,2.466,5,0,5,"69e3fcb057c5f6b0cb34a3c0"
"1010",1010,14,2,1.725,5,0,5,"69e3fcb057c5f6b0cb34a3c0"
"1011",1011,14,4,1.415,5,0,5,"69e3fcb057c5f6b0cb34a3c0"
"1012",1012,14,3,2.256,5,0,5,"69e3fcb057c5f6b0cb34a3c0"
"1013",1013,14,8,1.439,5,1,8,"69e3fcb057c5f6b0cb34a3c0"
"1014",1014,14,8,2.014,5,1,8,"69e3fcb057c5f6b0cb34a3c0"
"1015",1015,14,2,1.022,5,0,5,"69e3fcb057c5f6b0cb34a3c0"
"1016",1016,14,7,1.422,5,1,7,"69e3fcb057c5f6b0cb34a3c0"
"1017",1017,14,3,0.978,5,0,5,"69e3fcb057c5f6b0cb34a3c0"
"1018",1018,14,2,1.214,5,0,5,"69e3fcb057c5f6b0cb34a3c0"
"1019",1019,14,4,2.873,5,0,5,"69e3fcb057c5f6b0cb34a3c0"
"1020",1020,14,3,2.356,5,0,5,"69e3fcb057c5f6b0cb34a3c0"
"1021",1021,14,8,1.227,5,1,8,"69e3fcb057c5f6b0cb34a3c0"
"1022",1022,14,6,1.942,5,1,6,"69e3fcb057c5f6b0cb34a3c0"
"1023",1023,14,3,1.62,5,1,3,"69e3fcb057c5f6b0cb34a3c0"
"1024",1024,14,8,2.314,5,1,8,"69e3fcb057c5f6b0cb34a3c0"
"1025",1025,14,6,1.534,5,1,6,"69e3fcb057c5f6b0cb34a3c0"
"1026",1026,14,4,2.616,5,0,5,"69e3fcb057c5f6b0cb34a3c0"
"1027",1027,14,7,2.394,5,1,7,"69e3fcb057c5f6b0cb34a3c0"
"1028",1028,14,8,1.589,5,1,8,"69e3fcb057c5f6b0cb34a3c0"
"1029",1029,14,4,3.165,5,0,5,"69e3fcb057c5f6b0cb34a3c0"
"1030",1030,14,6,1.429,5,1,6,"69e3fcb057c5f6b0cb34a3c0"
"1031",1031,14,8,1.248,5,0,5,"69e3fcb057c5f6b0cb34a3c0"
"1032",1032,14,8,1.321,5,1,8,"69e3fcb057c5f6b0cb34a3c0"
"1033",1033,14,7,1.746,5,1,7,"69e3fcb057c5f6b0cb34a3c0"
"1034",1034,14,4,2.644,5,1,4,"69e3fcb057c5f6b0cb34a3c0"
"1035",1035,14,7,3.393,5,1,7,"69e3fcb057c5f6b0cb34a3c0"
"1036",1036,14,2,3.235,5,0,5,"69e3fcb057c5f6b0cb34a3c0"
"1037",1037,14,6,3.347,5,1,6,"69e3fcb057c5f6b0cb34a3c0"
"1038",1038,14,3,1.817,5,0,5,"69e3fcb057c5f6b0cb34a3c0"
"1039",1039,14,6,1.491,5,1,6,"69e3fcb057c5f6b0cb34a3c0"
"1040",1040,14,8,1.725,5,1,8,"69e3fcb057c5f6b0cb34a3c0"
"1041",1041,14,4,2.908,5,0,5,"69e3fcb057c5f6b0cb34a3c0"
"1042",1042,14,6,2.07,5,0,5,"69e3fcb057c5f6b0cb34a3c0"
"1043",1043,14,7,2.493,5,0,5,"69e3fcb057c5f6b0cb34a3c0"
"1044",1044,14,2,1.77,5,0,5,"69e3fcb057c5f6b0cb34a3c0"
"1045",1045,14,3,2.694,5,0,5,"69e3fcb057c5f6b0cb34a3c0"
"1046",1046,15,8,1.508,5,1,8,"69e7bc846cba08f9ba801f73"
"1047",1047,15,6,1.38,5,1,6,"69e7bc846cba08f9ba801f73"
"1048",1048,15,4,1.35,5,0,5,"69e7bc846cba08f9ba801f73"
"1049",1049,15,7,1.462,5,1,7,"69e7bc846cba08f9ba801f73"
"1050",1050,15,8,1.323,5,1,8,"69e7bc846cba08f9ba801f73"
"1051",1051,15,2,1.427,5,0,5,"69e7bc846cba08f9ba801f73"
"1052",1052,15,6,1.098,5,1,6,"69e7bc846cba08f9ba801f73"
"1053",1053,15,3,1.251,5,0,5,"69e7bc846cba08f9ba801f73"
"1054",1054,15,4,1.445,5,1,4,"69e7bc846cba08f9ba801f73"
"1055",1055,15,2,0.912,5,0,5,"69e7bc846cba08f9ba801f73"
"1056",1056,15,7,1.234,5,1,7,"69e7bc846cba08f9ba801f73"
"1057",1057,15,6,1.813,5,1,6,"69e7bc846cba08f9ba801f73"
"1058",1058,15,3,1.154,5,0,5,"69e7bc846cba08f9ba801f73"
"1059",1059,15,7,0.698,5,1,7,"69e7bc846cba08f9ba801f73"
"1060",1060,15,8,1.048,5,1,8,"69e7bc846cba08f9ba801f73"
"1061",1061,15,2,0.884,5,0,5,"69e7bc846cba08f9ba801f73"
"1062",1062,15,4,1.653,5,0,5,"69e7bc846cba08f9ba801f73"
"1063",1063,15,3,1.239,5,0,5,"69e7bc846cba08f9ba801f73"
"1064",1064,15,4,1.502,5,1,4,"69e7bc846cba08f9ba801f73"
"1065",1065,15,8,0.961,5,1,8,"69e7bc846cba08f9ba801f73"
"1066",1066,15,6,1.144,5,1,6,"69e7bc846cba08f9ba801f73"
"1067",1067,15,6,1.414,5,1,6,"69e7bc846cba08f9ba801f73"
"1068",1068,15,2,0.868,5,0,5,"69e7bc846cba08f9ba801f73"
"1069",1069,15,3,1.253,5,0,5,"69e7bc846cba08f9ba801f73"
"1070",1070,15,4,1.037,5,0,5,"69e7bc846cba08f9ba801f73"
"1071",1071,15,3,0.829,5,0,5,"69e7bc846cba08f9ba801f73"
"1072",1072,15,4,1.006,5,1,4,"69e7bc846cba08f9ba801f73"
"1073",1073,15,8,0.951,5,1,8,"69e7bc846cba08f9ba801f73"
"1074",1074,15,2,0.692,5,0,5,"69e7bc846cba08f9ba801f73"
"1075",1075,15,7,1.284,5,1,7,"69e7bc846cba08f9ba801f73"
"1076",1076,15,6,1.455,5,0,5,"69e7bc846cba08f9ba801f73"
"1077",1077,15,7,1.009,5,1,7,"69e7bc846cba08f9ba801f73"
"1078",1078,15,8,0.948,5,0,5,"69e7bc846cba08f9ba801f73"
"1079",1079,15,7,0.653,5,1,7,"69e7bc846cba08f9ba801f73"
"1080",1080,15,3,1.882,5,0,5,"69e7bc846cba08f9ba801f73"
"1081",1081,15,3,1.18,5,0,5,"69e7bc846cba08f9ba801f73"
"1082",1082,15,4,0.806,5,0,5,"69e7bc846cba08f9ba801f73"
"1083",1083,15,4,1.112,5,1,4,"69e7bc846cba08f9ba801f73"
"1084",1084,15,2,1.467,5,1,2,"69e7bc846cba08f9ba801f73"
"1085",1085,15,7,1.276,5,1,7,"69e7bc846cba08f9ba801f73"
"1086",1086,15,2,0.775,5,0,5,"69e7bc846cba08f9ba801f73"
"1087",1087,15,7,0.816,5,1,7,"69e7bc846cba08f9ba801f73"
"1088",1088,15,7,0.679,5,1,7,"69e7bc846cba08f9ba801f73"
"1089",1089,15,2,0.64,5,0,5,"69e7bc846cba08f9ba801f73"
"1090",1090,15,4,0.714,5,0,5,"69e7bc846cba08f9ba801f73"
"1091",1091,15,6,0.868,5,1,6,"69e7bc846cba08f9ba801f73"
"1092",1092,15,8,1.582,5,1,8,"69e7bc846cba08f9ba801f73"
"1093",1093,15,6,0.821,5,0,5,"69e7bc846cba08f9ba801f73"
"1094",1094,15,8,1.253,5,1,8,"69e7bc846cba08f9ba801f73"
"1095",1095,15,3,1.615,5,1,3,"69e7bc846cba08f9ba801f73"
"1096",1096,15,4,1.596,5,0,5,"69e7bc846cba08f9ba801f73"
"1097",1097,15,4,1.559,5,1,4,"69e7bc846cba08f9ba801f73"
"1098",1098,15,7,2.149,5,0,5,"69e7bc846cba08f9ba801f73"
"1099",1099,15,2,1.9,5,0,5,"69e7bc846cba08f9ba801f73"
"1100",1100,15,3,1.75,5,0,5,"69e7bc846cba08f9ba801f73"
"1101",1101,15,7,1.194,5,1,7,"69e7bc846cba08f9ba801f73"
"1102",1102,15,7,1.527,5,0,5,"69e7bc846cba08f9ba801f73"
"1103",1103,15,2,1.075,5,0,5,"69e7bc846cba08f9ba801f73"
"1104",1104,15,3,1.035,5,0,5,"69e7bc846cba08f9ba801f73"
"1105",1105,15,4,1.621,5,1,4,"69e7bc846cba08f9ba801f73"
"1106",1106,15,3,0.829,5,0,5,"69e7bc846cba08f9ba801f73"
"1107",1107,15,6,0.938,5,1,6,"69e7bc846cba08f9ba801f73"
"1108",1108,15,2,1.472,5,0,5,"69e7bc846cba08f9ba801f73"
"1109",1109,15,6,1.175,5,1,6,"69e7bc846cba08f9ba801f73"
"1110",1110,15,4,0.999,5,1,4,"69e7bc846cba08f9ba801f73"
"1111",1111,15,3,1.052,5,1,3,"69e7bc846cba08f9ba801f73"
"1112",1112,15,4,1.176,5,0,5,"69e7bc846cba08f9ba801f73"
"1113",1113,15,6,0.655,5,0,5,"69e7bc846cba08f9ba801f73"
"1114",1114,15,7,1.004,5,1,7,"69e7bc846cba08f9ba801f73"
"1115",1115,15,6,1.02,5,0,5,"69e7bc846cba08f9ba801f73"
"1116",1116,15,3,1.029,5,0,5,"69e7bc846cba08f9ba801f73"
"1117",1117,15,2,0.93,5,0,5,"69e7bc846cba08f9ba801f73"
"1118",1118,15,4,0.86,5,1,4,"69e7bc846cba08f9ba801f73"
"1119",1119,15,2,0.984,5,0,5,"69e7bc846cba08f9ba801f73"
"1120",1120,15,8,0.984,5,1,8,"69e7bc846cba08f9ba801f73"
"1121",1121,15,7,1.184,5,1,7,"69e7bc846cba08f9ba801f73"
"1122",1122,15,3,1.025,5,0,5,"69e7bc846cba08f9ba801f73"
"1123",1123,15,6,1.734,5,1,6,"69e7bc846cba08f9ba801f73"
"1124",1124,15,8,1.282,5,1,8,"69e7bc846cba08f9ba801f73"
"1125",1125,15,8,0.723,5,1,8,"69e7bc846cba08f9ba801f73"
"1126",1126,15,2,1.391,5,0,5,"69e7bc846cba08f9ba801f73"
"1127",1127,15,4,1.824,5,0,5,"69e7bc846cba08f9ba801f73"
"1128",1128,15,7,1.383,5,1,7,"69e7bc846cba08f9ba801f73"
"1129",1129,15,6,1.402,5,0,5,"69e7bc846cba08f9ba801f73"
"1130",1130,15,3,0.757,5,0,5,"69e7bc846cba08f9ba801f73"
"1131",1131,15,2,1.042,5,0,5,"69e7bc846cba08f9ba801f73"
"1132",1132,15,6,0.927,5,1,6,"69e7bc846cba08f9ba801f73"
"1133",1133,15,8,1.196,5,1,8,"69e7bc846cba08f9ba801f73"
"1134",1134,15,2,0.674,5,0,5,"69e7bc846cba08f9ba801f73"
"1135",1135,15,4,1.214,5,1,4,"69e7bc846cba08f9ba801f73"
"1136",1136,15,8,1.289,5,1,8,"69e7bc846cba08f9ba801f73"
"1137",1137,15,8,0.673,5,1,8,"69e7bc846cba08f9ba801f73"
"1138",1138,15,7,1.387,5,1,7,"69e7bc846cba08f9ba801f73"
"1139",1139,15,7,1.245,5,1,7,"69e7bc846cba08f9ba801f73"
"1140",1140,15,6,2.147,5,0,5,"69e7bc846cba08f9ba801f73"
"1141",1141,15,3,1.543,5,1,3,"69e7bc846cba08f9ba801f73"
"1142",1142,15,3,1.335,5,1,3,"69e7bc846cba08f9ba801f73"
"1143",1143,15,2,1.134,5,0,5,"69e7bc846cba08f9ba801f73"
"1144",1144,15,6,1.425,5,1,6,"69e7bc846cba08f9ba801f73"
"1145",1145,15,3,1.162,5,0,5,"69e7bc846cba08f9ba801f73"
"1146",1146,15,7,0.929,5,1,7,"69e7bc846cba08f9ba801f73"
"1147",1147,15,4,1.245,5,1,4,"69e7bc846cba08f9ba801f73"
"1148",1148,15,2,0.724,5,0,5,"69e7bc846cba08f9ba801f73"
"1149",1149,15,3,1.121,5,0,5,"69e7bc846cba08f9ba801f73"
"1150",1150,15,4,1.018,5,0,5,"69e7bc846cba08f9ba801f73"
"1151",1151,15,3,0.9,5,0,5,"69e7bc846cba08f9ba801f73"
"1152",1152,15,8,1.264,5,1,8,"69e7bc846cba08f9ba801f73"
"1153",1153,15,6,1.192,5,1,6,"69e7bc846cba08f9ba801f73"
"1154",1154,15,7,1.215,5,1,7,"69e7bc846cba08f9ba801f73"
"1155",1155,15,7,0.904,5,1,7,"69e7bc846cba08f9ba801f73"
"1156",1156,15,2,0.602,5,0,5,"69e7bc846cba08f9ba801f73"
"1157",1157,15,8,0.589,5,1,8,"69e7bc846cba08f9ba801f73"
"1158",1158,15,6,0.708,5,1,6,"69e7bc846cba08f9ba801f73"
"1159",1159,15,8,1.311,5,1,8,"69e7bc846cba08f9ba801f73"
"1160",1160,15,4,1.332,5,0,5,"69e7bc846cba08f9ba801f73"
"1161",1161,15,3,1.889,5,0,5,"69e7bc846cba08f9ba801f73"
"1162",1162,15,7,1.244,5,0,5,"69e7bc846cba08f9ba801f73"
"1163",1163,15,4,1.506,5,0,5,"69e7bc846cba08f9ba801f73"
"1164",1164,15,2,1.106,5,0,5,"69e7bc846cba08f9ba801f73"
"1165",1165,15,3,1.245,5,0,5,"69e7bc846cba08f9ba801f73"
"1166",1166,15,8,0.692,5,1,8,"69e7bc846cba08f9ba801f73"
"1167",1167,15,7,1.078,5,1,7,"69e7bc846cba08f9ba801f73"
"1168",1168,15,3,1.483,5,0,5,"69e7bc846cba08f9ba801f73"
"1169",1169,15,6,0.688,5,1,6,"69e7bc846cba08f9ba801f73"
"1170",1170,15,4,1.158,5,0,5,"69e7bc846cba08f9ba801f73"
"1171",1171,15,7,1.153,5,1,7,"69e7bc846cba08f9ba801f73"
"1172",1172,15,4,0.779,5,0,5,"69e7bc846cba08f9ba801f73"
"1173",1173,15,2,0.61,5,0,5,"69e7bc846cba08f9ba801f73"
"1174",1174,15,6,0.653,5,0,5,"69e7bc846cba08f9ba801f73"
"1175",1175,15,8,1.037,5,1,8,"69e7bc846cba08f9ba801f73"
"1176",1176,15,6,1.772,5,0,5,"69e7bc846cba08f9ba801f73"
"1177",1177,15,8,0.815,5,1,8,"69e7bc846cba08f9ba801f73"
"1178",1178,16,6,2.453,5,1,6,"69e93862861d83c30bb6e586"
"1179",1179,16,6,2.324,5,1,6,"69e93862861d83c30bb6e586"
"1180",1180,16,8,2.407,5,1,8,"69e93862861d83c30bb6e586"
"1181",1181,16,2,1.581,5,1,2,"69e93862861d83c30bb6e586"
"1182",1182,16,6,3.157,5,1,6,"69e93862861d83c30bb6e586"
"1183",1183,16,2,2.846,5,0,5,"69e93862861d83c30bb6e586"
"1184",1184,16,2,2.484,5,0,5,"69e93862861d83c30bb6e586"
"1185",1185,16,8,2.302,5,1,8,"69e93862861d83c30bb6e586"
"1186",1186,16,4,2.781,5,1,4,"69e93862861d83c30bb6e586"
"1187",1187,16,4,3.232,5,0,5,"69e93862861d83c30bb6e586"
"1188",1188,16,8,2.746,5,1,8,"69e93862861d83c30bb6e586"
"1189",1189,16,4,2.441,5,0,5,"69e93862861d83c30bb6e586"
"1190",1190,16,7,1.858,5,1,7,"69e93862861d83c30bb6e586"
"1191",1191,16,3,2.225,5,0,5,"69e93862861d83c30bb6e586"
"1192",1192,16,3,1.843,5,0,5,"69e93862861d83c30bb6e586"
"1193",1193,16,6,1.8,5,1,6,"69e93862861d83c30bb6e586"
"1194",1194,16,2,1.415,5,1,2,"69e93862861d83c30bb6e586"
"1195",1195,16,2,1.989,5,0,5,"69e93862861d83c30bb6e586"
"1196",1196,16,7,1.375,5,1,7,"69e93862861d83c30bb6e586"
"1197",1197,16,4,1.535,5,1,4,"69e93862861d83c30bb6e586"
"1198",1198,16,6,2.074,5,1,6,"69e93862861d83c30bb6e586"
"1199",1199,16,7,1.704,5,1,7,"69e93862861d83c30bb6e586"
"1200",1200,16,4,2.554,5,1,4,"69e93862861d83c30bb6e586"
"1201",1201,16,7,2.705,5,1,7,"69e93862861d83c30bb6e586"
"1202",1202,16,2,1.844,5,0,5,"69e93862861d83c30bb6e586"
"1203",1203,16,3,2.285,5,0,5,"69e93862861d83c30bb6e586"
"1204",1204,16,8,2.419,5,1,8,"69e93862861d83c30bb6e586"
"1205",1205,16,4,2.84,5,1,4,"69e93862861d83c30bb6e586"
"1206",1206,16,8,2.242,5,1,8,"69e93862861d83c30bb6e586"
"1207",1207,16,3,1.853,5,0,5,"69e93862861d83c30bb6e586"
"1208",1208,16,6,1.634,5,1,6,"69e93862861d83c30bb6e586"
"1209",1209,16,8,0.811,5,1,8,"69e93862861d83c30bb6e586"
"1210",1210,16,7,2.286,5,0,5,"69e93862861d83c30bb6e586"
"1211",1211,16,8,1.55,5,1,8,"69e93862861d83c30bb6e586"
"1212",1212,16,4,2.13,5,0,5,"69e93862861d83c30bb6e586"
"1213",1213,16,7,2.052,5,1,7,"69e93862861d83c30bb6e586"
"1214",1214,16,3,1.987,5,0,5,"69e93862861d83c30bb6e586"
"1215",1215,16,3,3.483,5,1,3,"69e93862861d83c30bb6e586"
"1216",1216,16,4,1.625,5,0,5,"69e93862861d83c30bb6e586"
"1217",1217,16,2,2.036,5,0,5,"69e93862861d83c30bb6e586"
"1218",1218,16,4,2.889,5,0,5,"69e93862861d83c30bb6e586"
"1219",1219,16,3,1.531,5,0,5,"69e93862861d83c30bb6e586"
"1220",1220,16,6,1.489,5,1,6,"69e93862861d83c30bb6e586"
"1221",1221,16,6,2.694,5,0,5,"69e93862861d83c30bb6e586"
"1222",1222,16,7,1.639,5,1,7,"69e93862861d83c30bb6e586"
"1223",1223,16,2,2.854,5,0,5,"69e93862861d83c30bb6e586"
"1224",1224,16,8,1.556,5,1,8,"69e93862861d83c30bb6e586"
"1225",1225,16,2,1.453,5,0,5,"69e93862861d83c30bb6e586"
"1226",1226,16,6,2.871,5,1,6,"69e93862861d83c30bb6e586"
"1227",1227,16,8,1.927,5,1,8,"69e93862861d83c30bb6e586"
"1228",1228,16,8,1.659,5,1,8,"69e93862861d83c30bb6e586"
"1229",1229,16,3,1.713,5,0,5,"69e93862861d83c30bb6e586"
"1230",1230,16,7,2.567,5,0,5,"69e93862861d83c30bb6e586"
"1231",1231,16,3,3.522,5,1,3,"69e93862861d83c30bb6e586"
"1232",1232,16,7,3.155,5,0,5,"69e93862861d83c30bb6e586"
"1233",1233,16,4,1.936,5,1,4,"69e93862861d83c30bb6e586"
"1234",1234,16,2,1.735,5,0,5,"69e93862861d83c30bb6e586"
"1235",1235,16,6,2.955,5,0,5,"69e93862861d83c30bb6e586"
"1236",1236,16,2,1.32,5,0,5,"69e93862861d83c30bb6e586"
"1237",1237,16,4,1.789,5,0,5,"69e93862861d83c30bb6e586"
"1238",1238,16,6,2.422,5,1,6,"69e93862861d83c30bb6e586"
"1239",1239,16,6,1.057,5,1,6,"69e93862861d83c30bb6e586"
"1240",1240,16,2,1.878,5,0,5,"69e93862861d83c30bb6e586"
"1241",1241,16,4,1.725,5,0,5,"69e93862861d83c30bb6e586"
"1242",1242,16,7,1.758,5,1,7,"69e93862861d83c30bb6e586"
"1243",1243,16,3,2.248,5,0,5,"69e93862861d83c30bb6e586"
"1244",1244,16,7,1.401,5,0,5,"69e93862861d83c30bb6e586"
"1245",1245,16,2,0.859,5,0,5,"69e93862861d83c30bb6e586"
"1246",1246,16,2,0.619,5,0,5,"69e93862861d83c30bb6e586"
"1247",1247,16,6,1.421,5,1,6,"69e93862861d83c30bb6e586"
"1248",1248,16,8,1.154,5,1,8,"69e93862861d83c30bb6e586"
"1249",1249,16,8,1.584,5,1,8,"69e93862861d83c30bb6e586"
"1250",1250,16,3,1.421,5,0,5,"69e93862861d83c30bb6e586"
"1251",1251,16,6,1.652,5,1,6,"69e93862861d83c30bb6e586"
"1252",1252,16,2,1.923,5,0,5,"69e93862861d83c30bb6e586"
"1253",1253,16,3,1.143,5,1,3,"69e93862861d83c30bb6e586"
"1254",1254,16,8,1.914,5,1,8,"69e93862861d83c30bb6e586"
"1255",1255,16,4,1.862,5,1,4,"69e93862861d83c30bb6e586"
"1256",1256,16,7,1.637,5,1,7,"69e93862861d83c30bb6e586"
"1257",1257,16,4,2.499,5,0,5,"69e93862861d83c30bb6e586"
"1258",1258,16,4,1.42,5,0,5,"69e93862861d83c30bb6e586"
"1259",1259,16,6,1.983,5,1,6,"69e93862861d83c30bb6e586"
"1260",1260,16,3,1.35,5,1,3,"69e93862861d83c30bb6e586"
"1261",1261,16,8,2.078,5,0,5,"69e93862861d83c30bb6e586"
"1262",1262,16,6,2.155,5,0,5,"69e93862861d83c30bb6e586"
"1263",1263,16,7,1.713,5,1,7,"69e93862861d83c30bb6e586"
"1264",1264,16,7,1.831,5,1,7,"69e93862861d83c30bb6e586"
"1265",1265,16,7,2.096,5,1,7,"69e93862861d83c30bb6e586"
"1266",1266,16,3,2.431,5,1,3,"69e93862861d83c30bb6e586"
"1267",1267,16,4,1.296,5,0,5,"69e93862861d83c30bb6e586"
"1268",1268,16,4,1.873,5,1,4,"69e93862861d83c30bb6e586"
"1269",1269,16,3,1.617,5,0,5,"69e93862861d83c30bb6e586"
"1270",1270,16,8,1.316,5,1,8,"69e93862861d83c30bb6e586"
"1271",1271,16,2,1.548,5,0,5,"69e93862861d83c30bb6e586"
"1272",1272,16,3,2.152,5,0,5,"69e93862861d83c30bb6e586"
"1273",1273,16,6,2.059,5,0,5,"69e93862861d83c30bb6e586"
"1274",1274,16,2,1.597,5,0,5,"69e93862861d83c30bb6e586"
"1275",1275,16,8,1.582,5,1,8,"69e93862861d83c30bb6e586"
"1276",1276,16,2,0.897,5,0,5,"69e93862861d83c30bb6e586"
"1277",1277,16,6,1.435,5,1,6,"69e93862861d83c30bb6e586"
"1278",1278,16,4,3.052,5,0,5,"69e93862861d83c30bb6e586"
"1279",1279,16,8,2.607,5,1,8,"69e93862861d83c30bb6e586"
"1280",1280,16,6,1.539,5,1,6,"69e93862861d83c30bb6e586"
"1281",1281,16,7,1.613,5,1,7,"69e93862861d83c30bb6e586"
"1282",1282,16,8,1.964,5,1,8,"69e93862861d83c30bb6e586"
"1283",1283,16,3,1.741,5,0,5,"69e93862861d83c30bb6e586"
"1284",1284,16,2,0.912,5,0,5,"69e93862861d83c30bb6e586"
"1285",1285,16,4,3.176,5,1,4,"69e93862861d83c30bb6e586"
"1286",1286,16,7,1.898,5,1,7,"69e93862861d83c30bb6e586"
"1287",1287,16,8,1.899,5,1,8,"69e93862861d83c30bb6e586"
"1288",1288,16,3,2.201,5,0,5,"69e93862861d83c30bb6e586"
"1289",1289,16,2,0.9,5,0,5,"69e93862861d83c30bb6e586"
"1290",1290,16,3,1.433,5,0,5,"69e93862861d83c30bb6e586"
"1291",1291,16,6,1.393,5,1,6,"69e93862861d83c30bb6e586"
"1292",1292,16,4,2.021,5,0,5,"69e93862861d83c30bb6e586"
"1293",1293,16,7,1.066,5,1,7,"69e93862861d83c30bb6e586"
"1294",1294,16,6,1.235,5,1,6,"69e93862861d83c30bb6e586"
"1295",1295,16,2,1.234,5,0,5,"69e93862861d83c30bb6e586"
"1296",1296,16,7,1.434,5,1,7,"69e93862861d83c30bb6e586"
"1297",1297,16,8,1.172,5,1,8,"69e93862861d83c30bb6e586"
"1298",1298,16,8,2.75,5,1,8,"69e93862861d83c30bb6e586"
"1299",1299,16,7,1.748,5,1,7,"69e93862861d83c30bb6e586"
"1300",1300,16,2,0.729,5,0,5,"69e93862861d83c30bb6e586"
"1301",1301,16,8,0.926,5,1,8,"69e93862861d83c30bb6e586"
"1302",1302,16,6,1.844,5,1,6,"69e93862861d83c30bb6e586"
"1303",1303,16,6,1.389,5,0,5,"69e93862861d83c30bb6e586"
"1304",1304,16,4,2.454,5,0,5,"69e93862861d83c30bb6e586"
"1305",1305,16,3,1.877,5,0,5,"69e93862861d83c30bb6e586"
"1306",1306,16,4,1.682,5,0,5,"69e93862861d83c30bb6e586"
"1307",1307,16,3,1.698,5,0,5,"69e93862861d83c30bb6e586"
"1308",1308,16,4,1.361,5,0,5,"69e93862861d83c30bb6e586"
"1309",1309,16,6,1.38,5,0,5,"69e93862861d83c30bb6e586"
"1310",1310,16,7,1.604,5,1,7,"69e93862861d83c30bb6e586"
"1311",1311,16,3,1.094,5,0,5,"69e93862861d83c30bb6e586"
"1312",1312,17,4,1.622,5,1,4,"69ea501f7c2740d540da0443"
"1313",1313,17,8,1.433,5,1,8,"69ea501f7c2740d540da0443"
"1314",1314,17,7,1.327,5,0,5,"69ea501f7c2740d540da0443"
"1315",1315,17,6,1.355,5,1,6,"69ea501f7c2740d540da0443"
"1316",1316,17,6,1.282,5,1,6,"69ea501f7c2740d540da0443"
"1317",1317,17,4,2.443,5,1,4,"69ea501f7c2740d540da0443"
"1318",1318,17,6,1.131,5,1,6,"69ea501f7c2740d540da0443"
"1319",1319,17,3,1.294,5,0,5,"69ea501f7c2740d540da0443"
"1320",1320,17,7,1.383,5,1,7,"69ea501f7c2740d540da0443"
"1321",1321,17,3,0.623,5,0,5,"69ea501f7c2740d540da0443"
"1322",1322,17,4,1.151,5,0,5,"69ea501f7c2740d540da0443"
"1323",1323,17,7,0.806,5,1,7,"69ea501f7c2740d540da0443"
"1324",1324,17,2,0.859,5,0,5,"69ea501f7c2740d540da0443"
"1325",1325,17,8,1.065,5,1,8,"69ea501f7c2740d540da0443"
"1326",1326,17,2,2.058,5,0,5,"69ea501f7c2740d540da0443"
"1327",1327,17,3,1.025,5,0,5,"69ea501f7c2740d540da0443"
"1328",1328,17,8,1.032,5,1,8,"69ea501f7c2740d540da0443"
"1329",1329,17,6,1.051,5,1,6,"69ea501f7c2740d540da0443"
"1330",1330,17,2,1.2,5,0,5,"69ea501f7c2740d540da0443"
"1331",1331,17,4,1.236,5,1,4,"69ea501f7c2740d540da0443"
"1332",1332,17,6,1.188,5,0,5,"69ea501f7c2740d540da0443"
"1333",1333,17,3,1.428,5,1,3,"69ea501f7c2740d540da0443"
"1334",1334,17,4,1.925,5,1,4,"69ea501f7c2740d540da0443"
"1335",1335,17,3,1.1,5,0,5,"69ea501f7c2740d540da0443"
"1336",1336,17,2,1.03,5,0,5,"69ea501f7c2740d540da0443"
"1337",1337,17,8,0.693,5,0,5,"69ea501f7c2740d540da0443"
"1338",1338,17,7,1.217,5,1,7,"69ea501f7c2740d540da0443"
"1339",1339,17,6,1.816,5,0,5,"69ea501f7c2740d540da0443"
"1340",1340,17,2,1.062,5,0,5,"69ea501f7c2740d540da0443"
"1341",1341,17,7,1.343,5,1,7,"69ea501f7c2740d540da0443"
"1342",1342,17,8,1.212,5,1,8,"69ea501f7c2740d540da0443"
"1343",1343,17,4,1.079,5,0,5,"69ea501f7c2740d540da0443"
"1344",1344,17,8,1.893,5,1,8,"69ea501f7c2740d540da0443"
"1345",1345,17,3,0.835,5,0,5,"69ea501f7c2740d540da0443"
"1346",1346,17,7,0.752,5,1,7,"69ea501f7c2740d540da0443"
"1347",1347,17,6,2.36,5,0,5,"69ea501f7c2740d540da0443"
"1348",1348,17,4,0.813,5,0,5,"69ea501f7c2740d540da0443"
"1349",1349,17,6,1.11,5,0,5,"69ea501f7c2740d540da0443"
"1350",1350,17,6,1.14,5,1,6,"69ea501f7c2740d540da0443"
"1351",1351,17,7,1.907,5,1,7,"69ea501f7c2740d540da0443"
"1352",1352,17,7,1.358,5,1,7,"69ea501f7c2740d540da0443"
"1353",1353,17,8,1.373,5,1,8,"69ea501f7c2740d540da0443"
"1354",1354,17,4,0.731,5,0,5,"69ea501f7c2740d540da0443"
"1355",1355,17,3,1.054,5,0,5,"69ea501f7c2740d540da0443"
"1356",1356,17,4,1.39,5,0,5,"69ea501f7c2740d540da0443"
"1357",1357,17,7,1.096,5,1,7,"69ea501f7c2740d540da0443"
"1358",1358,17,8,1.252,5,0,5,"69ea501f7c2740d540da0443"
"1359",1359,17,2,1.157,5,0,5,"69ea501f7c2740d540da0443"
"1360",1360,17,3,0.94,5,0,5,"69ea501f7c2740d540da0443"
"1361",1361,17,3,2.036,5,0,5,"69ea501f7c2740d540da0443"
"1362",1362,17,2,2.154,5,0,5,"69ea501f7c2740d540da0443"
"1363",1363,17,2,1.178,5,0,5,"69ea501f7c2740d540da0443"
"1364",1364,17,6,1.179,5,1,6,"69ea501f7c2740d540da0443"
"1365",1365,17,3,1.02,5,0,5,"69ea501f7c2740d540da0443"
"1366",1366,17,2,0.995,5,1,2,"69ea501f7c2740d540da0443"
"1367",1367,17,2,0.597,5,0,5,"69ea501f7c2740d540da0443"
"1368",1368,17,2,1.077,5,0,5,"69ea501f7c2740d540da0443"
"1369",1369,17,6,1.68,5,0,5,"69ea501f7c2740d540da0443"
"1370",1370,17,4,1.695,5,0,5,"69ea501f7c2740d540da0443"
"1371",1371,17,4,1.36,5,1,4,"69ea501f7c2740d540da0443"
"1372",1372,17,8,1.513,5,0,5,"69ea501f7c2740d540da0443"
"1373",1373,17,4,1.096,5,0,5,"69ea501f7c2740d540da0443"
"1374",1374,17,7,2.254,5,1,7,"69ea501f7c2740d540da0443"
"1375",1375,17,7,1.423,5,1,7,"69ea501f7c2740d540da0443"
"1376",1376,17,3,1.111,5,0,5,"69ea501f7c2740d540da0443"
"1377",1377,17,7,0.974,5,1,7,"69ea501f7c2740d540da0443"
"1378",1378,17,8,0.967,5,1,8,"69ea501f7c2740d540da0443"
"1379",1379,17,3,0.765,5,0,5,"69ea501f7c2740d540da0443"
"1380",1380,17,6,1.026,5,1,6,"69ea501f7c2740d540da0443"
"1381",1381,17,6,1.334,5,0,5,"69ea501f7c2740d540da0443"
"1382",1382,17,2,0.852,5,0,5,"69ea501f7c2740d540da0443"
"1383",1383,17,3,1.233,5,1,3,"69ea501f7c2740d540da0443"
"1384",1384,17,4,1.353,5,1,4,"69ea501f7c2740d540da0443"
"1385",1385,17,4,0.897,5,0,5,"69ea501f7c2740d540da0443"
"1386",1386,17,7,1.777,5,0,5,"69ea501f7c2740d540da0443"
"1387",1387,17,4,2.146,5,0,5,"69ea501f7c2740d540da0443"
"1388",1388,17,8,1.852,5,1,8,"69ea501f7c2740d540da0443"
"1389",1389,17,8,1.548,5,1,8,"69ea501f7c2740d540da0443"
"1390",1390,17,6,1.572,5,1,6,"69ea501f7c2740d540da0443"
"1391",1391,17,3,1.384,5,0,5,"69ea501f7c2740d540da0443"
"1392",1392,17,6,1.339,5,1,6,"69ea501f7c2740d540da0443"
"1393",1393,17,3,1.086,5,0,5,"69ea501f7c2740d540da0443"
"1394",1394,17,8,1.621,5,1,8,"69ea501f7c2740d540da0443"
"1395",1395,17,7,2.358,5,1,7,"69ea501f7c2740d540da0443"
"1396",1396,17,2,1.86,5,0,5,"69ea501f7c2740d540da0443"
"1397",1397,17,2,1.619,5,0,5,"69ea501f7c2740d540da0443"
"1398",1398,17,8,2.68,5,0,5,"69ea501f7c2740d540da0443"
"1399",1399,17,7,0.799,5,1,7,"69ea501f7c2740d540da0443"
"1400",1400,17,3,1.059,5,1,3,"69ea501f7c2740d540da0443"
"1401",1401,17,7,1.528,5,0,5,"69ea501f7c2740d540da0443"
"1402",1402,17,3,1.553,5,0,5,"69ea501f7c2740d540da0443"
"1403",1403,17,2,1.597,5,0,5,"69ea501f7c2740d540da0443"
"1404",1404,17,6,1.4,5,0,5,"69ea501f7c2740d540da0443"
"1405",1405,17,4,1.309,5,0,5,"69ea501f7c2740d540da0443"
"1406",1406,17,8,1.582,5,1,8,"69ea501f7c2740d540da0443"
"1407",1407,17,4,1.733,5,0,5,"69ea501f7c2740d540da0443"
"1408",1408,17,2,1.622,5,0,5,"69ea501f7c2740d540da0443"
"1409",1409,17,8,2.229,5,0,5,"69ea501f7c2740d540da0443"
"1410",1410,17,2,2.063,5,0,5,"69ea501f7c2740d540da0443"
"1411",1411,17,6,1.849,5,1,6,"69ea501f7c2740d540da0443"
"1412",1412,17,7,1.479,5,0,5,"69ea501f7c2740d540da0443"
"1413",1413,17,6,1.71,5,1,6,"69ea501f7c2740d540da0443"
"1414",1414,17,3,1.515,5,0,5,"69ea501f7c2740d540da0443"
"1415",1415,17,6,1.527,5,1,6,"69ea501f7c2740d540da0443"
"1416",1416,17,2,1.747,5,0,5,"69ea501f7c2740d540da0443"
"1417",1417,17,6,1.864,5,1,6,"69ea501f7c2740d540da0443"
"1418",1418,17,8,1.694,5,1,8,"69ea501f7c2740d540da0443"
"1419",1419,17,3,1.703,5,0,5,"69ea501f7c2740d540da0443"
"1420",1420,17,4,2.063,5,0,5,"69ea501f7c2740d540da0443"
"1421",1421,17,8,1.559,5,1,8,"69ea501f7c2740d540da0443"
"1422",1422,17,2,1.716,5,0,5,"69ea501f7c2740d540da0443"
"1423",1423,17,4,1.479,5,0,5,"69ea501f7c2740d540da0443"
"1424",1424,17,4,1.877,5,0,5,"69ea501f7c2740d540da0443"
"1425",1425,17,6,2.109,5,0,5,"69ea501f7c2740d540da0443"
"1426",1426,17,8,1.526,5,1,8,"69ea501f7c2740d540da0443"
"1427",1427,17,7,1.614,5,1,7,"69ea501f7c2740d540da0443"
"1428",1428,17,3,1.47,5,0,5,"69ea501f7c2740d540da0443"
"1429",1429,17,4,1.264,5,0,5,"69ea501f7c2740d540da0443"
"1430",1430,17,8,0.935,5,1,8,"69ea501f7c2740d540da0443"
"1431",1431,17,3,0.771,5,0,5,"69ea501f7c2740d540da0443"
"1432",1432,17,6,0.92,5,1,6,"69ea501f7c2740d540da0443"
"1433",1433,17,2,1.015,5,0,5,"69ea501f7c2740d540da0443"
"1434",1434,17,4,2.12,5,0,5,"69ea501f7c2740d540da0443"
"1435",1435,17,4,1.384,5,1,4,"69ea501f7c2740d540da0443"
"1436",1436,17,8,1.081,5,1,8,"69ea501f7c2740d540da0443"
"1437",1437,17,6,0.891,5,0,5,"69ea501f7c2740d540da0443"
"1438",1438,17,7,1.146,5,1,7,"69ea501f7c2740d540da0443"
"1439",1439,17,2,1.204,5,0,5,"69ea501f7c2740d540da0443"
"1440",1440,17,3,1.092,5,0,5,"69ea501f7c2740d540da0443"
"1441",1441,17,6,1.643,5,1,6,"69ea501f7c2740d540da0443"
"1442",1442,17,7,1.766,5,1,7,"69ea501f7c2740d540da0443"
"1443",1443,17,7,1.987,5,1,7,"69ea501f7c2740d540da0443"
"1444",1444,17,3,1.974,5,0,5,"69ea501f7c2740d540da0443"
"1445",1445,17,8,1.013,5,1,8,"69ea501f7c2740d540da0443"
"1446",1446,18,3,1.341,5,0,5,"69ea7eb1026754c383c71dcb"
"1447",1447,18,3,1.046,5,0,5,"69ea7eb1026754c383c71dcb"
"1448",1448,18,4,1.534,5,1,4,"69ea7eb1026754c383c71dcb"
"1449",1449,18,6,1.39,5,1,6,"69ea7eb1026754c383c71dcb"
"1450",1450,18,4,1.988,5,1,4,"69ea7eb1026754c383c71dcb"
"1451",1451,18,4,1.24,5,1,4,"69ea7eb1026754c383c71dcb"
"1452",1452,18,7,1.242,5,0,5,"69ea7eb1026754c383c71dcb"
"1453",1453,18,2,0.795,5,1,2,"69ea7eb1026754c383c71dcb"
"1454",1454,18,6,1.39,5,1,6,"69ea7eb1026754c383c71dcb"
"1455",1455,18,8,1.283,5,1,8,"69ea7eb1026754c383c71dcb"
"1456",1456,18,8,1.597,5,1,8,"69ea7eb1026754c383c71dcb"
"1457",1457,18,8,1.439,5,1,8,"69ea7eb1026754c383c71dcb"
"1458",1458,18,7,1.28,5,1,7,"69ea7eb1026754c383c71dcb"
"1459",1459,18,7,1.014,5,1,7,"69ea7eb1026754c383c71dcb"
"1460",1460,18,6,1.055,5,1,6,"69ea7eb1026754c383c71dcb"
"1461",1461,18,3,0.924,5,0,5,"69ea7eb1026754c383c71dcb"
"1462",1462,18,2,1.009,5,0,5,"69ea7eb1026754c383c71dcb"
"1463",1463,18,6,1.84,5,1,6,"69ea7eb1026754c383c71dcb"
"1464",1464,18,7,1.311,5,1,7,"69ea7eb1026754c383c71dcb"
"1465",1465,18,8,0.581,5,0,5,"69ea7eb1026754c383c71dcb"
"1466",1466,18,3,1.035,5,0,5,"69ea7eb1026754c383c71dcb"
"1467",1467,18,3,1.503,5,0,5,"69ea7eb1026754c383c71dcb"
"1468",1468,18,7,1.227,5,1,7,"69ea7eb1026754c383c71dcb"
"1469",1469,18,2,0.995,5,1,2,"69ea7eb1026754c383c71dcb"
"1470",1470,18,2,0.641,5,0,5,"69ea7eb1026754c383c71dcb"
"1471",1471,18,8,1.151,5,1,8,"69ea7eb1026754c383c71dcb"
"1472",1472,18,7,1.024,5,1,7,"69ea7eb1026754c383c71dcb"
"1473",1473,18,4,1.121,5,1,4,"69ea7eb1026754c383c71dcb"
"1474",1474,18,2,0.969,5,0,5,"69ea7eb1026754c383c71dcb"
"1475",1475,18,4,1.633,5,0,5,"69ea7eb1026754c383c71dcb"
"1476",1476,18,4,1.174,5,1,4,"69ea7eb1026754c383c71dcb"
"1477",1477,18,6,1.355,5,1,6,"69ea7eb1026754c383c71dcb"
"1478",1478,18,3,0.765,5,0,5,"69ea7eb1026754c383c71dcb"
"1479",1479,18,8,0.985,5,1,8,"69ea7eb1026754c383c71dcb"
"1480",1480,18,6,0.76,5,0,5,"69ea7eb1026754c383c71dcb"
"1481",1481,18,8,1.759,5,0,5,"69ea7eb1026754c383c71dcb"
"1482",1482,18,8,0.738,5,1,8,"69ea7eb1026754c383c71dcb"
"1483",1483,18,2,1.363,5,0,5,"69ea7eb1026754c383c71dcb"
"1484",1484,18,4,1.082,5,0,5,"69ea7eb1026754c383c71dcb"
"1485",1485,18,2,0.774,5,0,5,"69ea7eb1026754c383c71dcb"
"1486",1486,18,7,0.836,5,1,7,"69ea7eb1026754c383c71dcb"
"1487",1487,18,7,0.93,5,0,5,"69ea7eb1026754c383c71dcb"
"1488",1488,18,3,0.973,5,0,5,"69ea7eb1026754c383c71dcb"
"1489",1489,18,6,0.935,5,1,6,"69ea7eb1026754c383c71dcb"
"1490",1490,18,3,0.72,5,0,5,"69ea7eb1026754c383c71dcb"
"1491",1491,18,4,1.117,5,0,5,"69ea7eb1026754c383c71dcb"
"1492",1492,18,6,0.739,5,1,6,"69ea7eb1026754c383c71dcb"
"1493",1493,18,6,1.321,5,1,6,"69ea7eb1026754c383c71dcb"
"1494",1494,18,2,1.198,5,0,5,"69ea7eb1026754c383c71dcb"
"1495",1495,18,7,0.883,5,1,7,"69ea7eb1026754c383c71dcb"
"1496",1496,18,3,0.988,5,0,5,"69ea7eb1026754c383c71dcb"
"1497",1497,18,6,1.157,5,1,6,"69ea7eb1026754c383c71dcb"
"1498",1498,18,7,1.155,5,1,7,"69ea7eb1026754c383c71dcb"
"1499",1499,18,2,0.697,5,0,5,"69ea7eb1026754c383c71dcb"
"1500",1500,18,8,1.107,5,1,8,"69ea7eb1026754c383c71dcb"
"1501",1501,18,3,1.128,5,0,5,"69ea7eb1026754c383c71dcb"
"1502",1502,18,4,1.399,5,0,5,"69ea7eb1026754c383c71dcb"
"1503",1503,18,3,1.394,5,0,5,"69ea7eb1026754c383c71dcb"
"1504",1504,18,6,1.842,5,0,5,"69ea7eb1026754c383c71dcb"
"1505",1505,18,6,1.333,5,1,6,"69ea7eb1026754c383c71dcb"
"1506",1506,18,4,0.656,5,0,5,"69ea7eb1026754c383c71dcb"
"1507",1507,18,2,0.745,5,0,5,"69ea7eb1026754c383c71dcb"
"1508",1508,18,3,0.843,5,0,5,"69ea7eb1026754c383c71dcb"
"1509",1509,18,7,1.335,5,0,5,"69ea7eb1026754c383c71dcb"
"1510",1510,18,8,1,5,1,8,"69ea7eb1026754c383c71dcb"
"1511",1511,18,6,1.48,5,1,6,"69ea7eb1026754c383c71dcb"
"1512",1512,18,2,0.959,5,0,5,"69ea7eb1026754c383c71dcb"
"1513",1513,18,4,1.131,5,0,5,"69ea7eb1026754c383c71dcb"
"1514",1514,18,3,1.806,5,1,3,"69ea7eb1026754c383c71dcb"
"1515",1515,18,4,1.149,5,1,4,"69ea7eb1026754c383c71dcb"
"1516",1516,18,3,1.31,5,0,5,"69ea7eb1026754c383c71dcb"
"1517",1517,18,4,0.827,5,0,5,"69ea7eb1026754c383c71dcb"
"1518",1518,18,6,1.06,5,1,6,"69ea7eb1026754c383c71dcb"
"1519",1519,18,6,1.267,5,0,5,"69ea7eb1026754c383c71dcb"
"1520",1520,18,8,1.15,5,0,5,"69ea7eb1026754c383c71dcb"
"1521",1521,18,2,0.951,5,0,5,"69ea7eb1026754c383c71dcb"
"1522",1522,18,8,1.324,5,0,5,"69ea7eb1026754c383c71dcb"
"1523",1523,18,7,1.339,5,1,7,"69ea7eb1026754c383c71dcb"
"1524",1524,18,3,0.856,5,0,5,"69ea7eb1026754c383c71dcb"
"1525",1525,18,7,1.204,5,1,7,"69ea7eb1026754c383c71dcb"
"1526",1526,18,8,1.288,5,1,8,"69ea7eb1026754c383c71dcb"
"1527",1527,18,2,1.006,5,0,5,"69ea7eb1026754c383c71dcb"
"1528",1528,18,4,1.139,5,1,4,"69ea7eb1026754c383c71dcb"
"1529",1529,18,2,0.706,5,0,5,"69ea7eb1026754c383c71dcb"
"1530",1530,18,3,0.797,5,0,5,"69ea7eb1026754c383c71dcb"
"1531",1531,18,8,1.407,5,1,8,"69ea7eb1026754c383c71dcb"
"1532",1532,18,2,1.281,5,0,5,"69ea7eb1026754c383c71dcb"
"1533",1533,18,8,1.007,5,1,8,"69ea7eb1026754c383c71dcb"
"1534",1534,18,8,1.404,5,0,5,"69ea7eb1026754c383c71dcb"
"1535",1535,18,6,0.907,5,1,6,"69ea7eb1026754c383c71dcb"
"1536",1536,18,6,1.423,5,1,6,"69ea7eb1026754c383c71dcb"
"1537",1537,18,7,0.926,5,1,7,"69ea7eb1026754c383c71dcb"
"1538",1538,18,6,0.738,5,1,6,"69ea7eb1026754c383c71dcb"
"1539",1539,18,2,1.697,5,0,5,"69ea7eb1026754c383c71dcb"
"1540",1540,18,4,1.64,5,0,5,"69ea7eb1026754c383c71dcb"
"1541",1541,18,3,1.179,5,0,5,"69ea7eb1026754c383c71dcb"
"1542",1542,18,7,1.492,5,1,7,"69ea7eb1026754c383c71dcb"
"1543",1543,18,7,0.895,5,1,7,"69ea7eb1026754c383c71dcb"
"1544",1544,18,2,1.06,5,0,5,"69ea7eb1026754c383c71dcb"
"1545",1545,18,6,1.403,5,1,6,"69ea7eb1026754c383c71dcb"
"1546",1546,18,3,1.15,5,0,5,"69ea7eb1026754c383c71dcb"
"1547",1547,18,2,0.882,5,0,5,"69ea7eb1026754c383c71dcb"
"1548",1548,18,4,0.656,5,0,5,"69ea7eb1026754c383c71dcb"
"1549",1549,18,7,1,5,1,7,"69ea7eb1026754c383c71dcb"
"1550",1550,18,7,0.742,5,1,7,"69ea7eb1026754c383c71dcb"
"1551",1551,18,3,0.893,5,0,5,"69ea7eb1026754c383c71dcb"
"1552",1552,18,4,0.692,5,0,5,"69ea7eb1026754c383c71dcb"
"1553",1553,18,7,1.421,5,1,7,"69ea7eb1026754c383c71dcb"
"1554",1554,18,6,1.19,5,1,6,"69ea7eb1026754c383c71dcb"
"1555",1555,18,8,1.13,5,1,8,"69ea7eb1026754c383c71dcb"
"1556",1556,18,6,1.408,5,1,6,"69ea7eb1026754c383c71dcb"
"1557",1557,18,4,1.157,5,1,4,"69ea7eb1026754c383c71dcb"
"1558",1558,18,3,0.944,5,0,5,"69ea7eb1026754c383c71dcb"
"1559",1559,18,8,1.204,5,1,8,"69ea7eb1026754c383c71dcb"
"1560",1560,18,8,1.663,5,1,8,"69ea7eb1026754c383c71dcb"
"1561",1561,18,7,1.888,5,1,7,"69ea7eb1026754c383c71dcb"
"1562",1562,18,4,1.118,5,0,5,"69ea7eb1026754c383c71dcb"
"1563",1563,18,7,1.11,5,1,7,"69ea7eb1026754c383c71dcb"
"1564",1564,18,6,1.31,5,0,5,"69ea7eb1026754c383c71dcb"
"1565",1565,18,8,1.038,5,1,8,"69ea7eb1026754c383c71dcb"
"1566",1566,18,8,0.602,5,1,8,"69ea7eb1026754c383c71dcb"
"1567",1567,18,4,1.9,5,0,5,"69ea7eb1026754c383c71dcb"
"1568",1568,18,8,1.438,5,1,8,"69ea7eb1026754c383c71dcb"
"1569",1569,18,3,1.135,5,0,5,"69ea7eb1026754c383c71dcb"
"1570",1570,18,2,0.68,5,0,5,"69ea7eb1026754c383c71dcb"
"1571",1571,18,3,1.15,5,0,5,"69ea7eb1026754c383c71dcb"
"1572",1572,18,6,0.618,5,1,6,"69ea7eb1026754c383c71dcb"
"1573",1573,18,3,0.998,5,0,5,"69ea7eb1026754c383c71dcb"
"1574",1574,18,2,1.025,5,0,5,"69ea7eb1026754c383c71dcb"
"1575",1575,18,6,1.039,5,0,5,"69ea7eb1026754c383c71dcb"
"1576",1576,18,7,1.515,5,1,7,"69ea7eb1026754c383c71dcb"
"1577",1577,19,8,1.528,5,1,8,"69eb800832758d43f529f9af"
"1578",1578,19,4,2.223,5,0,5,"69eb800832758d43f529f9af"
"1579",1579,19,4,2.58,5,0,5,"69eb800832758d43f529f9af"
"1580",1580,19,8,1.289,5,1,8,"69eb800832758d43f529f9af"
"1581",1581,19,6,2.405,5,1,6,"69eb800832758d43f529f9af"
"1582",1582,19,7,1.337,5,1,7,"69eb800832758d43f529f9af"
"1583",1583,19,3,1.414,5,0,5,"69eb800832758d43f529f9af"
"1584",1584,19,3,1.803,5,0,5,"69eb800832758d43f529f9af"
"1585",1585,19,2,2.052,5,0,5,"69eb800832758d43f529f9af"
"1586",1586,19,6,1.552,5,1,6,"69eb800832758d43f529f9af"
"1587",1587,19,2,1.629,5,0,5,"69eb800832758d43f529f9af"
"1588",1588,19,8,1.462,5,1,8,"69eb800832758d43f529f9af"
"1589",1589,19,3,2.012,5,1,3,"69eb800832758d43f529f9af"
"1590",1590,19,7,1.555,5,1,7,"69eb800832758d43f529f9af"
"1591",1591,19,8,1.321,5,1,8,"69eb800832758d43f529f9af"
"1592",1592,19,8,1.949,5,1,8,"69eb800832758d43f529f9af"
"1593",1593,19,7,1.913,5,1,7,"69eb800832758d43f529f9af"
"1594",1594,19,8,1.658,5,1,8,"69eb800832758d43f529f9af"
"1595",1595,19,6,1.824,5,1,6,"69eb800832758d43f529f9af"
"1596",1596,19,6,1.788,5,1,6,"69eb800832758d43f529f9af"
"1597",1597,19,2,1.177,5,0,5,"69eb800832758d43f529f9af"
"1598",1598,19,3,1.616,5,1,3,"69eb800832758d43f529f9af"
"1599",1599,19,7,0.893,5,0,5,"69eb800832758d43f529f9af"
"1600",1600,19,4,1.297,5,0,5,"69eb800832758d43f529f9af"
"1601",1601,19,7,1.845,5,1,7,"69eb800832758d43f529f9af"
"1602",1602,19,4,2.157,5,0,5,"69eb800832758d43f529f9af"
"1603",1603,19,6,1.621,5,1,6,"69eb800832758d43f529f9af"
"1604",1604,19,3,1.409,5,0,5,"69eb800832758d43f529f9af"
"1605",1605,19,2,1.489,5,0,5,"69eb800832758d43f529f9af"
"1606",1606,19,2,1.475,5,0,5,"69eb800832758d43f529f9af"
"1607",1607,19,6,1.018,5,0,5,"69eb800832758d43f529f9af"
"1608",1608,19,2,1.557,5,0,5,"69eb800832758d43f529f9af"
"1609",1609,19,3,1.336,5,0,5,"69eb800832758d43f529f9af"
"1610",1610,19,7,1.133,5,1,7,"69eb800832758d43f529f9af"
"1611",1611,19,6,0.932,5,1,6,"69eb800832758d43f529f9af"
"1612",1612,19,3,1.171,5,0,5,"69eb800832758d43f529f9af"
"1613",1613,19,6,1.221,5,1,6,"69eb800832758d43f529f9af"
"1614",1614,19,2,0.867,5,0,5,"69eb800832758d43f529f9af"
"1615",1615,19,7,1.048,5,1,7,"69eb800832758d43f529f9af"
"1616",1616,19,7,1.559,5,1,7,"69eb800832758d43f529f9af"
"1617",1617,19,3,1.681,5,0,5,"69eb800832758d43f529f9af"
"1618",1618,19,4,1.236,5,1,4,"69eb800832758d43f529f9af"
"1619",1619,19,4,0.847,5,0,5,"69eb800832758d43f529f9af"
"1620",1620,19,8,0.912,5,1,8,"69eb800832758d43f529f9af"
"1621",1621,19,4,0.654,5,0,5,"69eb800832758d43f529f9af"
"1622",1622,19,8,0.827,5,0,5,"69eb800832758d43f529f9af"
"1623",1623,19,4,0.963,5,0,5,"69eb800832758d43f529f9af"
"1624",1624,19,7,1.451,5,1,7,"69eb800832758d43f529f9af"
"1625",1625,19,4,1.384,5,0,5,"69eb800832758d43f529f9af"
"1626",1626,19,3,1.408,5,0,5,"69eb800832758d43f529f9af"
"1627",1627,19,6,1.745,5,0,5,"69eb800832758d43f529f9af"
"1628",1628,19,8,1.198,5,1,8,"69eb800832758d43f529f9af"
"1629",1629,19,2,0.708,5,0,5,"69eb800832758d43f529f9af"
"1630",1630,19,6,1.003,5,1,6,"69eb800832758d43f529f9af"
"1631",1631,19,3,0.795,5,0,5,"69eb800832758d43f529f9af"
"1632",1632,19,4,1.289,5,0,5,"69eb800832758d43f529f9af"
"1633",1633,19,7,0.981,5,0,5,"69eb800832758d43f529f9af"
"1634",1634,19,2,0.742,5,0,5,"69eb800832758d43f529f9af"
"1635",1635,19,6,0.786,5,1,6,"69eb800832758d43f529f9af"
"1636",1636,19,7,1.573,5,1,7,"69eb800832758d43f529f9af"
"1637",1637,19,2,1.289,5,0,5,"69eb800832758d43f529f9af"
"1638",1638,19,3,1.182,5,0,5,"69eb800832758d43f529f9af"
"1639",1639,19,6,1.088,5,1,6,"69eb800832758d43f529f9af"
"1640",1640,19,8,1.209,5,1,8,"69eb800832758d43f529f9af"
"1641",1641,19,8,1.004,5,1,8,"69eb800832758d43f529f9af"
"1642",1642,19,4,1.286,5,0,5,"69eb800832758d43f529f9af"
"1643",1643,19,2,1.668,5,0,5,"69eb800832758d43f529f9af"
"1644",1644,19,3,1.524,5,0,5,"69eb800832758d43f529f9af"
"1645",1645,19,8,1.159,5,1,8,"69eb800832758d43f529f9af"
"1646",1646,19,6,1.355,5,0,5,"69eb800832758d43f529f9af"
"1647",1647,19,3,1.648,5,1,3,"69eb800832758d43f529f9af"
"1648",1648,19,4,1.479,5,0,5,"69eb800832758d43f529f9af"
"1649",1649,19,7,1.273,5,1,7,"69eb800832758d43f529f9af"
"1650",1650,19,7,0.804,5,0,5,"69eb800832758d43f529f9af"
"1651",1651,19,3,1.529,5,0,5,"69eb800832758d43f529f9af"
"1652",1652,19,6,1.249,5,1,6,"69eb800832758d43f529f9af"
"1653",1653,19,2,1.463,5,0,5,"69eb800832758d43f529f9af"
"1654",1654,19,4,1.232,5,0,5,"69eb800832758d43f529f9af"
"1655",1655,19,2,1.19,5,0,5,"69eb800832758d43f529f9af"
"1656",1656,19,8,1.329,5,1,8,"69eb800832758d43f529f9af"
"1657",1657,19,4,1.241,5,0,5,"69eb800832758d43f529f9af"
"1658",1658,19,3,1.927,5,0,5,"69eb800832758d43f529f9af"
"1659",1659,19,4,1.316,5,0,5,"69eb800832758d43f529f9af"
"1660",1660,19,7,0.745,5,0,5,"69eb800832758d43f529f9af"
"1661",1661,19,6,1.53,5,1,6,"69eb800832758d43f529f9af"
"1662",1662,19,7,1.155,5,1,7,"69eb800832758d43f529f9af"
"1663",1663,19,2,0.957,5,0,5,"69eb800832758d43f529f9af"
"1664",1664,19,2,0.545,5,0,5,"69eb800832758d43f529f9af"
"1665",1665,19,3,0.558,5,0,5,"69eb800832758d43f529f9af"
"1666",1666,19,6,2.528,5,1,6,"69eb800832758d43f529f9af"
"1667",1667,19,8,1.228,5,0,5,"69eb800832758d43f529f9af"
"1668",1668,19,2,1.076,5,0,5,"69eb800832758d43f529f9af"
"1669",1669,19,6,1.752,5,1,6,"69eb800832758d43f529f9af"
"1670",1670,19,8,1.321,5,1,8,"69eb800832758d43f529f9af"
"1671",1671,19,7,0.789,5,1,7,"69eb800832758d43f529f9af"
"1672",1672,19,2,1.385,5,0,5,"69eb800832758d43f529f9af"
"1673",1673,19,4,1.772,5,0,5,"69eb800832758d43f529f9af"
"1674",1674,19,4,1.303,5,0,5,"69eb800832758d43f529f9af"
"1675",1675,19,8,1.386,5,1,8,"69eb800832758d43f529f9af"
"1676",1676,19,3,1.015,5,0,5,"69eb800832758d43f529f9af"
"1677",1677,19,8,0.723,5,1,8,"69eb800832758d43f529f9af"
"1678",1678,19,6,0.851,5,0,5,"69eb800832758d43f529f9af"
"1679",1679,19,3,1.057,5,0,5,"69eb800832758d43f529f9af"
"1680",1680,19,8,1.57,5,1,8,"69eb800832758d43f529f9af"
"1681",1681,19,6,1.007,5,1,6,"69eb800832758d43f529f9af"
"1682",1682,19,4,1.092,5,0,5,"69eb800832758d43f529f9af"
"1683",1683,19,3,1.309,5,0,5,"69eb800832758d43f529f9af"
"1684",1684,19,6,1.577,5,1,6,"69eb800832758d43f529f9af"
"1685",1685,19,7,1.2,5,1,7,"69eb800832758d43f529f9af"
"1686",1686,19,7,1.892,5,1,7,"69eb800832758d43f529f9af"
"1687",1687,19,2,0.58,5,0,5,"69eb800832758d43f529f9af"
"1688",1688,19,7,0.769,5,0,5,"69eb800832758d43f529f9af"
"1689",1689,19,6,1.839,5,1,6,"69eb800832758d43f529f9af"
"1690",1690,19,4,1.91,5,0,5,"69eb800832758d43f529f9af"
"1691",1691,19,6,1.392,5,1,6,"69eb800832758d43f529f9af"
"1692",1692,19,6,1.954,5,1,6,"69eb800832758d43f529f9af"
"1693",1693,19,8,0.759,5,0,5,"69eb800832758d43f529f9af"
"1694",1694,19,2,1.883,5,0,5,"69eb800832758d43f529f9af"
"1695",1695,19,7,1.41,5,0,5,"69eb800832758d43f529f9af"
"1696",1696,19,7,2.003,5,1,7,"69eb800832758d43f529f9af"
"1697",1697,19,3,1.347,5,0,5,"69eb800832758d43f529f9af"
"1698",1698,19,4,0.907,5,0,5,"69eb800832758d43f529f9af"
"1699",1699,19,8,1.124,5,1,8,"69eb800832758d43f529f9af"
"1700",1700,19,3,1.873,5,0,5,"69eb800832758d43f529f9af"
"1701",1701,19,2,0.558,5,0,5,"69eb800832758d43f529f9af"
"1702",1702,19,8,1.349,5,1,8,"69eb800832758d43f529f9af"
"1703",1703,19,4,1.193,5,0,5,"69eb800832758d43f529f9af"
"1704",1704,19,7,1.713,5,1,7,"69eb800832758d43f529f9af"
"1705",1705,20,3,1.116,5,0,5,"69ee792c66e99d9dc5c7793f"
"1706",1706,20,7,0.699,5,1,7,"69ee792c66e99d9dc5c7793f"
"1707",1707,20,6,0.738,5,1,6,"69ee792c66e99d9dc5c7793f"
"1708",1708,20,7,0.882,5,1,7,"69ee792c66e99d9dc5c7793f"
"1709",1709,20,4,1.086,5,0,5,"69ee792c66e99d9dc5c7793f"
"1710",1710,20,3,1.159,5,1,3,"69ee792c66e99d9dc5c7793f"
"1711",1711,20,8,1.067,5,1,8,"69ee792c66e99d9dc5c7793f"
"1712",1712,20,2,1.329,5,0,5,"69ee792c66e99d9dc5c7793f"
"1713",1713,20,8,1.608,5,1,8,"69ee792c66e99d9dc5c7793f"
"1714",1714,20,2,1.915,5,0,5,"69ee792c66e99d9dc5c7793f"
"1715",1715,20,8,1.087,5,1,8,"69ee792c66e99d9dc5c7793f"
"1716",1716,20,4,0.714,5,0,5,"69ee792c66e99d9dc5c7793f"
"1717",1717,20,3,1.746,5,0,5,"69ee792c66e99d9dc5c7793f"
"1718",1718,20,6,0.874,5,1,6,"69ee792c66e99d9dc5c7793f"
"1719",1719,20,7,1.375,5,0,5,"69ee792c66e99d9dc5c7793f"
"1720",1720,20,2,1.417,5,0,5,"69ee792c66e99d9dc5c7793f"
"1721",1721,20,4,1.866,5,0,5,"69ee792c66e99d9dc5c7793f"
"1722",1722,20,2,1.373,5,0,5,"69ee792c66e99d9dc5c7793f"
"1723",1723,20,8,0.692,5,1,8,"69ee792c66e99d9dc5c7793f"
"1724",1724,20,7,0.692,5,1,7,"69ee792c66e99d9dc5c7793f"
"1725",1725,20,2,0.846,5,0,5,"69ee792c66e99d9dc5c7793f"
"1726",1726,20,6,0.848,5,1,6,"69ee792c66e99d9dc5c7793f"
"1727",1727,20,3,0.697,5,1,3,"69ee792c66e99d9dc5c7793f"
"1728",1728,20,6,1.179,5,1,6,"69ee792c66e99d9dc5c7793f"
"1729",1729,20,8,0.774,5,1,8,"69ee792c66e99d9dc5c7793f"
"1730",1730,20,7,0.953,5,0,5,"69ee792c66e99d9dc5c7793f"
"1731",1731,20,3,0.636,5,1,3,"69ee792c66e99d9dc5c7793f"
"1732",1732,20,6,0.649,5,1,6,"69ee792c66e99d9dc5c7793f"
"1733",1733,20,3,0.737,5,0,5,"69ee792c66e99d9dc5c7793f"
"1734",1734,20,7,0.859,5,0,5,"69ee792c66e99d9dc5c7793f"
"1735",1735,20,4,0.711,5,1,4,"69ee792c66e99d9dc5c7793f"
"1736",1736,20,4,0.932,5,1,4,"69ee792c66e99d9dc5c7793f"
"1737",1737,20,4,0.765,5,1,4,"69ee792c66e99d9dc5c7793f"
"1738",1738,20,2,0.965,5,0,5,"69ee792c66e99d9dc5c7793f"
"1739",1739,20,8,0.982,5,1,8,"69ee792c66e99d9dc5c7793f"
"1740",1740,20,7,0.991,5,1,7,"69ee792c66e99d9dc5c7793f"
"1741",1741,20,6,1.419,5,1,6,"69ee792c66e99d9dc5c7793f"
"1742",1742,20,3,2.261,5,0,5,"69ee792c66e99d9dc5c7793f"
"1743",1743,20,4,0.819,5,0,5,"69ee792c66e99d9dc5c7793f"
"1744",1744,20,2,1.236,5,0,5,"69ee792c66e99d9dc5c7793f"
"1745",1745,20,8,0.745,5,0,5,"69ee792c66e99d9dc5c7793f"
"1746",1746,20,6,0.831,5,1,6,"69ee792c66e99d9dc5c7793f"
"1747",1747,20,6,0.738,5,0,5,"69ee792c66e99d9dc5c7793f"
"1748",1748,20,4,1.396,5,0,5,"69ee792c66e99d9dc5c7793f"
"1749",1749,20,2,0.999,5,0,5,"69ee792c66e99d9dc5c7793f"
"1750",1750,20,8,1.308,5,0,5,"69ee792c66e99d9dc5c7793f"
"1751",1751,20,4,0.859,5,0,5,"69ee792c66e99d9dc5c7793f"
"1752",1752,20,7,1.893,5,1,7,"69ee792c66e99d9dc5c7793f"
"1753",1753,20,2,2.186,5,0,5,"69ee792c66e99d9dc5c7793f"
"1754",1754,20,3,1.78,5,1,3,"69ee792c66e99d9dc5c7793f"
"1755",1755,20,7,1.189,5,1,7,"69ee792c66e99d9dc5c7793f"
"1756",1756,20,4,0.818,5,0,5,"69ee792c66e99d9dc5c7793f"
"1757",1757,20,6,0.937,5,0,5,"69ee792c66e99d9dc5c7793f"
"1758",1758,20,2,0.985,5,0,5,"69ee792c66e99d9dc5c7793f"
"1759",1759,20,8,1.146,5,1,8,"69ee792c66e99d9dc5c7793f"
"1760",1760,20,6,1.106,5,0,5,"69ee792c66e99d9dc5c7793f"
"1761",1761,20,7,0.747,5,0,5,"69ee792c66e99d9dc5c7793f"
"1762",1762,20,8,0.784,5,1,8,"69ee792c66e99d9dc5c7793f"
"1763",1763,20,3,0.715,5,0,5,"69ee792c66e99d9dc5c7793f"
"1764",1764,20,4,1.162,5,1,4,"69ee792c66e99d9dc5c7793f"
"1765",1765,20,3,1.457,5,0,5,"69ee792c66e99d9dc5c7793f"
"1766",1766,20,7,1.286,5,0,5,"69ee792c66e99d9dc5c7793f"
"1767",1767,20,4,1.196,5,0,5,"69ee792c66e99d9dc5c7793f"
"1768",1768,20,2,2.071,5,1,2,"69ee792c66e99d9dc5c7793f"
"1769",1769,20,6,1.6,5,0,5,"69ee792c66e99d9dc5c7793f"
"1770",1770,20,3,1.077,5,0,5,"69ee792c66e99d9dc5c7793f"
"1771",1771,20,2,0.893,5,0,5,"69ee792c66e99d9dc5c7793f"
"1772",1772,20,6,1.611,5,0,5,"69ee792c66e99d9dc5c7793f"
"1773",1773,20,7,1.167,5,0,5,"69ee792c66e99d9dc5c7793f"
"1774",1774,20,2,1.697,5,0,5,"69ee792c66e99d9dc5c7793f"
"1775",1775,20,8,1.109,5,1,8,"69ee792c66e99d9dc5c7793f"
"1776",1776,20,4,1.354,5,1,4,"69ee792c66e99d9dc5c7793f"
"1777",1777,20,3,1.035,5,0,5,"69ee792c66e99d9dc5c7793f"
"1778",1778,20,8,1.929,5,0,5,"69ee792c66e99d9dc5c7793f"
"1779",1779,20,4,1.275,5,0,5,"69ee792c66e99d9dc5c7793f"
"1780",1780,20,3,1.324,5,1,3,"69ee792c66e99d9dc5c7793f"
"1781",1781,20,2,1.167,5,0,5,"69ee792c66e99d9dc5c7793f"
"1782",1782,20,6,1.708,5,1,6,"69ee792c66e99d9dc5c7793f"
"1783",1783,20,7,1.07,5,0,5,"69ee792c66e99d9dc5c7793f"
"1784",1784,20,2,1.069,5,1,2,"69ee792c66e99d9dc5c7793f"
"1785",1785,20,6,0.871,5,1,6,"69ee792c66e99d9dc5c7793f"
"1786",1786,20,8,0.696,5,0,5,"69ee792c66e99d9dc5c7793f"
"1787",1787,20,3,1.234,5,0,5,"69ee792c66e99d9dc5c7793f"
"1788",1788,20,4,1.405,5,1,4,"69ee792c66e99d9dc5c7793f"
"1789",1789,20,6,1.41,5,0,5,"69ee792c66e99d9dc5c7793f"
"1790",1790,20,2,0.858,5,0,5,"69ee792c66e99d9dc5c7793f"
"1791",1791,20,7,0.917,5,0,5,"69ee792c66e99d9dc5c7793f"
"1792",1792,20,8,1.191,5,0,5,"69ee792c66e99d9dc5c7793f"
"1793",1793,20,7,0.872,5,1,7,"69ee792c66e99d9dc5c7793f"
"1794",1794,20,3,0.798,5,0,5,"69ee792c66e99d9dc5c7793f"
"1795",1795,20,3,1.424,5,1,3,"69ee792c66e99d9dc5c7793f"
"1796",1796,20,7,1.769,5,0,5,"69ee792c66e99d9dc5c7793f"
"1797",1797,20,4,1.572,5,1,4,"69ee792c66e99d9dc5c7793f"
"1798",1798,20,8,0.985,5,1,8,"69ee792c66e99d9dc5c7793f"
"1799",1799,20,2,1.223,5,0,5,"69ee792c66e99d9dc5c7793f"
"1800",1800,20,4,0.804,5,0,5,"69ee792c66e99d9dc5c7793f"
"1801",1801,20,6,0.904,5,0,5,"69ee792c66e99d9dc5c7793f"
"1802",1802,20,3,0.648,5,0,5,"69ee792c66e99d9dc5c7793f"
"1803",1803,20,6,1.5,5,1,6,"69ee792c66e99d9dc5c7793f"
"1804",1804,20,8,1.255,5,1,8,"69ee792c66e99d9dc5c7793f"
"1805",1805,20,2,1.296,5,0,5,"69ee792c66e99d9dc5c7793f"
"1806",1806,20,2,1.187,5,0,5,"69ee792c66e99d9dc5c7793f"
"1807",1807,20,4,1.492,5,1,4,"69ee792c66e99d9dc5c7793f"
"1808",1808,20,6,0.703,5,0,5,"69ee792c66e99d9dc5c7793f"
"1809",1809,20,8,0.84,5,1,8,"69ee792c66e99d9dc5c7793f"
"1810",1810,20,6,1.146,5,1,6,"69ee792c66e99d9dc5c7793f"
"1811",1811,20,8,1.592,5,1,8,"69ee792c66e99d9dc5c7793f"
"1812",1812,20,2,2.199,5,1,2,"69ee792c66e99d9dc5c7793f"
"1813",1813,20,3,1.493,5,1,3,"69ee792c66e99d9dc5c7793f"
"1814",1814,20,3,1.006,5,0,5,"69ee792c66e99d9dc5c7793f"
"1815",1815,20,3,1.717,5,0,5,"69ee792c66e99d9dc5c7793f"
"1816",1816,20,4,1.394,5,0,5,"69ee792c66e99d9dc5c7793f"
"1817",1817,20,6,1.288,5,1,6,"69ee792c66e99d9dc5c7793f"
"1818",1818,20,7,1.03,5,1,7,"69ee792c66e99d9dc5c7793f"
"1819",1819,20,4,1.654,5,1,4,"69ee792c66e99d9dc5c7793f"
"1820",1820,20,7,1.603,5,1,7,"69ee792c66e99d9dc5c7793f"
"1821",1821,20,8,1.181,5,1,8,"69ee792c66e99d9dc5c7793f"
"1822",1822,20,7,1.771,5,1,7,"69ee792c66e99d9dc5c7793f"
"1823",1823,20,8,0.973,5,1,8,"69ee792c66e99d9dc5c7793f"
"1824",1824,20,3,1.492,5,0,5,"69ee792c66e99d9dc5c7793f"
"1825",1825,20,4,1.186,5,1,4,"69ee792c66e99d9dc5c7793f"
"1826",1826,20,7,0.988,5,1,7,"69ee792c66e99d9dc5c7793f"
"1827",1827,20,6,1.699,5,0,5,"69ee792c66e99d9dc5c7793f"
"1828",1828,20,4,2.001,5,0,5,"69ee792c66e99d9dc5c7793f"
"1829",1829,20,2,1.385,5,0,5,"69ee792c66e99d9dc5c7793f"
"1830",1830,20,6,1.081,5,0,5,"69ee792c66e99d9dc5c7793f"
"1831",1831,20,8,1.488,5,1,8,"69ee792c66e99d9dc5c7793f"
"1832",1832,20,2,1.325,5,0,5,"69ee792c66e99d9dc5c7793f"
"1833",1833,20,4,1.514,5,0,5,"69ee792c66e99d9dc5c7793f"
"1834",1834,20,8,0.757,5,1,8,"69ee792c66e99d9dc5c7793f"
"1835",1835,20,3,0.939,5,0,5,"69ee792c66e99d9dc5c7793f"
"1836",1836,20,7,1.549,5,1,7,"69ee792c66e99d9dc5c7793f"
"1837",1837,20,3,2.253,5,1,3,"69ee792c66e99d9dc5c7793f"
"1838",1838,3,3,1.173,5,1,3,"69a65cb77a65aab485084932"
"1839",1839,3,4,1.602,5,0,5,"69a65cb77a65aab485084932"
"1840",1840,3,6,1.312,5,1,6,"69a65cb77a65aab485084932"
"1841",1841,3,3,1.909,5,0,5,"69a65cb77a65aab485084932"
"1842",1842,3,2,2.272,5,0,5,"69a65cb77a65aab485084932"
"1843",1843,3,4,1.988,5,0,5,"69a65cb77a65aab485084932"
"1844",1844,3,7,1.675,5,1,7,"69a65cb77a65aab485084932"
"1845",1845,3,8,1.018,5,1,8,"69a65cb77a65aab485084932"
"1846",1846,3,7,1.305,5,1,7,"69a65cb77a65aab485084932"
"1847",1847,3,8,1.349,5,1,8,"69a65cb77a65aab485084932"
"1848",1848,3,6,1.772,5,1,6,"69a65cb77a65aab485084932"
"1849",1849,3,3,1.941,5,0,5,"69a65cb77a65aab485084932"
"1850",1850,3,4,1.552,5,1,4,"69a65cb77a65aab485084932"
"1851",1851,3,8,1.238,5,1,8,"69a65cb77a65aab485084932"
"1852",1852,3,7,1.519,5,1,7,"69a65cb77a65aab485084932"
"1853",1853,3,2,1.801,5,0,5,"69a65cb77a65aab485084932"
"1854",1854,3,6,1.084,5,1,6,"69a65cb77a65aab485084932"
"1855",1855,3,2,1.796,5,0,5,"69a65cb77a65aab485084932"
"1856",1856,3,7,1.143,5,1,7,"69a65cb77a65aab485084932"
"1857",1857,3,6,1.158,5,1,6,"69a65cb77a65aab485084932"
"1858",1858,3,8,0.956,5,1,8,"69a65cb77a65aab485084932"
"1859",1859,3,4,2.6,5,1,4,"69a65cb77a65aab485084932"
"1860",1860,3,3,1.42,5,0,5,"69a65cb77a65aab485084932"
"1861",1861,3,6,0.954,5,1,6,"69a65cb77a65aab485084932"
"1862",1862,3,8,1.49,5,1,8,"69a65cb77a65aab485084932"
"1863",1863,3,2,2.073,5,0,5,"69a65cb77a65aab485084932"
"1864",1864,3,7,2.007,5,1,7,"69a65cb77a65aab485084932"
"1865",1865,3,8,1.078,5,1,8,"69a65cb77a65aab485084932"
"1866",1866,3,7,1.28,5,1,7,"69a65cb77a65aab485084932"
"1867",1867,3,3,1.375,5,1,3,"69a65cb77a65aab485084932"
"1868",1868,3,4,1.968,5,0,5,"69a65cb77a65aab485084932"
"1869",1869,3,3,2.274,5,0,5,"69a65cb77a65aab485084932"
"1870",1870,3,2,2.257,5,0,5,"69a65cb77a65aab485084932"
"1871",1871,3,2,2.753,5,0,5,"69a65cb77a65aab485084932"
"1872",1872,3,6,1.992,5,1,6,"69a65cb77a65aab485084932"
"1873",1873,3,4,1.384,5,1,4,"69a65cb77a65aab485084932"
"1874",1874,3,7,2.295,5,0,5,"69a65cb77a65aab485084932"
"1875",1875,3,3,1.843,5,0,5,"69a65cb77a65aab485084932"
"1876",1876,3,2,1.266,5,0,5,"69a65cb77a65aab485084932"
"1877",1877,3,6,1.212,5,1,6,"69a65cb77a65aab485084932"
"1878",1878,3,4,1.187,5,1,4,"69a65cb77a65aab485084932"
"1879",1879,3,7,1.056,5,1,7,"69a65cb77a65aab485084932"
"1880",1880,3,7,1.027,5,1,7,"69a65cb77a65aab485084932"
"1881",1881,3,2,1.894,5,0,5,"69a65cb77a65aab485084932"
"1882",1882,3,4,1.502,5,0,5,"69a65cb77a65aab485084932"
"1883",1883,3,6,1.223,5,1,6,"69a65cb77a65aab485084932"
"1884",1884,3,4,2.189,5,0,5,"69a65cb77a65aab485084932"
"1885",1885,3,8,1.957,5,1,8,"69a65cb77a65aab485084932"
"1886",1886,3,6,1.929,5,0,5,"69a65cb77a65aab485084932"
"1887",1887,3,2,2.285,5,0,5,"69a65cb77a65aab485084932"
"1888",1888,3,3,2.039,5,0,5,"69a65cb77a65aab485084932"
"1889",1889,3,3,1.67,5,0,5,"69a65cb77a65aab485084932"
"1890",1890,3,8,1.752,5,0,5,"69a65cb77a65aab485084932"
"1891",1891,3,6,2.356,5,0,5,"69a65cb77a65aab485084932"
"1892",1892,3,8,1.594,5,1,8,"69a65cb77a65aab485084932"
"1893",1893,3,6,1.93,5,1,6,"69a65cb77a65aab485084932"
"1894",1894,3,3,1.93,5,0,5,"69a65cb77a65aab485084932"
"1895",1895,3,7,2.156,5,0,5,"69a65cb77a65aab485084932"
"1896",1896,3,3,2.74,5,0,5,"69a65cb77a65aab485084932"
"1897",1897,3,4,2.055,5,0,5,"69a65cb77a65aab485084932"
"1898",1898,3,6,2.806,5,1,6,"69a65cb77a65aab485084932"
"1899",1899,3,4,1.742,5,0,5,"69a65cb77a65aab485084932"
"1900",1900,3,2,1.288,5,0,5,"69a65cb77a65aab485084932"
"1901",1901,3,7,1.591,5,0,5,"69a65cb77a65aab485084932"
"1902",1902,3,2,2.155,5,0,5,"69a65cb77a65aab485084932"
"1903",1903,3,2,2.068,5,0,5,"69a65cb77a65aab485084932"
"1904",1904,3,3,2.376,5,0,5,"69a65cb77a65aab485084932"
"1905",1905,3,4,1.648,5,0,5,"69a65cb77a65aab485084932"
"1906",1906,3,7,1.401,5,1,7,"69a65cb77a65aab485084932"
"1907",1907,3,8,2.295,5,1,8,"69a65cb77a65aab485084932"
"1908",1908,3,8,1.777,5,1,8,"69a65cb77a65aab485084932"
"1909",1909,3,6,1.46,5,1,6,"69a65cb77a65aab485084932"
"1910",1910,3,4,1.61,5,0,5,"69a65cb77a65aab485084932"
"1911",1911,3,2,1.637,5,0,5,"69a65cb77a65aab485084932"
"1912",1912,3,3,1.797,5,0,5,"69a65cb77a65aab485084932"
"1913",1913,3,8,1.568,5,1,8,"69a65cb77a65aab485084932"
"1914",1914,3,6,2.12,5,1,6,"69a65cb77a65aab485084932"
"1915",1915,3,3,1.737,5,0,5,"69a65cb77a65aab485084932"
"1916",1916,3,2,2.255,5,0,5,"69a65cb77a65aab485084932"
"1917",1917,3,4,2.003,5,0,5,"69a65cb77a65aab485084932"
"1918",1918,3,4,2.145,5,0,5,"69a65cb77a65aab485084932"
"1919",1919,3,6,2.24,5,1,6,"69a65cb77a65aab485084932"
"1920",1920,3,7,1.928,5,1,7,"69a65cb77a65aab485084932"
"1921",1921,3,3,1.812,5,0,5,"69a65cb77a65aab485084932"
"1922",1922,3,7,2.289,5,1,7,"69a65cb77a65aab485084932"
"1923",1923,3,2,2.1,5,0,5,"69a65cb77a65aab485084932"
"1924",1924,3,8,1.701,5,1,8,"69a65cb77a65aab485084932"
"1925",1925,3,2,2.864,5,0,5,"69a65cb77a65aab485084932"
"1926",1926,3,3,2.015,5,0,5,"69a65cb77a65aab485084932"
"1927",1927,3,3,1.585,5,1,3,"69a65cb77a65aab485084932"
"1928",1928,3,8,1.357,5,1,8,"69a65cb77a65aab485084932"
"1929",1929,3,2,3.365,5,0,5,"69a65cb77a65aab485084932"
"1930",1930,3,6,2.512,5,1,6,"69a65cb77a65aab485084932"
"1931",1931,3,7,1.802,5,1,7,"69a65cb77a65aab485084932"
"1932",1932,3,8,1.64,5,1,8,"69a65cb77a65aab485084932"
"1933",1933,3,6,2.131,5,1,6,"69a65cb77a65aab485084932"
"1934",1934,3,8,1.425,5,1,8,"69a65cb77a65aab485084932"
"1935",1935,3,4,1.403,5,1,4,"69a65cb77a65aab485084932"
"1936",1936,3,2,1.796,5,0,5,"69a65cb77a65aab485084932"
"1937",1937,3,4,2.099,5,0,5,"69a65cb77a65aab485084932"
"1938",1938,3,6,1.993,5,0,5,"69a65cb77a65aab485084932"
"1939",1939,3,3,2.641,5,1,3,"69a65cb77a65aab485084932"
"1940",1940,3,7,1.723,5,1,7,"69a65cb77a65aab485084932"
"1941",1941,3,6,2.054,5,1,6,"69a65cb77a65aab485084932"
"1942",1942,3,2,1.876,5,0,5,"69a65cb77a65aab485084932"
"1943",1943,3,7,1.887,5,1,7,"69a65cb77a65aab485084932"
"1944",1944,3,3,1.953,5,0,5,"69a65cb77a65aab485084932"
"1945",1945,3,3,2.068,5,0,5,"69a65cb77a65aab485084932"
"1946",1946,3,8,1.706,5,1,8,"69a65cb77a65aab485084932"
"1947",1947,3,8,1.438,5,1,8,"69a65cb77a65aab485084932"
"1948",1948,3,7,1.32,5,1,7,"69a65cb77a65aab485084932"
"1949",1949,3,6,1.392,5,1,6,"69a65cb77a65aab485084932"
"1950",1950,3,2,1.418,5,0,5,"69a65cb77a65aab485084932"
"1951",1951,3,4,1.803,5,1,4,"69a65cb77a65aab485084932"
"1952",1952,3,3,1.491,5,1,3,"69a65cb77a65aab485084932"
"1953",1953,3,8,1.12,5,1,8,"69a65cb77a65aab485084932"
"1954",1954,3,4,2.272,5,0,5,"69a65cb77a65aab485084932"
"1955",1955,3,4,1.303,5,1,4,"69a65cb77a65aab485084932"
"1956",1956,3,7,1.088,5,1,7,"69a65cb77a65aab485084932"
"1957",1957,3,6,1.169,5,1,6,"69a65cb77a65aab485084932"
"1958",1958,3,3,2.77,5,0,5,"69a65cb77a65aab485084932"
"1959",1959,3,8,0.876,5,1,8,"69a65cb77a65aab485084932"
"1960",1960,3,2,1.825,5,0,5,"69a65cb77a65aab485084932"
"1961",1961,3,2,1.354,5,0,5,"69a65cb77a65aab485084932"
"1962",1962,3,8,0.831,5,1,8,"69a65cb77a65aab485084932"
"1963",1963,3,4,2.219,5,1,4,"69a65cb77a65aab485084932"
"1964",1964,3,6,2.024,5,1,6,"69a65cb77a65aab485084932"
"1965",1965,3,7,1.319,5,1,7,"69a65cb77a65aab485084932"
"1966",1966,3,8,0.978,5,1,8,"69a65cb77a65aab485084932"
"1967",1967,3,4,1.918,5,0,5,"69a65cb77a65aab485084932"
"1968",1968,3,6,0.855,5,1,6,"69a65cb77a65aab485084932"
"1969",1969,3,3,2.526,5,0,5,"69a65cb77a65aab485084932"
"1970",1970,3,4,2.645,5,0,5,"69a65cb77a65aab485084932"
"1971",1971,3,6,1.543,5,1,6,"69a65cb77a65aab485084932"
"1972",1972,3,3,2.606,5,0,5,"69a65cb77a65aab485084932"
"1973",1973,3,7,1.37,5,1,7,"69a65cb77a65aab485084932"
"1974",1974,3,7,1.2,5,1,7,"69a65cb77a65aab485084932"
"1975",1975,1,4,1.542,5,0,5,"67f12c6537225c87ef8abc87"
"1976",1976,1,3,1.66,5,0,5,"67f12c6537225c87ef8abc87"
"1977",1977,1,6,1.572,5,0,5,"67f12c6537225c87ef8abc87"
"1978",1978,1,8,1.428,5,1,8,"67f12c6537225c87ef8abc87"
"1979",1979,1,8,1.424,5,1,8,"67f12c6537225c87ef8abc87"
"1980",1980,1,4,1.734,5,1,4,"67f12c6537225c87ef8abc87"
"1981",1981,1,6,1.729,5,0,5,"67f12c6537225c87ef8abc87"
"1982",1982,1,8,1.593,5,1,8,"67f12c6537225c87ef8abc87"
"1983",1983,1,3,1.912,5,0,5,"67f12c6537225c87ef8abc87"
"1984",1984,1,7,1.727,5,1,7,"67f12c6537225c87ef8abc87"
"1985",1985,1,7,1.887,5,1,7,"67f12c6537225c87ef8abc87"
"1986",1986,1,2,2.811,5,0,5,"67f12c6537225c87ef8abc87"
"1987",1987,1,3,1.636,5,1,3,"67f12c6537225c87ef8abc87"
"1988",1988,1,2,1.611,5,0,5,"67f12c6537225c87ef8abc87"
"1989",1989,1,2,1.82,5,0,5,"67f12c6537225c87ef8abc87"
"1990",1990,1,4,1.894,5,0,5,"67f12c6537225c87ef8abc87"
"1991",1991,1,6,1.336,5,1,6,"67f12c6537225c87ef8abc87"
"1992",1992,1,7,1.862,5,1,7,"67f12c6537225c87ef8abc87"
"1993",1993,1,2,1.644,5,0,5,"67f12c6537225c87ef8abc87"
"1994",1994,1,6,1.927,5,1,6,"67f12c6537225c87ef8abc87"
"1995",1995,1,2,1.506,5,0,5,"67f12c6537225c87ef8abc87"
"1996",1996,1,7,1.451,5,0,5,"67f12c6537225c87ef8abc87"
"1997",1997,1,3,2.093,5,1,3,"67f12c6537225c87ef8abc87"
"1998",1998,1,7,1.372,5,1,7,"67f12c6537225c87ef8abc87"
"1999",1999,1,6,1.419,5,1,6,"67f12c6537225c87ef8abc87"
"2000",2000,1,3,2.147,5,0,5,"67f12c6537225c87ef8abc87"
"2001",2001,1,4,1.777,5,0,5,"67f12c6537225c87ef8abc87"
"2002",2002,1,8,1.648,5,1,8,"67f12c6537225c87ef8abc87"
"2003",2003,1,7,1.648,5,1,7,"67f12c6537225c87ef8abc87"
"2004",2004,1,6,1.828,5,0,5,"67f12c6537225c87ef8abc87"
"2005",2005,1,2,2.309,5,0,5,"67f12c6537225c87ef8abc87"
"2006",2006,1,3,2.436,5,0,5,"67f12c6537225c87ef8abc87"
"2007",2007,1,8,1.463,5,1,8,"67f12c6537225c87ef8abc87"
"2008",2008,1,4,1.691,5,1,4,"67f12c6537225c87ef8abc87"
"2009",2009,1,8,1.349,5,1,8,"67f12c6537225c87ef8abc87"
"2010",2010,1,4,1.837,5,1,4,"67f12c6537225c87ef8abc87"
"2011",2011,1,4,1.074,5,0,5,"67f12c6537225c87ef8abc87"
"2012",2012,1,3,2.185,5,0,5,"67f12c6537225c87ef8abc87"
"2013",2013,1,4,2.229,5,0,5,"67f12c6537225c87ef8abc87"
"2014",2014,1,6,1.996,5,1,6,"67f12c6537225c87ef8abc87"
"2015",2015,1,2,1.858,5,0,5,"67f12c6537225c87ef8abc87"
"2016",2016,1,4,2.043,5,0,5,"67f12c6537225c87ef8abc87"
"2017",2017,1,3,1.547,5,0,5,"67f12c6537225c87ef8abc87"
"2018",2018,1,7,1.594,5,0,5,"67f12c6537225c87ef8abc87"
"2019",2019,1,7,1.73,5,1,7,"67f12c6537225c87ef8abc87"
"2020",2020,1,8,2.002,5,0,5,"67f12c6537225c87ef8abc87"
"2021",2021,1,2,1.761,5,0,5,"67f12c6537225c87ef8abc87"
"2022",2022,1,6,2.254,5,1,6,"67f12c6537225c87ef8abc87"
"2023",2023,1,8,1.717,5,1,8,"67f12c6537225c87ef8abc87"
"2024",2024,1,3,1.64,5,0,5,"67f12c6537225c87ef8abc87"
"2025",2025,1,2,2.091,5,1,2,"67f12c6537225c87ef8abc87"
"2026",2026,1,6,1.799,5,1,6,"67f12c6537225c87ef8abc87"
"2027",2027,1,7,1.997,5,1,7,"67f12c6537225c87ef8abc87"
"2028",2028,1,7,1.878,5,1,7,"67f12c6537225c87ef8abc87"
"2029",2029,1,6,2.339,5,0,5,"67f12c6537225c87ef8abc87"
"2030",2030,1,6,1.585,5,1,6,"67f12c6537225c87ef8abc87"
"2031",2031,1,2,1.85,5,0,5,"67f12c6537225c87ef8abc87"
"2032",2032,1,8,1.037,5,1,8,"67f12c6537225c87ef8abc87"
"2033",2033,1,7,1.808,5,0,5,"67f12c6537225c87ef8abc87"
"2034",2034,1,3,1.852,5,0,5,"67f12c6537225c87ef8abc87"
"2035",2035,1,7,1.533,5,0,5,"67f12c6537225c87ef8abc87"
"2036",2036,1,2,1.152,5,1,2,"67f12c6537225c87ef8abc87"
"2037",2037,1,8,2.137,5,1,8,"67f12c6537225c87ef8abc87"
"2038",2038,1,6,2.524,5,1,6,"67f12c6537225c87ef8abc87"
"2039",2039,1,4,1.545,5,1,4,"67f12c6537225c87ef8abc87"
"2040",2040,1,3,2.081,5,1,3,"67f12c6537225c87ef8abc87"
"2041",2041,1,4,1.631,5,0,5,"67f12c6537225c87ef8abc87"
"2042",2042,1,2,2.228,5,0,5,"67f12c6537225c87ef8abc87"
"2043",2043,1,4,2.245,5,1,4,"67f12c6537225c87ef8abc87"
"2044",2044,1,4,2.608,5,0,5,"67f12c6537225c87ef8abc87"
"2045",2045,1,2,2.125,5,1,2,"67f12c6537225c87ef8abc87"
"2046",2046,1,8,1.673,5,1,8,"67f12c6537225c87ef8abc87"
"2047",2047,1,7,1.936,5,1,7,"67f12c6537225c87ef8abc87"
"2048",2048,1,4,2.636,5,1,4,"67f12c6537225c87ef8abc87"
"2049",2049,1,4,1.845,5,1,4,"67f12c6537225c87ef8abc87"
"2050",2050,1,7,2.032,5,0,5,"67f12c6537225c87ef8abc87"
"2051",2051,1,2,2.17,5,0,5,"67f12c6537225c87ef8abc87"
"2052",2052,1,2,2.278,5,0,5,"67f12c6537225c87ef8abc87"
"2053",2053,1,8,2.064,5,1,8,"67f12c6537225c87ef8abc87"
"2054",2054,1,6,1.868,5,1,6,"67f12c6537225c87ef8abc87"
"2055",2055,1,6,1.95,5,1,6,"67f12c6537225c87ef8abc87"
"2056",2056,1,8,1.832,5,1,8,"67f12c6537225c87ef8abc87"
"2057",2057,1,3,2.653,5,0,5,"67f12c6537225c87ef8abc87"
"2058",2058,1,6,1.916,5,1,6,"67f12c6537225c87ef8abc87"
"2059",2059,1,3,2.539,5,1,3,"67f12c6537225c87ef8abc87"
"2060",2060,1,4,1.299,5,0,5,"67f12c6537225c87ef8abc87"
"2061",2061,1,2,1.802,5,0,5,"67f12c6537225c87ef8abc87"
"2062",2062,1,3,1.988,5,0,5,"67f12c6537225c87ef8abc87"
"2063",2063,1,6,1.05,5,1,6,"67f12c6537225c87ef8abc87"
"2064",2064,1,6,2.98,5,1,6,"67f12c6537225c87ef8abc87"
"2065",2065,1,7,2.226,5,0,5,"67f12c6537225c87ef8abc87"
"2066",2066,1,7,1.126,5,1,7,"67f12c6537225c87ef8abc87"
"2067",2067,1,3,1.958,5,0,5,"67f12c6537225c87ef8abc87"
"2068",2068,1,6,1.578,5,0,5,"67f12c6537225c87ef8abc87"
"2069",2069,1,3,1.722,5,0,5,"67f12c6537225c87ef8abc87"
"2070",2070,1,8,2.195,5,1,8,"67f12c6537225c87ef8abc87"
"2071",2071,1,8,2.747,5,1,8,"67f12c6537225c87ef8abc87"
"2072",2072,1,4,1.378,5,0,5,"67f12c6537225c87ef8abc87"
"2073",2073,1,7,1.722,5,1,7,"67f12c6537225c87ef8abc87"
"2074",2074,1,3,1.793,5,0,5,"67f12c6537225c87ef8abc87"
"2075",2075,1,3,1.581,5,1,3,"67f12c6537225c87ef8abc87"
"2076",2076,1,4,1.945,5,0,5,"67f12c6537225c87ef8abc87"
"2077",2077,1,7,2.136,5,1,7,"67f12c6537225c87ef8abc87"
"2078",2078,1,6,2.101,5,1,6,"67f12c6537225c87ef8abc87"
"2079",2079,1,7,2.239,5,1,7,"67f12c6537225c87ef8abc87"
"2080",2080,1,4,1.76,5,1,4,"67f12c6537225c87ef8abc87"
"2081",2081,1,2,1.704,5,0,5,"67f12c6537225c87ef8abc87"
"2082",2082,1,8,2.259,5,1,8,"67f12c6537225c87ef8abc87"
"2083",2083,1,6,2.127,5,1,6,"67f12c6537225c87ef8abc87"
"2084",2084,1,7,1.533,5,1,7,"67f12c6537225c87ef8abc87"
"2085",2085,1,8,2.524,5,0,5,"67f12c6537225c87ef8abc87"
"2086",2086,1,2,1.323,5,0,5,"67f12c6537225c87ef8abc87"
"2087",2087,1,3,1.347,5,0,5,"67f12c6537225c87ef8abc87"
"2088",2088,1,6,2.495,5,0,5,"67f12c6537225c87ef8abc87"
"2089",2089,1,8,1.831,5,1,8,"67f12c6537225c87ef8abc87"
"2090",2090,1,3,1.849,5,0,5,"67f12c6537225c87ef8abc87"
"2091",2091,1,6,2.259,5,0,5,"67f12c6537225c87ef8abc87"
"2092",2092,1,4,2.5,5,1,4,"67f12c6537225c87ef8abc87"
"2093",2093,1,7,1.757,5,0,5,"67f12c6537225c87ef8abc87"
"2094",2094,1,7,2.551,5,1,7,"67f12c6537225c87ef8abc87"
"2095",2095,1,4,2.165,5,1,4,"67f12c6537225c87ef8abc87"
"2096",2096,1,4,1.559,5,0,5,"67f12c6537225c87ef8abc87"
"2097",2097,1,2,2.459,5,0,5,"67f12c6537225c87ef8abc87"
"2098",2098,1,6,1.543,5,1,6,"67f12c6537225c87ef8abc87"
"2099",2099,1,8,1.832,5,1,8,"67f12c6537225c87ef8abc87"
"2100",2100,1,7,2.05,5,0,5,"67f12c6537225c87ef8abc87"
"2101",2101,1,3,1.709,5,0,5,"67f12c6537225c87ef8abc87"
"2102",2102,1,3,2.067,5,0,5,"67f12c6537225c87ef8abc87"
"2103",2103,1,6,2.566,5,0,5,"67f12c6537225c87ef8abc87"
"2104",2104,1,8,1.996,5,1,8,"67f12c6537225c87ef8abc87"
"2105",2105,1,2,1.644,5,0,5,"67f12c6537225c87ef8abc87"
"2106",2106,7,8,1.227,5,1,8,"69c28f25453a93389c4e0d53"
"2107",2107,7,3,3.057,5,1,3,"69c28f25453a93389c4e0d53"
"2108",2108,7,4,4.004,5,1,4,"69c28f25453a93389c4e0d53"
"2109",2109,7,3,2.346,5,1,3,"69c28f25453a93389c4e0d53"
"2110",2110,7,2,1.559,5,1,2,"69c28f25453a93389c4e0d53"
"2111",2111,7,6,1.405,5,1,6,"69c28f25453a93389c4e0d53"
"2112",2112,7,3,2.247,5,0,5,"69c28f25453a93389c4e0d53"
"2113",2113,7,7,1.643,5,1,7,"69c28f25453a93389c4e0d53"
"2114",2114,7,4,1.696,5,0,5,"69c28f25453a93389c4e0d53"
"2115",2115,7,6,1.936,5,0,5,"69c28f25453a93389c4e0d53"
"2116",2116,7,4,2.56,5,0,5,"69c28f25453a93389c4e0d53"
"2117",2117,7,2,1.947,5,0,5,"69c28f25453a93389c4e0d53"
"2118",2118,7,8,1.882,5,1,8,"69c28f25453a93389c4e0d53"
"2119",2119,7,8,2.088,5,1,8,"69c28f25453a93389c4e0d53"
"2120",2120,7,7,1.4,5,1,7,"69c28f25453a93389c4e0d53"
"2121",2121,7,6,1.139,5,1,6,"69c28f25453a93389c4e0d53"
"2122",2122,7,2,1.796,5,0,5,"69c28f25453a93389c4e0d53"
"2123",2123,7,7,1.378,5,1,7,"69c28f25453a93389c4e0d53"
"2124",2124,7,6,3.246,5,1,6,"69c28f25453a93389c4e0d53"
"2125",2125,7,7,1.984,5,1,7,"69c28f25453a93389c4e0d53"
"2126",2126,7,6,1.59,5,1,6,"69c28f25453a93389c4e0d53"
"2127",2127,7,6,1.812,5,1,6,"69c28f25453a93389c4e0d53"
"2128",2128,7,8,2.385,5,1,8,"69c28f25453a93389c4e0d53"
"2129",2129,7,2,2.764,5,0,5,"69c28f25453a93389c4e0d53"
"2130",2130,7,4,1.924,5,1,4,"69c28f25453a93389c4e0d53"
"2131",2131,7,2,2.094,5,0,5,"69c28f25453a93389c4e0d53"
"2132",2132,7,7,1.547,5,0,5,"69c28f25453a93389c4e0d53"
"2133",2133,7,8,1.44,5,0,5,"69c28f25453a93389c4e0d53"
"2134",2134,7,4,2.915,5,0,5,"69c28f25453a93389c4e0d53"
"2135",2135,7,4,3.339,5,0,5,"69c28f25453a93389c4e0d53"
"2136",2136,7,3,1.812,5,1,3,"69c28f25453a93389c4e0d53"
"2137",2137,7,7,1.959,5,1,7,"69c28f25453a93389c4e0d53"
"2138",2138,7,8,1.035,5,1,8,"69c28f25453a93389c4e0d53"
"2139",2139,7,3,1.903,5,1,3,"69c28f25453a93389c4e0d53"
"2140",2140,7,3,1.266,5,1,3,"69c28f25453a93389c4e0d53"
"2141",2141,7,2,2.727,5,0,5,"69c28f25453a93389c4e0d53"
"2142",2142,7,2,3.1,5,0,5,"69c28f25453a93389c4e0d53"
"2143",2143,7,3,1.664,5,1,3,"69c28f25453a93389c4e0d53"
"2144",2144,7,6,1.481,5,1,6,"69c28f25453a93389c4e0d53"
"2145",2145,7,8,1.388,5,1,8,"69c28f25453a93389c4e0d53"
"2146",2146,7,6,1.432,5,1,6,"69c28f25453a93389c4e0d53"
"2147",2147,7,8,2.503,5,1,8,"69c28f25453a93389c4e0d53"
"2148",2148,7,3,2.051,5,0,5,"69c28f25453a93389c4e0d53"
"2149",2149,7,6,4.157,5,1,6,"69c28f25453a93389c4e0d53"
"2150",2150,7,2,3.76,5,0,5,"69c28f25453a93389c4e0d53"
"2151",2151,7,4,1.829,5,0,5,"69c28f25453a93389c4e0d53"
"2152",2152,7,3,3.009,5,1,3,"69c28f25453a93389c4e0d53"
"2153",2153,7,4,2.86,5,0,5,"69c28f25453a93389c4e0d53"
"2154",2154,7,2,2.279,5,1,2,"69c28f25453a93389c4e0d53"
"2155",2155,7,7,3.157,5,1,7,"69c28f25453a93389c4e0d53"
"2156",2156,7,7,1.437,5,0,5,"69c28f25453a93389c4e0d53"
"2157",2157,7,6,1.909,5,1,6,"69c28f25453a93389c4e0d53"
"2158",2158,7,2,1.963,5,0,5,"69c28f25453a93389c4e0d53"
"2159",2159,7,8,1.468,5,1,8,"69c28f25453a93389c4e0d53"
"2160",2160,7,3,3.523,5,1,3,"69c28f25453a93389c4e0d53"
"2161",2161,7,2,1.713,5,0,5,"69c28f25453a93389c4e0d53"
"2162",2162,7,7,4.495,5,1,7,"69c28f25453a93389c4e0d53"
"2163",2163,7,3,4.038,5,0,5,"69c28f25453a93389c4e0d53"
"2164",2164,7,4,1.479,5,1,4,"69c28f25453a93389c4e0d53"
"2165",2165,7,4,2.32,5,0,5,"69c28f25453a93389c4e0d53"
"2166",2166,7,6,3.455,5,1,6,"69c28f25453a93389c4e0d53"
"2167",2167,7,6,1.665,5,1,6,"69c28f25453a93389c4e0d53"
"2168",2168,7,2,1.225,5,1,2,"69c28f25453a93389c4e0d53"
"2169",2169,7,8,1.635,5,1,8,"69c28f25453a93389c4e0d53"
"2170",2170,7,4,2.572,5,0,5,"69c28f25453a93389c4e0d53"
"2171",2171,7,4,2.257,5,1,4,"69c28f25453a93389c4e0d53"
"2172",2172,7,6,1.262,5,1,6,"69c28f25453a93389c4e0d53"
"2173",2173,7,4,1.174,5,1,4,"69c28f25453a93389c4e0d53"
"2174",2174,7,3,4.275,5,1,3,"69c28f25453a93389c4e0d53"
"2175",2175,7,2,2.441,5,1,2,"69c28f25453a93389c4e0d53"
"2176",2176,7,6,2.392,5,0,5,"69c28f25453a93389c4e0d53"
"2177",2177,7,3,3.393,5,0,5,"69c28f25453a93389c4e0d53"
"2178",2178,7,8,2.402,5,1,8,"69c28f25453a93389c4e0d53"
"2179",2179,7,2,3.453,5,1,2,"69c28f25453a93389c4e0d53"
"2180",2180,7,3,1.881,5,0,5,"69c28f25453a93389c4e0d53"
"2181",2181,7,7,2.972,5,1,7,"69c28f25453a93389c4e0d53"
"2182",2182,7,2,1.085,5,1,2,"69c28f25453a93389c4e0d53"
"2183",2183,7,7,2.027,5,1,7,"69c28f25453a93389c4e0d53"
"2184",2184,7,6,0.942,5,1,6,"69c28f25453a93389c4e0d53"
"2185",2185,7,4,1.122,5,1,4,"69c28f25453a93389c4e0d53"
"2186",2186,7,8,2.299,5,1,8,"69c28f25453a93389c4e0d53"
"2187",2187,7,7,1.626,5,1,7,"69c28f25453a93389c4e0d53"
"2188",2188,7,7,2.07,5,1,7,"69c28f25453a93389c4e0d53"
"2189",2189,7,4,0.869,5,1,4,"69c28f25453a93389c4e0d53"
"2190",2190,7,3,0.858,5,1,3,"69c28f25453a93389c4e0d53"
"2191",2191,7,8,0.988,5,1,8,"69c28f25453a93389c4e0d53"
"2192",2192,7,4,2.271,5,0,5,"69c28f25453a93389c4e0d53"
"2193",2193,7,6,3.046,5,1,6,"69c28f25453a93389c4e0d53"
"2194",2194,7,8,2.202,5,1,8,"69c28f25453a93389c4e0d53"
"2195",2195,7,2,3.911,5,1,2,"69c28f25453a93389c4e0d53"
"2196",2196,7,6,1.675,5,1,6,"69c28f25453a93389c4e0d53"
"2197",2197,7,7,1.266,5,1,7,"69c28f25453a93389c4e0d53"
"2198",2198,7,3,1.107,5,1,3,"69c28f25453a93389c4e0d53"
"2199",2199,7,3,1.345,5,1,3,"69c28f25453a93389c4e0d53"
"2200",2200,7,2,2.995,5,0,5,"69c28f25453a93389c4e0d53"
"2201",2201,7,2,1.863,5,0,5,"69c28f25453a93389c4e0d53"
"2202",2202,7,4,3.91,5,0,5,"69c28f25453a93389c4e0d53"
"2203",2203,7,8,3.588,5,1,8,"69c28f25453a93389c4e0d53"
"2204",2204,7,6,2.232,5,1,6,"69c28f25453a93389c4e0d53"
"2205",2205,7,3,1.924,5,1,3,"69c28f25453a93389c4e0d53"
"2206",2206,7,7,1.516,5,1,7,"69c28f25453a93389c4e0d53"
"2207",2207,7,4,3.742,5,0,5,"69c28f25453a93389c4e0d53"
"2208",2208,7,8,2.358,5,1,8,"69c28f25453a93389c4e0d53"
"2209",2209,7,8,1.758,5,1,8,"69c28f25453a93389c4e0d53"
"2210",2210,7,3,1.737,5,1,3,"69c28f25453a93389c4e0d53"
"2211",2211,7,2,2.541,5,0,5,"69c28f25453a93389c4e0d53"
"2212",2212,7,3,2.333,5,0,5,"69c28f25453a93389c4e0d53"
"2213",2213,7,7,1.912,5,1,7,"69c28f25453a93389c4e0d53"
"2214",2214,7,6,2.141,5,1,6,"69c28f25453a93389c4e0d53"
"2215",2215,7,6,2.19,5,1,6,"69c28f25453a93389c4e0d53"
"2216",2216,7,4,3.958,5,1,4,"69c28f25453a93389c4e0d53"
"2217",2217,7,2,3.512,5,0,5,"69c28f25453a93389c4e0d53"
"2218",2218,7,7,1.656,5,1,7,"69c28f25453a93389c4e0d53"
"2219",2219,7,7,1.866,5,1,7,"69c28f25453a93389c4e0d53"
"2220",2220,7,2,2.029,5,0,5,"69c28f25453a93389c4e0d53"
"2221",2221,7,3,2.933,5,0,5,"69c28f25453a93389c4e0d53"
"2222",2222,7,8,2.114,5,1,8,"69c28f25453a93389c4e0d53"
"2223",2223,7,4,3.483,5,0,5,"69c28f25453a93389c4e0d53"
"2224",2224,7,6,2.221,5,1,6,"69c28f25453a93389c4e0d53"
"2225",2225,7,2,0.876,5,1,2,"69c28f25453a93389c4e0d53"
"2226",2226,7,3,1.705,5,0,5,"69c28f25453a93389c4e0d53"
"2227",2227,7,3,1.636,5,1,3,"69c28f25453a93389c4e0d53"
"2228",2228,7,6,2.386,5,0,5,"69c28f25453a93389c4e0d53"
"2229",2229,7,8,2.625,5,1,8,"69c28f25453a93389c4e0d53"
"2230",2230,5,2,1.284,5,0,5,"69b6dac24f3a298e81b97889"
"2231",2231,5,2,2.223,5,0,5,"69b6dac24f3a298e81b97889"
"2232",2232,5,7,1.336,5,1,7,"69b6dac24f3a298e81b97889"
"2233",2233,5,6,1.46,5,0,5,"69b6dac24f3a298e81b97889"
"2234",2234,5,8,1.248,5,1,8,"69b6dac24f3a298e81b97889"
"2235",2235,5,4,2.184,5,0,5,"69b6dac24f3a298e81b97889"
"2236",2236,5,6,2.216,5,0,5,"69b6dac24f3a298e81b97889"
"2237",2237,5,8,2.223,5,1,8,"69b6dac24f3a298e81b97889"
"2238",2238,5,7,2.536,5,0,5,"69b6dac24f3a298e81b97889"
"2239",2239,5,4,1.511,5,0,5,"69b6dac24f3a298e81b97889"
"2240",2240,5,8,2.281,5,0,5,"69b6dac24f3a298e81b97889"
"2241",2241,5,6,2.314,5,1,6,"69b6dac24f3a298e81b97889"
"2242",2242,5,7,2.535,5,1,7,"69b6dac24f3a298e81b97889"
"2243",2243,5,3,1.229,5,0,5,"69b6dac24f3a298e81b97889"
"2244",2244,5,4,2.05,5,0,5,"69b6dac24f3a298e81b97889"
"2245",2245,5,3,1.64,5,0,5,"69b6dac24f3a298e81b97889"
"2246",2246,5,2,1.862,5,0,5,"69b6dac24f3a298e81b97889"
"2247",2247,5,3,1.682,5,0,5,"69b6dac24f3a298e81b97889"
"2248",2248,5,8,0.774,5,1,8,"69b6dac24f3a298e81b97889"
"2249",2249,5,3,1.625,5,0,5,"69b6dac24f3a298e81b97889"
"2250",2250,5,7,2.606,5,1,7,"69b6dac24f3a298e81b97889"
"2251",2251,5,7,1.791,5,1,7,"69b6dac24f3a298e81b97889"
"2252",2252,5,2,1.372,5,0,5,"69b6dac24f3a298e81b97889"
"2253",2253,5,6,2.095,5,1,6,"69b6dac24f3a298e81b97889"
"2254",2254,5,6,1.465,5,0,5,"69b6dac24f3a298e81b97889"
"2255",2255,5,4,2.1,5,0,5,"69b6dac24f3a298e81b97889"
"2256",2256,5,2,1.555,5,0,5,"69b6dac24f3a298e81b97889"
"2257",2257,5,4,1.652,5,0,5,"69b6dac24f3a298e81b97889"
"2258",2258,5,8,1.556,5,1,8,"69b6dac24f3a298e81b97889"
"2259",2259,5,2,1.348,5,0,5,"69b6dac24f3a298e81b97889"
"2260",2260,5,4,1.782,5,1,4,"69b6dac24f3a298e81b97889"
"2261",2261,5,7,1.541,5,1,7,"69b6dac24f3a298e81b97889"
"2262",2262,5,8,1.283,5,1,8,"69b6dac24f3a298e81b97889"
"2263",2263,5,6,1.666,5,0,5,"69b6dac24f3a298e81b97889"
"2264",2264,5,3,2.446,5,0,5,"69b6dac24f3a298e81b97889"
"2265",2265,5,4,1.503,5,0,5,"69b6dac24f3a298e81b97889"
"2266",2266,5,3,1.287,5,0,5,"69b6dac24f3a298e81b97889"
"2267",2267,5,2,0.661,5,0,5,"69b6dac24f3a298e81b97889"
"2268",2268,5,3,1.335,5,0,5,"69b6dac24f3a298e81b97889"
"2269",2269,5,4,1.879,5,0,5,"69b6dac24f3a298e81b97889"
"2270",2270,5,4,1.438,5,1,4,"69b6dac24f3a298e81b97889"
"2271",2271,5,2,1.67,5,0,5,"69b6dac24f3a298e81b97889"
"2272",2272,5,6,1.86,5,0,5,"69b6dac24f3a298e81b97889"
"2273",2273,5,7,2.213,5,0,5,"69b6dac24f3a298e81b97889"
"2274",2274,5,8,1.433,5,1,8,"69b6dac24f3a298e81b97889"
"2275",2275,5,7,1.811,5,1,7,"69b6dac24f3a298e81b97889"
"2276",2276,5,6,1.845,5,1,6,"69b6dac24f3a298e81b97889"
"2277",2277,5,8,2.393,5,0,5,"69b6dac24f3a298e81b97889"
"2278",2278,5,7,1.551,5,1,7,"69b6dac24f3a298e81b97889"
"2279",2279,5,3,1.406,5,0,5,"69b6dac24f3a298e81b97889"
"2280",2280,5,8,0.835,5,1,8,"69b6dac24f3a298e81b97889"
"2281",2281,5,3,0.789,5,0,5,"69b6dac24f3a298e81b97889"
"2282",2282,5,8,0.847,5,0,5,"69b6dac24f3a298e81b97889"
"2283",2283,5,4,0.877,5,0,5,"69b6dac24f3a298e81b97889"
"2284",2284,5,4,2.005,5,0,5,"69b6dac24f3a298e81b97889"
"2285",2285,5,2,0.683,5,0,5,"69b6dac24f3a298e81b97889"
"2286",2286,5,2,0.562,5,0,5,"69b6dac24f3a298e81b97889"
"2287",2287,5,6,1.023,5,1,6,"69b6dac24f3a298e81b97889"
"2288",2288,5,6,1.7,5,1,6,"69b6dac24f3a298e81b97889"
"2289",2289,5,7,0.713,5,1,7,"69b6dac24f3a298e81b97889"
"2290",2290,5,7,1.361,5,1,7,"69b6dac24f3a298e81b97889"
"2291",2291,5,6,1.245,5,1,6,"69b6dac24f3a298e81b97889"
"2292",2292,5,4,1.27,5,1,4,"69b6dac24f3a298e81b97889"
"2293",2293,5,7,1.331,5,1,7,"69b6dac24f3a298e81b97889"
"2294",2294,5,3,0.851,5,0,5,"69b6dac24f3a298e81b97889"
"2295",2295,5,2,0.91,5,0,5,"69b6dac24f3a298e81b97889"
"2296",2296,5,3,0.948,5,0,5,"69b6dac24f3a298e81b97889"
"2297",2297,5,6,1.782,5,1,6,"69b6dac24f3a298e81b97889"
"2298",2298,5,8,1.735,5,1,8,"69b6dac24f3a298e81b97889"
"2299",2299,5,6,1.375,5,1,6,"69b6dac24f3a298e81b97889"
"2300",2300,5,7,2.328,5,1,7,"69b6dac24f3a298e81b97889"
"2301",2301,5,7,1.444,5,0,5,"69b6dac24f3a298e81b97889"
"2302",2302,5,4,1.722,5,0,5,"69b6dac24f3a298e81b97889"
"2303",2303,5,2,1.584,5,0,5,"69b6dac24f3a298e81b97889"
"2304",2304,5,3,1.63,5,0,5,"69b6dac24f3a298e81b97889"
"2305",2305,5,3,1.186,5,1,3,"69b6dac24f3a298e81b97889"
"2306",2306,5,2,0.883,5,0,5,"69b6dac24f3a298e81b97889"
"2307",2307,5,3,1.644,5,0,5,"69b6dac24f3a298e81b97889"
"2308",2308,5,4,0.744,5,1,4,"69b6dac24f3a298e81b97889"
"2309",2309,5,2,0.939,5,0,5,"69b6dac24f3a298e81b97889"
"2310",2310,5,8,1.355,5,0,5,"69b6dac24f3a298e81b97889"
"2311",2311,5,4,0.579,5,1,4,"69b6dac24f3a298e81b97889"
"2312",2312,5,8,1.078,5,0,5,"69b6dac24f3a298e81b97889"
"2313",2313,5,6,0.808,5,0,5,"69b6dac24f3a298e81b97889"
"2314",2314,5,4,0.836,5,1,4,"69b6dac24f3a298e81b97889"
"2315",2315,5,6,1.277,5,0,5,"69b6dac24f3a298e81b97889"
"2316",2316,5,4,0.653,5,1,4,"69b6dac24f3a298e81b97889"
"2317",2317,5,8,1.577,5,1,8,"69b6dac24f3a298e81b97889"
"2318",2318,5,6,1.608,5,0,5,"69b6dac24f3a298e81b97889"
"2319",2319,5,3,1.497,5,0,5,"69b6dac24f3a298e81b97889"
"2320",2320,5,2,1.085,5,0,5,"69b6dac24f3a298e81b97889"
"2321",2321,5,2,0.797,5,0,5,"69b6dac24f3a298e81b97889"
"2322",2322,5,2,1.41,5,0,5,"69b6dac24f3a298e81b97889"
"2323",2323,5,3,1.197,5,0,5,"69b6dac24f3a298e81b97889"
"2324",2324,5,8,0.934,5,1,8,"69b6dac24f3a298e81b97889"
"2325",2325,5,7,1.049,5,1,7,"69b6dac24f3a298e81b97889"
"2326",2326,5,3,1.059,5,0,5,"69b6dac24f3a298e81b97889"
"2327",2327,5,7,1.317,5,1,7,"69b6dac24f3a298e81b97889"
"2328",2328,5,8,1.005,5,1,8,"69b6dac24f3a298e81b97889"
"2329",2329,5,6,1.808,5,0,5,"69b6dac24f3a298e81b97889"
"2330",2330,5,7,1.641,5,1,7,"69b6dac24f3a298e81b97889"
"2331",2331,5,8,1.417,5,1,8,"69b6dac24f3a298e81b97889"
"2332",2332,5,3,0.743,5,0,5,"69b6dac24f3a298e81b97889"
"2333",2333,5,2,0.988,5,0,5,"69b6dac24f3a298e81b97889"
"2334",2334,5,6,0.967,5,1,6,"69b6dac24f3a298e81b97889"
"2335",2335,5,3,1.571,5,0,5,"69b6dac24f3a298e81b97889"
"2336",2336,5,4,1.491,5,0,5,"69b6dac24f3a298e81b97889"
"2337",2337,5,4,0.873,5,0,5,"69b6dac24f3a298e81b97889"
"2338",2338,5,7,1.133,5,1,7,"69b6dac24f3a298e81b97889"
"2339",2339,5,2,0.688,5,0,5,"69b6dac24f3a298e81b97889"
"2340",2340,5,3,1.03,5,0,5,"69b6dac24f3a298e81b97889"
"2341",2341,5,8,0.906,5,1,8,"69b6dac24f3a298e81b97889"
"2342",2342,5,4,1.553,5,0,5,"69b6dac24f3a298e81b97889"
"2343",2343,5,7,0.873,5,1,7,"69b6dac24f3a298e81b97889"
"2344",2344,5,7,1.163,5,1,7,"69b6dac24f3a298e81b97889"
"2345",2345,5,6,1.663,5,1,6,"69b6dac24f3a298e81b97889"
"2346",2346,5,6,0.985,5,0,5,"69b6dac24f3a298e81b97889"
"2347",2347,5,8,0.958,5,1,8,"69b6dac24f3a298e81b97889"
"2348",2348,5,4,1.198,5,0,5,"69b6dac24f3a298e81b97889"
"2349",2349,5,6,1.016,5,0,5,"69b6dac24f3a298e81b97889"
"2350",2350,5,4,0.986,5,0,5,"69b6dac24f3a298e81b97889"
"2351",2351,5,3,0.889,5,0,5,"69b6dac24f3a298e81b97889"
"2352",2352,5,4,1.172,5,0,5,"69b6dac24f3a298e81b97889"
"2353",2353,5,6,1.338,5,1,6,"69b6dac24f3a298e81b97889"
"2354",2354,5,6,1.255,5,0,5,"69b6dac24f3a298e81b97889"
"2355",2355,5,7,0.897,5,1,7,"69b6dac24f3a298e81b97889"
"2356",2356,5,3,1.234,5,0,5,"69b6dac24f3a298e81b97889"
"2357",2357,5,3,0.793,5,0,5,"69b6dac24f3a298e81b97889"
"2358",2358,5,2,0.459,5,0,5,"69b6dac24f3a298e81b97889"
"2359",2359,5,8,0.694,5,1,8,"69b6dac24f3a298e81b97889"
"2360",2360,5,8,0.737,5,1,8,"69b6dac24f3a298e81b97889"
"2361",2361,5,7,0.867,5,1,7,"69b6dac24f3a298e81b97889"
"2362",2362,5,2,0.812,5,0,5,"69b6dac24f3a298e81b97889"
"2363",2363,5,7,1.593,5,1,7,"69b6dac24f3a298e81b97889"
"2364",2364,5,8,0.942,5,1,8,"69b6dac24f3a298e81b97889"
"2365",2365,8,7,3.103,5,1,7,"69c4562c17cbad318b08805c"
"2366",2366,8,3,2.822,5,0,5,"69c4562c17cbad318b08805c"
"2367",2367,8,6,4.021,5,1,6,"69c4562c17cbad318b08805c"
"2368",2368,8,6,1.81,5,1,6,"69c4562c17cbad318b08805c"
"2369",2369,8,4,2.441,5,1,4,"69c4562c17cbad318b08805c"
"2370",2370,8,2,3.289,5,0,5,"69c4562c17cbad318b08805c"
"2371",2371,8,4,1.306,5,1,4,"69c4562c17cbad318b08805c"
"2372",2372,8,8,1.924,5,1,8,"69c4562c17cbad318b08805c"
"2373",2373,8,8,1.684,5,1,8,"69c4562c17cbad318b08805c"
"2374",2374,8,3,2.839,5,1,3,"69c4562c17cbad318b08805c"
"2375",2375,8,2,2.327,5,0,5,"69c4562c17cbad318b08805c"
"2376",2376,8,3,1.785,5,0,5,"69c4562c17cbad318b08805c"
"2377",2377,8,7,1.869,5,1,7,"69c4562c17cbad318b08805c"
"2378",2378,8,2,1.957,5,0,5,"69c4562c17cbad318b08805c"
"2379",2379,8,8,2.279,5,1,8,"69c4562c17cbad318b08805c"
"2380",2380,8,4,1.784,5,0,5,"69c4562c17cbad318b08805c"
"2381",2381,8,7,1.262,5,1,7,"69c4562c17cbad318b08805c"
"2382",2382,8,6,1.094,5,1,6,"69c4562c17cbad318b08805c"
"2383",2383,8,6,2.408,5,1,6,"69c4562c17cbad318b08805c"
"2384",2384,8,6,1.71,5,1,6,"69c4562c17cbad318b08805c"
"2385",2385,8,4,2.815,5,1,4,"69c4562c17cbad318b08805c"
"2386",2386,8,3,2.368,5,0,5,"69c4562c17cbad318b08805c"
"2387",2387,8,4,3.285,5,0,5,"69c4562c17cbad318b08805c"
"2388",2388,8,3,2.236,5,0,5,"69c4562c17cbad318b08805c"
"2389",2389,8,6,2.027,5,0,5,"69c4562c17cbad318b08805c"
"2390",2390,8,6,3.045,5,0,5,"69c4562c17cbad318b08805c"
"2391",2391,8,2,2.495,5,1,2,"69c4562c17cbad318b08805c"
"2392",2392,8,7,1.864,5,1,7,"69c4562c17cbad318b08805c"
"2393",2393,8,6,1.839,5,1,6,"69c4562c17cbad318b08805c"
"2394",2394,8,4,2.62,5,0,5,"69c4562c17cbad318b08805c"
"2395",2395,8,8,1.867,5,0,5,"69c4562c17cbad318b08805c"
"2396",2396,8,7,2.727,5,1,7,"69c4562c17cbad318b08805c"
"2397",2397,8,7,1.982,5,1,7,"69c4562c17cbad318b08805c"
"2398",2398,8,2,1.251,5,0,5,"69c4562c17cbad318b08805c"
"2399",2399,8,8,2.55,5,0,5,"69c4562c17cbad318b08805c"
"2400",2400,8,4,2.304,5,0,5,"69c4562c17cbad318b08805c"
"2401",2401,8,3,1.73,5,0,5,"69c4562c17cbad318b08805c"
"2402",2402,8,7,1.273,5,1,7,"69c4562c17cbad318b08805c"
"2403",2403,8,3,1.853,5,1,3,"69c4562c17cbad318b08805c"
"2404",2404,8,2,1.194,5,0,5,"69c4562c17cbad318b08805c"
"2405",2405,8,8,2.068,5,0,5,"69c4562c17cbad318b08805c"
"2406",2406,8,6,2.511,5,1,6,"69c4562c17cbad318b08805c"
"2407",2407,8,7,1.873,5,1,7,"69c4562c17cbad318b08805c"
"2408",2408,8,3,2.239,5,0,5,"69c4562c17cbad318b08805c"
"2409",2409,8,6,2.878,5,0,5,"69c4562c17cbad318b08805c"
"2410",2410,8,2,1.559,5,1,2,"69c4562c17cbad318b08805c"
"2411",2411,8,6,1.731,5,1,6,"69c4562c17cbad318b08805c"
"2412",2412,8,7,1.886,5,0,5,"69c4562c17cbad318b08805c"
"2413",2413,8,4,2.216,5,0,5,"69c4562c17cbad318b08805c"
"2414",2414,8,4,1.835,5,1,4,"69c4562c17cbad318b08805c"
"2415",2415,8,6,3.944,5,1,6,"69c4562c17cbad318b08805c"
"2416",2416,8,2,1.817,5,0,5,"69c4562c17cbad318b08805c"
"2417",2417,8,4,1.969,5,0,5,"69c4562c17cbad318b08805c"
"2418",2418,8,4,1.941,5,1,4,"69c4562c17cbad318b08805c"
"2419",2419,8,8,2.484,5,1,8,"69c4562c17cbad318b08805c"
"2420",2420,8,6,3.417,5,1,6,"69c4562c17cbad318b08805c"
"2421",2421,8,7,1.133,5,0,5,"69c4562c17cbad318b08805c"
"2422",2422,8,4,2.526,5,0,5,"69c4562c17cbad318b08805c"
"2423",2423,8,8,1.622,5,0,5,"69c4562c17cbad318b08805c"
"2424",2424,8,2,1.635,5,0,5,"69c4562c17cbad318b08805c"
"2425",2425,8,8,1.613,5,1,8,"69c4562c17cbad318b08805c"
"2426",2426,8,3,1.972,5,1,3,"69c4562c17cbad318b08805c"
"2427",2427,8,7,3.011,5,1,7,"69c4562c17cbad318b08805c"
"2428",2428,8,6,1.234,5,1,6,"69c4562c17cbad318b08805c"
"2429",2429,8,2,1.716,5,0,5,"69c4562c17cbad318b08805c"
"2430",2430,8,3,3.326,5,0,5,"69c4562c17cbad318b08805c"
"2431",2431,8,8,2.839,5,1,8,"69c4562c17cbad318b08805c"
"2432",2432,8,4,2.425,5,1,4,"69c4562c17cbad318b08805c"
"2433",2433,8,2,1.591,5,0,5,"69c4562c17cbad318b08805c"
"2434",2434,8,7,2.064,5,0,5,"69c4562c17cbad318b08805c"
"2435",2435,8,2,1.951,5,0,5,"69c4562c17cbad318b08805c"
"2436",2436,8,4,1.57,5,0,5,"69c4562c17cbad318b08805c"
"2437",2437,8,6,2.455,5,1,6,"69c4562c17cbad318b08805c"
"2438",2438,8,3,1.959,5,0,5,"69c4562c17cbad318b08805c"
"2439",2439,8,6,2.98,5,1,6,"69c4562c17cbad318b08805c"
"2440",2440,8,6,1.277,5,1,6,"69c4562c17cbad318b08805c"
"2441",2441,8,3,1.31,5,1,3,"69c4562c17cbad318b08805c"
"2442",2442,8,6,0.843,5,0,5,"69c4562c17cbad318b08805c"
"2443",2443,8,4,1.492,5,1,4,"69c4562c17cbad318b08805c"
"2444",2444,8,7,2.733,5,1,7,"69c4562c17cbad318b08805c"
"2445",2445,8,2,1.437,5,0,5,"69c4562c17cbad318b08805c"
"2446",2446,8,6,2.11,5,1,6,"69c4562c17cbad318b08805c"
"2447",2447,8,3,0.783,5,0,5,"69c4562c17cbad318b08805c"
"2448",2448,8,8,2.072,5,1,8,"69c4562c17cbad318b08805c"
"2449",2449,8,4,1.458,5,0,5,"69c4562c17cbad318b08805c"
"2450",2450,8,8,1.927,5,1,8,"69c4562c17cbad318b08805c"
"2451",2451,8,2,1.602,5,0,5,"69c4562c17cbad318b08805c"
"2452",2452,8,8,3.891,5,1,8,"69c4562c17cbad318b08805c"
"2453",2453,8,4,1.335,5,0,5,"69c4562c17cbad318b08805c"
"2454",2454,8,3,1.626,5,0,5,"69c4562c17cbad318b08805c"
"2455",2455,8,6,1.452,5,1,6,"69c4562c17cbad318b08805c"
"2456",2456,8,4,1.764,5,0,5,"69c4562c17cbad318b08805c"
"2457",2457,8,6,1.71,5,1,6,"69c4562c17cbad318b08805c"
"2458",2458,8,7,0.993,5,0,5,"69c4562c17cbad318b08805c"
"2459",2459,8,8,3.711,5,1,8,"69c4562c17cbad318b08805c"
"2460",2460,8,6,1.925,5,0,5,"69c4562c17cbad318b08805c"
"2461",2461,8,8,0.944,5,1,8,"69c4562c17cbad318b08805c"
"2462",2462,8,2,1.382,5,0,5,"69c4562c17cbad318b08805c"
"2463",2463,8,7,1.519,5,0,5,"69c4562c17cbad318b08805c"
"2464",2464,6,6,1.852,5,1,6,"69bc0ba177847fde0a18ec3d"
"2465",2465,6,6,2.442,5,0,5,"69bc0ba177847fde0a18ec3d"
"2466",2466,6,7,1.707,5,1,7,"69bc0ba177847fde0a18ec3d"
"2467",2467,6,4,2.21,5,1,4,"69bc0ba177847fde0a18ec3d"
"2468",2468,6,4,1.934,5,0,5,"69bc0ba177847fde0a18ec3d"
"2469",2469,6,4,2.546,5,1,4,"69bc0ba177847fde0a18ec3d"
"2470",2470,6,8,2.024,5,1,8,"69bc0ba177847fde0a18ec3d"
"2471",2471,6,3,3.434,5,0,5,"69bc0ba177847fde0a18ec3d"
"2472",2472,6,7,3.588,5,1,7,"69bc0ba177847fde0a18ec3d"
"2473",2473,6,2,2.662,5,0,5,"69bc0ba177847fde0a18ec3d"
"2474",2474,6,8,1.741,5,1,8,"69bc0ba177847fde0a18ec3d"
"2475",2475,6,2,2.067,5,0,5,"69bc0ba177847fde0a18ec3d"
"2476",2476,6,7,1.995,5,1,7,"69bc0ba177847fde0a18ec3d"
"2477",2477,6,6,2.127,5,0,5,"69bc0ba177847fde0a18ec3d"
"2478",2478,6,2,1.71,5,0,5,"69bc0ba177847fde0a18ec3d"
"2479",2479,6,8,2.041,5,1,8,"69bc0ba177847fde0a18ec3d"
"2480",2480,6,6,1.983,5,1,6,"69bc0ba177847fde0a18ec3d"
"2481",2481,6,2,1.891,5,0,5,"69bc0ba177847fde0a18ec3d"
"2482",2482,6,8,2.477,5,1,8,"69bc0ba177847fde0a18ec3d"
"2483",2483,6,6,1.847,5,1,6,"69bc0ba177847fde0a18ec3d"
"2484",2484,6,3,2.31,5,0,5,"69bc0ba177847fde0a18ec3d"
"2485",2485,6,8,1.942,5,1,8,"69bc0ba177847fde0a18ec3d"
"2486",2486,6,3,2.559,5,0,5,"69bc0ba177847fde0a18ec3d"
"2487",2487,6,7,2.062,5,1,7,"69bc0ba177847fde0a18ec3d"
"2488",2488,6,8,2.424,5,1,8,"69bc0ba177847fde0a18ec3d"
"2489",2489,6,4,2.36,5,1,4,"69bc0ba177847fde0a18ec3d"
"2490",2490,6,7,1.731,5,0,5,"69bc0ba177847fde0a18ec3d"
"2491",2491,6,3,3.682,5,1,3,"69bc0ba177847fde0a18ec3d"
"2492",2492,6,6,2.102,5,0,5,"69bc0ba177847fde0a18ec3d"
"2493",2493,6,7,1.931,5,1,7,"69bc0ba177847fde0a18ec3d"
"2494",2494,6,2,3.075,5,0,5,"69bc0ba177847fde0a18ec3d"
"2495",2495,6,2,2.087,5,0,5,"69bc0ba177847fde0a18ec3d"
"2496",2496,6,4,1.968,5,0,5,"69bc0ba177847fde0a18ec3d"
"2497",2497,6,7,2.413,5,0,5,"69bc0ba177847fde0a18ec3d"
"2498",2498,6,8,2.866,5,1,8,"69bc0ba177847fde0a18ec3d"
"2499",2499,6,2,1.993,5,0,5,"69bc0ba177847fde0a18ec3d"
"2500",2500,6,6,2.069,5,1,6,"69bc0ba177847fde0a18ec3d"
"2501",2501,6,3,3.062,5,0,5,"69bc0ba177847fde0a18ec3d"
"2502",2502,6,8,2.447,5,0,5,"69bc0ba177847fde0a18ec3d"
"2503",2503,6,2,2.599,5,0,5,"69bc0ba177847fde0a18ec3d"
"2504",2504,6,2,1.945,5,0,5,"69bc0ba177847fde0a18ec3d"
"2505",2505,6,4,2.889,5,1,4,"69bc0ba177847fde0a18ec3d"
"2506",2506,6,4,2.655,5,0,5,"69bc0ba177847fde0a18ec3d"
"2507",2507,6,4,1.911,5,0,5,"69bc0ba177847fde0a18ec3d"
"2508",2508,6,7,1.929,5,1,7,"69bc0ba177847fde0a18ec3d"
"2509",2509,6,7,1.826,5,1,7,"69bc0ba177847fde0a18ec3d"
"2510",2510,6,6,2.041,5,1,6,"69bc0ba177847fde0a18ec3d"
"2511",2511,6,3,2.69,5,0,5,"69bc0ba177847fde0a18ec3d"
"2512",2512,6,3,2.047,5,0,5,"69bc0ba177847fde0a18ec3d"
"2513",2513,6,6,2.671,5,1,6,"69bc0ba177847fde0a18ec3d"
"2514",2514,6,8,3.272,5,1,8,"69bc0ba177847fde0a18ec3d"
"2515",2515,6,4,3.4,5,0,5,"69bc0ba177847fde0a18ec3d"
"2516",2516,6,3,1.855,5,0,5,"69bc0ba177847fde0a18ec3d"
"2517",2517,6,6,1.942,5,0,5,"69bc0ba177847fde0a18ec3d"
"2518",2518,6,2,2.158,5,1,2,"69bc0ba177847fde0a18ec3d"
"2519",2519,6,2,1.833,5,0,5,"69bc0ba177847fde0a18ec3d"
"2520",2520,6,4,3.038,5,0,5,"69bc0ba177847fde0a18ec3d"
"2521",2521,6,7,2.575,5,1,7,"69bc0ba177847fde0a18ec3d"
"2522",2522,6,3,3.182,5,0,5,"69bc0ba177847fde0a18ec3d"
"2523",2523,6,8,2.08,5,1,8,"69bc0ba177847fde0a18ec3d"
"2524",2524,6,3,3.547,5,1,3,"69bc0ba177847fde0a18ec3d"
"2525",2525,6,8,2.284,5,1,8,"69bc0ba177847fde0a18ec3d"
"2526",2526,6,6,1.539,5,1,6,"69bc0ba177847fde0a18ec3d"
"2527",2527,6,8,3.491,5,1,8,"69bc0ba177847fde0a18ec3d"
"2528",2528,6,2,2.283,5,0,5,"69bc0ba177847fde0a18ec3d"
"2529",2529,6,2,3.972,5,0,5,"69bc0ba177847fde0a18ec3d"
"2530",2530,6,3,3.97,5,0,5,"69bc0ba177847fde0a18ec3d"
"2531",2531,6,3,3.699,5,1,3,"69bc0ba177847fde0a18ec3d"
"2532",2532,6,4,2.079,5,1,4,"69bc0ba177847fde0a18ec3d"
"2533",2533,6,4,3.151,5,0,5,"69bc0ba177847fde0a18ec3d"
"2534",2534,6,6,3.212,5,0,5,"69bc0ba177847fde0a18ec3d"
"2535",2535,6,4,3.575,5,0,5,"69bc0ba177847fde0a18ec3d"
"2536",2536,6,8,1.957,5,1,8,"69bc0ba177847fde0a18ec3d"
"2537",2537,6,4,2.35,5,1,4,"69bc0ba177847fde0a18ec3d"
"2538",2538,6,8,2.031,5,0,5,"69bc0ba177847fde0a18ec3d"
"2539",2539,6,2,1.961,5,0,5,"69bc0ba177847fde0a18ec3d"
"2540",2540,6,3,1.495,5,0,5,"69bc0ba177847fde0a18ec3d"
"2541",2541,6,3,1.559,5,0,5,"69bc0ba177847fde0a18ec3d"
"2542",2542,6,2,2.341,5,0,5,"69bc0ba177847fde0a18ec3d"
"2543",2543,6,7,3.22,5,0,5,"69bc0ba177847fde0a18ec3d"
"2544",2544,6,6,1.428,5,0,5,"69bc0ba177847fde0a18ec3d"
"2545",2545,6,6,2.27,5,0,5,"69bc0ba177847fde0a18ec3d"
"2546",2546,6,3,2.225,5,1,3,"69bc0ba177847fde0a18ec3d"
"2547",2547,6,7,2.176,5,1,7,"69bc0ba177847fde0a18ec3d"
"2548",2548,6,7,1.797,5,1,7,"69bc0ba177847fde0a18ec3d"
"2549",2549,6,8,2.613,5,1,8,"69bc0ba177847fde0a18ec3d"
"2550",2550,6,6,2.319,5,1,6,"69bc0ba177847fde0a18ec3d"
"2551",2551,6,4,2.692,5,1,4,"69bc0ba177847fde0a18ec3d"
"2552",2552,6,6,1.794,5,0,5,"69bc0ba177847fde0a18ec3d"
"2553",2553,6,8,2.213,5,0,5,"69bc0ba177847fde0a18ec3d"
"2554",2554,6,7,2.92,5,1,7,"69bc0ba177847fde0a18ec3d"
"2555",2555,6,4,2.058,5,1,4,"69bc0ba177847fde0a18ec3d"
"2556",2556,6,6,2.215,5,0,5,"69bc0ba177847fde0a18ec3d"
"2557",2557,6,3,1.804,5,0,5,"69bc0ba177847fde0a18ec3d"
"2558",2558,6,6,1.772,5,1,6,"69bc0ba177847fde0a18ec3d"
"2559",2559,6,2,2.253,5,0,5,"69bc0ba177847fde0a18ec3d"
"2560",2560,6,3,1.777,5,1,3,"69bc0ba177847fde0a18ec3d"
"2561",2561,6,7,2.236,5,1,7,"69bc0ba177847fde0a18ec3d"
"2562",2562,6,3,1.946,5,1,3,"69bc0ba177847fde0a18ec3d"
"2563",2563,6,4,2.597,5,1,4,"69bc0ba177847fde0a18ec3d"
"2564",2564,6,8,1.771,5,1,8,"69bc0ba177847fde0a18ec3d"
"2565",2565,6,7,2.341,5,0,5,"69bc0ba177847fde0a18ec3d"
"2566",2566,6,2,2.63,5,1,2,"69bc0ba177847fde0a18ec3d"
"2567",2567,6,4,1.774,5,0,5,"69bc0ba177847fde0a18ec3d"
"2568",2568,6,4,2.219,5,1,4,"69bc0ba177847fde0a18ec3d"
"2569",2569,6,3,3.141,5,1,3,"69bc0ba177847fde0a18ec3d"
"2570",2570,6,8,1.697,5,0,5,"69bc0ba177847fde0a18ec3d"
"2571",2571,6,6,3.19,5,0,5,"69bc0ba177847fde0a18ec3d"
"2572",2572,6,8,2.973,5,0,5,"69bc0ba177847fde0a18ec3d"
"2573",2573,6,6,2.378,5,0,5,"69bc0ba177847fde0a18ec3d"
"2574",2574,6,8,2.598,5,1,8,"69bc0ba177847fde0a18ec3d"
"2575",2575,6,7,2.146,5,1,7,"69bc0ba177847fde0a18ec3d"
"2576",2576,6,4,1.781,5,1,4,"69bc0ba177847fde0a18ec3d"
"2577",2577,6,7,1.615,5,1,7,"69bc0ba177847fde0a18ec3d"
"2578",2578,6,7,1.561,5,1,7,"69bc0ba177847fde0a18ec3d"
"2579",2579,6,2,2.032,5,0,5,"69bc0ba177847fde0a18ec3d"
