"","queryParams_PROLIFIC_PID","block","category","cr","valence","image_name","response","response_time"
"1","698c6d3d083ae26c88d529bb","1","Objects","m",7,"objects_323_h_optimized","m",1096
"2","698c6d3d083ae26c88d529bb","1","Animals","m",6,"animals_055_h_optimized","m",2755
"3","698c6d3d083ae26c88d529bb","1","Objects","z",3,"objects_007_h_optimized","z",5656
"4","698c6d3d083ae26c88d529bb","1","Objects","m",7,"objects_063_v_optimized","z",4288
"5","698c6d3d083ae26c88d529bb","1","Landscapes","z",4,"landscapes_070_h_optimized","z",1478
"6","698c6d3d083ae26c88d529bb","1","Animals","m",7,"animals_202_h_optimized","m",1826
"7","698c6d3d083ae26c88d529bb","1","Objects","z",4,"objects_136_h_optimized","z",3090
"8","698c6d3d083ae26c88d529bb","1","Animals","z",4,"animals_065_h_optimized","z",4629
"9","698c6d3d083ae26c88d529bb","1","Objects","m",6,"objects_193_v_optimized","m",6670
"10","698c6d3d083ae26c88d529bb","1","Objects","z",2,"objects_139_h_optimized","z",4067
"11","698c6d3d083ae26c88d529bb","1","Objects","m",6,"objects_316_h_optimized","m",6286
"12","698c6d3d083ae26c88d529bb","1","Landscapes","m",8,"landscapes_116_v_optimized","m",4944
"13","698c6d3d083ae26c88d529bb","1","Animals","z",3,"animals_038_h_optimized","m",8214
"14","698c6d3d083ae26c88d529bb","1","Animals","z",2,"animals_078_h_optimized","z",3391
"15","698c6d3d083ae26c88d529bb","1","People","m",8,"people_113_h_optimized","m",2418
"16","698c6d3d083ae26c88d529bb","1","Animals","m",8,"animals_166_v_optimized","m",4081
"17","698c6d3d083ae26c88d529bb","1","Faces","z",2,"faces_365_v_optimized","z",5949
"18","698c6d3d083ae26c88d529bb","1","Landscapes","z",3,"landscapes_118_v_optimized","z",2957
"19","698c6d3d083ae26c88d529bb","2","Faces","z",2,"faces_366_h_optimized","z",3627
"20","698c6d3d083ae26c88d529bb","2","Animals","m",8,"animals_156_h_optimized","m",4007
"21","698c6d3d083ae26c88d529bb","2","Animals","z",2,"animals_077_h_optimized","m",4660
"22","698c6d3d083ae26c88d529bb","2","Landscapes","z",3,"landscapes_007_h_optimized","z",2381
"23","698c6d3d083ae26c88d529bb","2","Objects","m",6,"objects_061_h_optimized","m",3858
"24","698c6d3d083ae26c88d529bb","2","Objects","z",2,"objects_125_h_optimized","z",2762
"25","698c6d3d083ae26c88d529bb","2","People","m",8,"people_172_v_optimized","m",3479
"26","698c6d3d083ae26c88d529bb","2","Objects","m",7,"objects_052_h_optimized","m",3207
"27","698c6d3d083ae26c88d529bb","2","Faces","m",6,"faces_020_h_optimized","m",4518
"28","698c6d3d083ae26c88d529bb","2","Animals","z",4,"animals_073_h_optimized","m",3428
"29","698c6d3d083ae26c88d529bb","2","Animals","z",3,"animals_037_h_optimized","z",3572
"30","698c6d3d083ae26c88d529bb","2","Faces","m",7,"faces_242_h_optimized","m",7274
"31","698c6d3d083ae26c88d529bb","2","Landscapes","m",8,"landscapes_096_h_optimized","m",3908
"32","698c6d3d083ae26c88d529bb","2","Objects","z",3,"objects_004_h_optimized","m",4722
"33","698c6d3d083ae26c88d529bb","2","Objects","z",4,"objects_318_h_optimized","m",2954
"34","698c6d3d083ae26c88d529bb","2","Objects","m",7,"objects_291_h_optimized","m",3229
"35","698c6d3d083ae26c88d529bb","2","Objects","m",6,"objects_309_h_optimized","m",4044
"36","698c6d3d083ae26c88d529bb","2","Objects","z",4,"objects_116_v_optimized","z",2932
"37","698c6d3d083ae26c88d529bb","3","Objects","z",4,"objects_017_v_optimized","z",3091
"38","698c6d3d083ae26c88d529bb","3","People","z",2,"people_246__optimized","z",939
"39","698c6d3d083ae26c88d529bb","3","Faces","m",7,"faces_243_v_optimized","z",1784
"40","698c6d3d083ae26c88d529bb","3","Faces","z",4,"faces_279_h_optimized","z",2297
"41","698c6d3d083ae26c88d529bb","3","Objects","z",3,"objects_157_h_optimized","m",1650
"42","698c6d3d083ae26c88d529bb","3","Landscapes","m",8,"landscapes_141_h_optimized","z",1740
"43","698c6d3d083ae26c88d529bb","3","Faces","z",3,"faces_003_h_optimized","z",1742
"44","698c6d3d083ae26c88d529bb","3","Objects","z",3,"objects_001_h_optimized","z",1510
"45","698c6d3d083ae26c88d529bb","3","Objects","z",4,"objects_287_h_optimized","z",1685
"46","698c6d3d083ae26c88d529bb","3","People","m",7,"people_180_h_optimized","m",1435
"47","698c6d3d083ae26c88d529bb","3","Faces","m",8,"faces_002_v_optimized","m",1341
"48","698c6d3d083ae26c88d529bb","3","Objects","m",6,"objects_297_h_optimized","m",1255
"49","698c6d3d083ae26c88d529bb","3","Objects","m",7,"objects_272_h_optimized","m",1295
"50","698c6d3d083ae26c88d529bb","3","Animals","z",2,"animals_074_h_optimized","m",1524
"51","698c6d3d083ae26c88d529bb","3","Faces","m",6,"faces_040_h_optimized","m",1503
"52","698c6d3d083ae26c88d529bb","3","Faces","z",2,"faces_367_h_optimized","z",1196
"53","698c6d3d083ae26c88d529bb","3","People","m",6,"people_138_h_optimized","m",2391
"54","698c6d3d083ae26c88d529bb","4","Faces","m",8,"faces_089_h_optimized","m",1087
"55","698c6d3d083ae26c88d529bb","4","Objects","z",3,"objects_011_h_optimized","z",1058
"56","698c6d3d083ae26c88d529bb","4","Objects","z",3,"objects_154_h_optimized","z",1200
"57","698c6d3d083ae26c88d529bb","4","People","m",7,"people_173_h_optimized","z",1184
"58","698c6d3d083ae26c88d529bb","4","People","m",6,"people_163_v_optimized","m",1722
"59","698c6d3d083ae26c88d529bb","4","People","z",4,"people_080_h_optimized","z",1347
"60","698c6d3d083ae26c88d529bb","4","Faces","m",7,"faces_325_v_optimized","z",1320
"61","698c6d3d083ae26c88d529bb","4","People","z",2,"people_220_h_optimized","z",1134
"62","698c6d3d083ae26c88d529bb","4","Faces","z",4,"faces_280_h_optimized","z",1610
"63","698c6d3d083ae26c88d529bb","4","Objects","m",7,"objects_270_h_optimized","m",1594
"64","698c6d3d083ae26c88d529bb","4","Faces","z",2,"faces_159_h_optimized","z",1238
"65","698c6d3d083ae26c88d529bb","4","Objects","m",6,"objects_294_h_optimized","z",2368
"66","698c6d3d083ae26c88d529bb","4","Objects","z",4,"objects_242_h_optimized","m",2418
"67","698c6d3d083ae26c88d529bb","4","Faces","z",3,"faces_007_h_optimized","m",1737
"68","698c6d3d083ae26c88d529bb","4","Objects","m",8,"objects_326_h_optimized","m",1149
"69","698c6d3d083ae26c88d529bb","4","Faces","m",6,"faces_045_h_optimized","m",1151
"70","698c6d3d083ae26c88d529bb","4","Animals","z",2,"animals_054_h_optimized","m",2301
"71","698c6d3d083ae26c88d529bb","5","Objects","m",8,"objects_327_h_optimized","m",1073
"72","698c6d3d083ae26c88d529bb","5","People","m",6,"people_248_h_optimized","m",1454
"73","698c6d3d083ae26c88d529bb","5","Faces","z",2,"faces_143_v_optimized","z",1310
"74","698c6d3d083ae26c88d529bb","5","Faces","m",8,"faces_109_v_optimized","m",1125
"75","698c6d3d083ae26c88d529bb","5","Faces","z",4,"faces_037_h_optimized","m",1047
"76","698c6d3d083ae26c88d529bb","5","Faces","m",6,"faces_062_v_optimized","m",1578
"77","698c6d3d083ae26c88d529bb","5","People","z",2,"people_211_v_optimized","z",1017
"78","698c6d3d083ae26c88d529bb","5","Objects","z",4,"objects_235_h_optimized","z",1696
"79","698c6d3d083ae26c88d529bb","5","Faces","m",7,"faces_330_v_optimized","m",1221
"80","698c6d3d083ae26c88d529bb","5","Animals","m",8,"animals_220_h_optimized","m",1174
"81","698c6d3d083ae26c88d529bb","5","Objects","m",6,"objects_250_h_optimized","z",1402
"82","698c6d3d083ae26c88d529bb","5","People","z",4,"people_073_v_optimized","z",2258
"83","698c6d3d083ae26c88d529bb","5","Objects","z",3,"objects_144_h_optimized","m",1274
"84","698c6d3d083ae26c88d529bb","5","Faces","z",3,"faces_146_h_optimized","z",1546
"85","698c6d3d083ae26c88d529bb","5","Animals","z",2,"animals_071_h_optimized","m",2948
"86","698c6d3d083ae26c88d529bb","5","Objects","m",7,"objects_254_h_optimized","m",1995
"87","698c6d3d083ae26c88d529bb","5","People","z",3,"people_133_h_optimized","z",1889
"88","698c6d3d083ae26c88d529bb","6","Landscapes","m",6,"landscapes_069_v_optimized","z",3793
"89","698c6d3d083ae26c88d529bb","6","Faces","z",2,"faces_145_v_optimized","z",736
"90","698c6d3d083ae26c88d529bb","6","Objects","z",3,"objects_132_h_optimized","m",2587
"91","698c6d3d083ae26c88d529bb","6","Objects","m",8,"objects_084_v_optimized","m",1121
"92","698c6d3d083ae26c88d529bb","6","Faces","z",4,"faces_014_h_optimized","z",1520
"93","698c6d3d083ae26c88d529bb","6","Animals","m",8,"animals_201_h_optimized","m",1057
"94","698c6d3d083ae26c88d529bb","6","Objects","z",4,"objects_236_h_optimized","z",1786
"95","698c6d3d083ae26c88d529bb","6","Animals","m",7,"animals_169_h_optimized","m",836
"96","698c6d3d083ae26c88d529bb","6","Objects","m",6,"objects_203_v_optimized","z",1212
"97","698c6d3d083ae26c88d529bb","6","Animals","m",6,"animals_150_h_optimized","m",1143
"98","698c6d3d083ae26c88d529bb","6","People","z",2,"people_205_v_optimized","z",930
"99","698c6d3d083ae26c88d529bb","6","People","z",3,"people_082_h_optimized","z",825
"100","698c6d3d083ae26c88d529bb","6","Landscapes","m",8,"landscapes_168_h_optimized","m",843
"101","698c6d3d083ae26c88d529bb","6","Faces","z",3,"faces_291_h_optimized","m",1461
"102","698c6d3d083ae26c88d529bb","6","Objects","m",7,"objects_171_h_optimized","m",780
"103","698c6d3d083ae26c88d529bb","6","Faces","z",2,"faces_010_h_optimized","z",3255
"104","698c6d3d083ae26c88d529bb","6","Faces","m",7,"faces_347_h_optimized","m",2334
"105","698c6d3d083ae26c88d529bb","7","Landscapes","m",7,"landscapes_059_v_optimized","m",1074
"106","698c6d3d083ae26c88d529bb","7","Landscapes","m",6,"landscapes_042_h_optimized","m",999
"107","698c6d3d083ae26c88d529bb","7","Animals","m",7,"animals_170_h_optimized","m",722
"108","698c6d3d083ae26c88d529bb","7","Faces","z",2,"faces_149_v_optimized","z",930
"109","698c6d3d083ae26c88d529bb","7","Objects","m",8,"objects_077_h_optimized","m",1488
"110","698c6d3d083ae26c88d529bb","7","Animals","m",6,"animals_144_h_optimized","z",833
"111","698c6d3d083ae26c88d529bb","7","Objects","z",3,"objects_121_v_optimized","z",2516
"112","698c6d3d083ae26c88d529bb","7","Objects","m",6,"objects_198_h_optimized","m",1836
"113","698c6d3d083ae26c88d529bb","7","Animals","z",4,"animals_036_h_optimized","m",1080
"114","698c6d3d083ae26c88d529bb","7","Objects","m",7,"objects_100_v_optimized","m",1549
"115","698c6d3d083ae26c88d529bb","7","Objects","z",4,"objects_215_v_optimized","z",1808
"116","698c6d3d083ae26c88d529bb","7","Animals","z",3,"animals_045_h_optimized","m",3439
"117","698c6d3d083ae26c88d529bb","7","Landscapes","m",8,"landscapes_165_h_optimized","m",2401
"118","698c6d3d083ae26c88d529bb","7","Faces","z",3,"faces_302_h_optimized","z",1926
"119","698c6d3d083ae26c88d529bb","7","Animals","m",8,"animals_184_h_optimized","m",1440
"120","698c6d3d083ae26c88d529bb","7","Faces","z",2,"faces_371_v_optimized","z",1572
"121","698c6d3d083ae26c88d529bb","7","Faces","z",4,"faces_015_h_optimized","z",2630
"122","698c6d3d083ae26c88d529bb","8","Animals","z",3,"animals_060_h_optimized","z",1648
"123","698c6d3d083ae26c88d529bb","8","Landscapes","m",6,"landscapes_055_h_optimized","z",1707
"124","698c6d3d083ae26c88d529bb","8","Animals","m",8,"animals_177_h_optimized","m",1901
"125","698c6d3d083ae26c88d529bb","8","Objects","z",4,"objects_156_v_optimized","m",1496
"126","698c6d3d083ae26c88d529bb","8","Objects","m",7,"objects_075_h_optimized","m",972
"127","698c6d3d083ae26c88d529bb","8","Objects","z",3,"objects_022_h_optimized","z",1062
"128","698c6d3d083ae26c88d529bb","8","Landscapes","m",7,"landscapes_143_h_optimized","z",637
"129","698c6d3d083ae26c88d529bb","8","Landscapes","z",4,"landscapes_074_h_optimized","z",1199
"130","698c6d3d083ae26c88d529bb","8","Animals","m",6,"animals_119_h_optimized","m",1074
"131","698c6d3d083ae26c88d529bb","8","Animals","m",7,"animals_206_h_optimized","m",1159
"132","698c6d3d083ae26c88d529bb","8","Landscapes","z",3,"landscapes_004_h_optimized","m",1572
"133","698c6d3d083ae26c88d529bb","8","Animals","z",4,"animals_052__optimized","m",1266
"134","698c6d3d083ae26c88d529bb","8","Landscapes","m",8,"landscapes_123_h_optimized","m",1093
"135","698c6d3d083ae26c88d529bb","8","Faces","z",2,"faces_364_v_optimized","z",657
"136","698c6d3d083ae26c88d529bb","8","Objects","z",2,"objects_149_h_optimized","z",1161
"137","698c6d3d083ae26c88d529bb","8","People","m",8,"people_110_h_optimized","m",853
"138","698c6d3d083ae26c88d529bb","8","Objects","m",6,"objects_201_v_optimized","z",1107
"139","69b1aee32d960121fc72d41e","1","Objects","z",2,"objects_139_h_optimized","z",3041
"140","69b1aee32d960121fc72d41e","1","Objects","m",7,"objects_063_v_optimized","z",2931
"141","69b1aee32d960121fc72d41e","1","Animals","z",3,"animals_038_h_optimized","z",2905
"142","69b1aee32d960121fc72d41e","1","Animals","m",7,"animals_202_h_optimized","m",2882
"143","69b1aee32d960121fc72d41e","1","Objects","z",4,"objects_136_h_optimized","z",3048
"144","69b1aee32d960121fc72d41e","1","Landscapes","z",3,"landscapes_118_v_optimized","z",2955
"145","69b1aee32d960121fc72d41e","1","Animals","z",4,"animals_065_h_optimized","m",2656
"146","69b1aee32d960121fc72d41e","1","Objects","z",3,"objects_007_h_optimized","z",3039
"147","69b1aee32d960121fc72d41e","1","Animals","z",2,"animals_078_h_optimized","z",2372
"148","69b1aee32d960121fc72d41e","1","Objects","m",7,"objects_323_h_optimized","z",4242
"149","69b1aee32d960121fc72d41e","1","Objects","m",6,"objects_316_h_optimized","z",1967
"150","69b1aee32d960121fc72d41e","1","Animals","m",8,"animals_166_v_optimized","m",2635
"151","69b1aee32d960121fc72d41e","1","Faces","z",2,"faces_365_v_optimized","z",2594
"152","69b1aee32d960121fc72d41e","1","People","m",8,"people_113_h_optimized","m",3705
"153","69b1aee32d960121fc72d41e","1","Objects","m",6,"objects_193_v_optimized","z",4473
"154","69b1aee32d960121fc72d41e","1","Landscapes","z",4,"landscapes_070_h_optimized","z",3582
"155","69b1aee32d960121fc72d41e","1","Animals","m",6,"animals_055_h_optimized","z",2316
"156","69b1aee32d960121fc72d41e","1","Landscapes","m",8,"landscapes_116_v_optimized","z",2516
"157","69b1aee32d960121fc72d41e","2","Objects","z",2,"objects_125_h_optimized","z",1771
"158","69b1aee32d960121fc72d41e","2","Animals","m",8,"animals_156_h_optimized","m",2623
"159","69b1aee32d960121fc72d41e","2","Faces","m",7,"faces_242_h_optimized","z",3143
"160","69b1aee32d960121fc72d41e","2","Objects","m",6,"objects_061_h_optimized","z",4034
"161","69b1aee32d960121fc72d41e","2","Objects","m",7,"objects_052_h_optimized","z",1771
"162","69b1aee32d960121fc72d41e","2","Animals","z",4,"animals_073_h_optimized","z",2860
"163","69b1aee32d960121fc72d41e","2","Faces","z",2,"faces_366_h_optimized","z",3479
"164","69b1aee32d960121fc72d41e","2","Animals","z",2,"animals_077_h_optimized","z",2101
"165","69b1aee32d960121fc72d41e","2","Objects","z",4,"objects_116_v_optimized","m",3962
"166","69b1aee32d960121fc72d41e","2","Landscapes","z",3,"landscapes_007_h_optimized","z",2656
"167","69b1aee32d960121fc72d41e","2","Objects","m",6,"objects_309_h_optimized","z",3226
"168","69b1aee32d960121fc72d41e","2","Faces","m",6,"faces_020_h_optimized","m",3324
"169","69b1aee32d960121fc72d41e","2","Animals","z",3,"animals_037_h_optimized","z",4186
"170","69b1aee32d960121fc72d41e","2","People","m",8,"people_172_v_optimized","m",5036
"171","69b1aee32d960121fc72d41e","2","Landscapes","m",8,"landscapes_096_h_optimized","m",1902
"172","69b1aee32d960121fc72d41e","2","Objects","z",4,"objects_318_h_optimized","m",4245
"173","69b1aee32d960121fc72d41e","2","Objects","z",3,"objects_004_h_optimized","z",4100
"174","69b1aee32d960121fc72d41e","2","Objects","m",7,"objects_291_h_optimized","m",2989
"175","69b1aee32d960121fc72d41e","3","People","m",6,"people_138_h_optimized","m",5043
"176","69b1aee32d960121fc72d41e","3","Objects","m",7,"objects_272_h_optimized","z",3742
"177","69b1aee32d960121fc72d41e","3","People","z",2,"people_246__optimized","z",1719
"178","69b1aee32d960121fc72d41e","3","Animals","z",2,"animals_074_h_optimized","z",3101
"179","69b1aee32d960121fc72d41e","3","Faces","z",3,"faces_003_h_optimized","z",2047
"180","69b1aee32d960121fc72d41e","3","Objects","z",4,"objects_287_h_optimized","z",1558
"181","69b1aee32d960121fc72d41e","3","Objects","z",3,"objects_001_h_optimized","z",2554
"182","69b1aee32d960121fc72d41e","3","People","m",7,"people_180_h_optimized","m",2354
"183","69b1aee32d960121fc72d41e","3","Faces","m",8,"faces_002_v_optimized","m",2868
"184","69b1aee32d960121fc72d41e","3","Objects","z",3,"objects_157_h_optimized","z",2218
"185","69b1aee32d960121fc72d41e","3","Faces","z",4,"faces_279_h_optimized","z",2664
"186","69b1aee32d960121fc72d41e","3","Faces","m",7,"faces_243_v_optimized","z",2817
"187","69b1aee32d960121fc72d41e","3","Objects","z",4,"objects_017_v_optimized","z",1754
"188","69b1aee32d960121fc72d41e","3","Faces","z",2,"faces_367_h_optimized","z",1732
"189","69b1aee32d960121fc72d41e","3","Faces","m",6,"faces_040_h_optimized","m",3877
"190","69b1aee32d960121fc72d41e","3","Landscapes","m",8,"landscapes_141_h_optimized","m",2472
"191","69b1aee32d960121fc72d41e","3","Objects","m",6,"objects_297_h_optimized","m",945
"192","69b1aee32d960121fc72d41e","4","Faces","z",2,"faces_159_h_optimized","z",2119
"193","69b1aee32d960121fc72d41e","4","Faces","z",4,"faces_280_h_optimized","z",1088
"194","69b1aee32d960121fc72d41e","4","People","z",2,"people_220_h_optimized","z",7512
"195","69b1aee32d960121fc72d41e","4","Faces","z",3,"faces_007_h_optimized","z",4306
"196","69b1aee32d960121fc72d41e","4","Faces","m",7,"faces_325_v_optimized","z",3151
"197","69b1aee32d960121fc72d41e","4","People","m",6,"people_163_v_optimized","z",2165
"198","69b1aee32d960121fc72d41e","4","Objects","z",3,"objects_154_h_optimized","z",900
"199","69b1aee32d960121fc72d41e","4","Objects","m",6,"objects_294_h_optimized","m",2822
"200","69b1aee32d960121fc72d41e","4","Objects","m",8,"objects_326_h_optimized","m",1818
"201","69b1aee32d960121fc72d41e","4","Faces","m",8,"faces_089_h_optimized","m",2543
"202","69b1aee32d960121fc72d41e","4","People","m",7,"people_173_h_optimized","z",2388
"203","69b1aee32d960121fc72d41e","4","Objects","z",4,"objects_242_h_optimized","z",3470
"204","69b1aee32d960121fc72d41e","4","Faces","m",6,"faces_045_h_optimized","m",1710
"205","69b1aee32d960121fc72d41e","4","Objects","z",3,"objects_011_h_optimized","z",2828
"206","69b1aee32d960121fc72d41e","4","Animals","z",2,"animals_054_h_optimized","m",3887
"207","69b1aee32d960121fc72d41e","4","Objects","m",7,"objects_270_h_optimized","m",4272
"208","69b1aee32d960121fc72d41e","4","People","z",4,"people_080_h_optimized","m",5677
"209","69b1aee32d960121fc72d41e","5","People","z",2,"people_211_v_optimized","z",4805
"210","69b1aee32d960121fc72d41e","5","Animals","m",8,"animals_220_h_optimized","m",3318
"211","69b1aee32d960121fc72d41e","5","Faces","z",2,"faces_143_v_optimized","z",1425
"212","69b1aee32d960121fc72d41e","5","Faces","m",7,"faces_330_v_optimized","m",2027
"213","69b1aee32d960121fc72d41e","5","People","m",6,"people_248_h_optimized","z",3088
"214","69b1aee32d960121fc72d41e","5","Objects","z",4,"objects_235_h_optimized","z",1932
"215","69b1aee32d960121fc72d41e","5","Animals","z",2,"animals_071_h_optimized","z",1568
"216","69b1aee32d960121fc72d41e","5","Faces","m",8,"faces_109_v_optimized","m",1697
"217","69b1aee32d960121fc72d41e","5","Faces","z",4,"faces_037_h_optimized","m",3773
"218","69b1aee32d960121fc72d41e","5","People","z",3,"people_133_h_optimized","m",4019
"219","69b1aee32d960121fc72d41e","5","Faces","z",3,"faces_146_h_optimized","z",2348
"220","69b1aee32d960121fc72d41e","5","Objects","m",7,"objects_254_h_optimized","z",1868
"221","69b1aee32d960121fc72d41e","5","Objects","m",8,"objects_327_h_optimized","z",2392
"222","69b1aee32d960121fc72d41e","5","Objects","m",6,"objects_250_h_optimized","z",1803
"223","69b1aee32d960121fc72d41e","5","Faces","m",6,"faces_062_v_optimized","z",970
"224","69b1aee32d960121fc72d41e","5","People","z",4,"people_073_v_optimized","z",2986
"225","69b1aee32d960121fc72d41e","5","Objects","z",3,"objects_144_h_optimized","z",1942
"226","69b1aee32d960121fc72d41e","6","Faces","z",4,"faces_014_h_optimized","z",772
"227","69b1aee32d960121fc72d41e","6","Objects","m",8,"objects_084_v_optimized","z",986
"228","69b1aee32d960121fc72d41e","6","Objects","m",7,"objects_171_h_optimized","m",2118
"229","69b1aee32d960121fc72d41e","6","Objects","z",3,"objects_132_h_optimized","z",2910
"230","69b1aee32d960121fc72d41e","6","People","z",3,"people_082_h_optimized","z",3195
"231","69b1aee32d960121fc72d41e","6","Animals","m",6,"animals_150_h_optimized","m",4578
"232","69b1aee32d960121fc72d41e","6","Faces","m",7,"faces_347_h_optimized","z",3298
"233","69b1aee32d960121fc72d41e","6","Animals","m",7,"animals_169_h_optimized","m",1832
"234","69b1aee32d960121fc72d41e","6","People","z",2,"people_205_v_optimized","z",3669
"235","69b1aee32d960121fc72d41e","6","Faces","z",2,"faces_145_v_optimized","z",3075
"236","69b1aee32d960121fc72d41e","6","Faces","z",3,"faces_291_h_optimized","z",2329
"237","69b1aee32d960121fc72d41e","6","Landscapes","m",8,"landscapes_168_h_optimized","z",5346
"238","69b1aee32d960121fc72d41e","6","Animals","m",8,"animals_201_h_optimized","m",3922
"239","69b1aee32d960121fc72d41e","6","Faces","z",2,"faces_010_h_optimized","z",3295
"240","69b1aee32d960121fc72d41e","6","Landscapes","m",6,"landscapes_069_v_optimized","z",5834
"241","69b1aee32d960121fc72d41e","6","Objects","z",4,"objects_236_h_optimized","m",2582
"242","69b1aee32d960121fc72d41e","6","Objects","m",6,"objects_203_v_optimized","z",6534
"243","69b1aee32d960121fc72d41e","7","Animals","m",6,"animals_144_h_optimized","z",3307
"244","69b1aee32d960121fc72d41e","7","Faces","z",2,"faces_149_v_optimized","z",3643
"245","69b1aee32d960121fc72d41e","7","Landscapes","m",6,"landscapes_042_h_optimized","m",4271
"246","69b1aee32d960121fc72d41e","7","Animals","m",7,"animals_170_h_optimized","m",4929
"247","69b1aee32d960121fc72d41e","7","Faces","z",4,"faces_015_h_optimized","z",2177
"248","69b1aee32d960121fc72d41e","7","Faces","z",3,"faces_302_h_optimized","m",2646
"249","69b1aee32d960121fc72d41e","7","Animals","z",4,"animals_036_h_optimized","z",3588
"250","69b1aee32d960121fc72d41e","7","Objects","m",8,"objects_077_h_optimized","m",5536
"251","69b1aee32d960121fc72d41e","7","Objects","m",7,"objects_100_v_optimized","m",4995
"252","69b1aee32d960121fc72d41e","7","Animals","z",3,"animals_045_h_optimized","z",2273
"253","69b1aee32d960121fc72d41e","7","Landscapes","m",8,"landscapes_165_h_optimized","m",2709
"254","69b1aee32d960121fc72d41e","7","Objects","m",6,"objects_198_h_optimized","m",3367
"255","69b1aee32d960121fc72d41e","7","Objects","z",4,"objects_215_v_optimized","z",4569
"256","69b1aee32d960121fc72d41e","7","Objects","z",3,"objects_121_v_optimized","z",3699
"257","69b1aee32d960121fc72d41e","7","Landscapes","m",7,"landscapes_059_v_optimized","z",4935
"258","69b1aee32d960121fc72d41e","7","Faces","z",2,"faces_371_v_optimized","z",1760
"259","69b1aee32d960121fc72d41e","7","Animals","m",8,"animals_184_h_optimized","z",2454
"260","69b1aee32d960121fc72d41e","8","Landscapes","z",3,"landscapes_004_h_optimized","z",1304
"261","69b1aee32d960121fc72d41e","8","Objects","m",7,"objects_075_h_optimized","z",4407
"262","69b1aee32d960121fc72d41e","8","People","m",8,"people_110_h_optimized","m",2547
"263","69b1aee32d960121fc72d41e","8","Landscapes","m",7,"landscapes_143_h_optimized","m",1288
"264","69b1aee32d960121fc72d41e","8","Objects","z",2,"objects_149_h_optimized","m",1265
"265","69b1aee32d960121fc72d41e","8","Animals","m",6,"animals_119_h_optimized","m",1682
"266","69b1aee32d960121fc72d41e","8","Landscapes","m",8,"landscapes_123_h_optimized","m",1377
"267","69b1aee32d960121fc72d41e","8","Faces","z",2,"faces_364_v_optimized","z",1930
"268","69b1aee32d960121fc72d41e","8","Animals","m",8,"animals_177_h_optimized","m",1911
"269","69b1aee32d960121fc72d41e","8","Objects","z",4,"objects_156_v_optimized","m",3747
"270","69b1aee32d960121fc72d41e","8","Animals","z",3,"animals_060_h_optimized","z",2331
"271","69b1aee32d960121fc72d41e","8","Objects","z",3,"objects_022_h_optimized","m",2540
"272","69b1aee32d960121fc72d41e","8","Landscapes","z",4,"landscapes_074_h_optimized","z",1850
"273","69b1aee32d960121fc72d41e","8","Animals","m",7,"animals_206_h_optimized","m",1521
"274","69b1aee32d960121fc72d41e","8","Animals","z",4,"animals_052__optimized","z",1520
"275","69b1aee32d960121fc72d41e","8","Objects","m",6,"objects_201_v_optimized","z",4434
"276","69b1aee32d960121fc72d41e","8","Landscapes","m",6,"landscapes_055_h_optimized","z",3172
"277","69d2b8672541083658fc0f45","1","Objects","m",6,"objects_193_v_optimized","m",2293
"278","69d2b8672541083658fc0f45","1","Animals","z",2,"animals_078_h_optimized","z",1392
"279","69d2b8672541083658fc0f45","1","Landscapes","z",4,"landscapes_070_h_optimized","z",1719
"280","69d2b8672541083658fc0f45","1","Landscapes","m",8,"landscapes_116_v_optimized","m",2202
"281","69d2b8672541083658fc0f45","1","Objects","z",2,"objects_139_h_optimized","z",2774
"282","69d2b8672541083658fc0f45","1","Objects","m",7,"objects_063_v_optimized","z",1811
"283","69d2b8672541083658fc0f45","1","Animals","m",6,"animals_055_h_optimized","m",1820
"284","69d2b8672541083658fc0f45","1","Objects","m",6,"objects_316_h_optimized","m",934
"285","69d2b8672541083658fc0f45","1","Animals","z",3,"animals_038_h_optimized","z",2361
"286","69d2b8672541083658fc0f45","1","People","m",8,"people_113_h_optimized","m",1231
"287","69d2b8672541083658fc0f45","1","Animals","m",8,"animals_166_v_optimized","m",1736
"288","69d2b8672541083658fc0f45","1","Objects","z",4,"objects_136_h_optimized","m",1975
"289","69d2b8672541083658fc0f45","1","Animals","z",4,"animals_065_h_optimized","z",2121
"290","69d2b8672541083658fc0f45","1","Animals","m",7,"animals_202_h_optimized","m",827
"291","69d2b8672541083658fc0f45","1","Objects","z",3,"objects_007_h_optimized","z",2923
"292","69d2b8672541083658fc0f45","1","Faces","z",2,"faces_365_v_optimized","z",1645
"293","69d2b8672541083658fc0f45","1","Landscapes","z",3,"landscapes_118_v_optimized","z",1745
"294","69d2b8672541083658fc0f45","1","Objects","m",7,"objects_323_h_optimized","z",3129
"295","69d2b8672541083658fc0f45","2","Landscapes","z",3,"landscapes_007_h_optimized","z",2823
"296","69d2b8672541083658fc0f45","2","Faces","m",6,"faces_020_h_optimized","m",2849
"297","69d2b8672541083658fc0f45","2","Objects","m",6,"objects_061_h_optimized","m",2860
"298","69d2b8672541083658fc0f45","2","Objects","m",6,"objects_309_h_optimized","m",2715
"299","69d2b8672541083658fc0f45","2","Landscapes","m",8,"landscapes_096_h_optimized","m",1561
"300","69d2b8672541083658fc0f45","2","Objects","z",4,"objects_318_h_optimized","m",3414
"301","69d2b8672541083658fc0f45","2","Animals","z",2,"animals_077_h_optimized","z",2100
"302","69d2b8672541083658fc0f45","2","Objects","z",3,"objects_004_h_optimized","z",3480
"303","69d2b8672541083658fc0f45","2","Faces","z",2,"faces_366_h_optimized","z",1990
"304","69d2b8672541083658fc0f45","2","Animals","z",4,"animals_073_h_optimized","m",2644
"305","69d2b8672541083658fc0f45","2","Animals","m",8,"animals_156_h_optimized","m",1536
"306","69d2b8672541083658fc0f45","2","People","m",8,"people_172_v_optimized","m",1501
"307","69d2b8672541083658fc0f45","2","Objects","m",7,"objects_052_h_optimized","z",3030
"308","69d2b8672541083658fc0f45","2","Objects","z",4,"objects_116_v_optimized","m",1439
"309","69d2b8672541083658fc0f45","2","Objects","z",2,"objects_125_h_optimized","z",1661
"310","69d2b8672541083658fc0f45","2","Objects","m",7,"objects_291_h_optimized","m",1644
"311","69d2b8672541083658fc0f45","2","Faces","m",7,"faces_242_h_optimized","m",2088
"312","69d2b8672541083658fc0f45","2","Animals","z",3,"animals_037_h_optimized","m",1724
"313","69d2b8672541083658fc0f45","3","Objects","m",6,"objects_297_h_optimized","m",997
"314","69d2b8672541083658fc0f45","3","Objects","z",4,"objects_287_h_optimized","z",2190
"315","69d2b8672541083658fc0f45","3","People","m",6,"people_138_h_optimized","m",980
"316","69d2b8672541083658fc0f45","3","Animals","z",2,"animals_074_h_optimized","m",2625
"317","69d2b8672541083658fc0f45","3","Faces","m",7,"faces_243_v_optimized","z",2111
"318","69d2b8672541083658fc0f45","3","Objects","z",4,"objects_017_v_optimized","m",1749
"319","69d2b8672541083658fc0f45","3","Objects","z",3,"objects_001_h_optimized","z",1242
"320","69d2b8672541083658fc0f45","3","People","m",7,"people_180_h_optimized","m",984
"321","69d2b8672541083658fc0f45","3","Faces","m",8,"faces_002_v_optimized","m",1048
"322","69d2b8672541083658fc0f45","3","Faces","z",3,"faces_003_h_optimized","m",1039
"323","69d2b8672541083658fc0f45","3","Faces","z",2,"faces_367_h_optimized","z",1210
"324","69d2b8672541083658fc0f45","3","Faces","m",6,"faces_040_h_optimized","m",923
"325","69d2b8672541083658fc0f45","3","Faces","z",4,"faces_279_h_optimized","m",2279
"326","69d2b8672541083658fc0f45","3","Landscapes","m",8,"landscapes_141_h_optimized","z",3165
"327","69d2b8672541083658fc0f45","3","People","z",2,"people_246__optimized","z",1643
"328","69d2b8672541083658fc0f45","3","Objects","m",7,"objects_272_h_optimized","m",3306
"329","69d2b8672541083658fc0f45","3","Objects","z",3,"objects_157_h_optimized","z",2639
"330","69d2b8672541083658fc0f45","4","Objects","z",4,"objects_242_h_optimized","m",1639
"331","69d2b8672541083658fc0f45","4","Objects","m",7,"objects_270_h_optimized","m",1555
"332","69d2b8672541083658fc0f45","4","Faces","z",3,"faces_007_h_optimized","z",1864
"333","69d2b8672541083658fc0f45","4","Objects","z",3,"objects_154_h_optimized","z",1208
"334","69d2b8672541083658fc0f45","4","People","z",4,"people_080_h_optimized","m",1685
"335","69d2b8672541083658fc0f45","4","Objects","z",3,"objects_011_h_optimized","z",1108
"336","69d2b8672541083658fc0f45","4","Faces","m",7,"faces_325_v_optimized","m",1414
"337","69d2b8672541083658fc0f45","4","Faces","z",4,"faces_280_h_optimized","m",1226
"338","69d2b8672541083658fc0f45","4","People","m",7,"people_173_h_optimized","z",2173
"339","69d2b8672541083658fc0f45","4","Objects","m",8,"objects_326_h_optimized","m",619
"340","69d2b8672541083658fc0f45","4","Objects","m",6,"objects_294_h_optimized","m",864
"341","69d2b8672541083658fc0f45","4","Faces","m",6,"faces_045_h_optimized","m",892
"342","69d2b8672541083658fc0f45","4","Animals","z",2,"animals_054_h_optimized","z",2248
"343","69d2b8672541083658fc0f45","4","Faces","z",2,"faces_159_h_optimized","z",1732
"344","69d2b8672541083658fc0f45","4","People","z",2,"people_220_h_optimized","z",1359
"345","69d2b8672541083658fc0f45","4","Faces","m",8,"faces_089_h_optimized","m",2638
"346","69d2b8672541083658fc0f45","4","People","m",6,"people_163_v_optimized","m",1160
"347","69d2b8672541083658fc0f45","5","Faces","z",3,"faces_146_h_optimized","z",1931
"348","69d2b8672541083658fc0f45","5","People","z",2,"people_211_v_optimized","z",1686
"349","69d2b8672541083658fc0f45","5","Faces","z",4,"faces_037_h_optimized","m",916
"350","69d2b8672541083658fc0f45","5","Objects","z",4,"objects_235_h_optimized","m",1488
"351","69d2b8672541083658fc0f45","5","Faces","m",7,"faces_330_v_optimized","m",1624
"352","69d2b8672541083658fc0f45","5","People","z",3,"people_133_h_optimized","z",2307
"353","69d2b8672541083658fc0f45","5","Objects","m",6,"objects_250_h_optimized","m",1638
"354","69d2b8672541083658fc0f45","5","Objects","m",8,"objects_327_h_optimized","m",1315
"355","69d2b8672541083658fc0f45","5","Faces","z",2,"faces_143_v_optimized","z",1736
"356","69d2b8672541083658fc0f45","5","Faces","m",6,"faces_062_v_optimized","z",1762
"357","69d2b8672541083658fc0f45","5","Animals","m",8,"animals_220_h_optimized","m",1520
"358","69d2b8672541083658fc0f45","5","Animals","z",2,"animals_071_h_optimized","z",1764
"359","69d2b8672541083658fc0f45","5","Objects","m",7,"objects_254_h_optimized","m",1566
"360","69d2b8672541083658fc0f45","5","Faces","m",8,"faces_109_v_optimized","m",935
"361","69d2b8672541083658fc0f45","5","People","z",4,"people_073_v_optimized","z",2215
"362","69d2b8672541083658fc0f45","5","People","m",6,"people_248_h_optimized","m",1774
"363","69d2b8672541083658fc0f45","5","Objects","z",3,"objects_144_h_optimized","z",1752
"364","69d2b8672541083658fc0f45","6","Faces","z",3,"faces_291_h_optimized","m",1673
"365","69d2b8672541083658fc0f45","6","Landscapes","m",8,"landscapes_168_h_optimized","m",3820
"366","69d2b8672541083658fc0f45","6","Landscapes","m",6,"landscapes_069_v_optimized","z",3002
"367","69d2b8672541083658fc0f45","6","Faces","m",7,"faces_347_h_optimized","z",2610
"368","69d2b8672541083658fc0f45","6","Objects","m",8,"objects_084_v_optimized","z",2488
"369","69d2b8672541083658fc0f45","6","People","z",2,"people_205_v_optimized","z",2229
"370","69d2b8672541083658fc0f45","6","Objects","z",3,"objects_132_h_optimized","m",1740
"371","69d2b8672541083658fc0f45","6","Faces","z",4,"faces_014_h_optimized","z",1768
"372","69d2b8672541083658fc0f45","6","Animals","m",7,"animals_169_h_optimized","m",1823
"373","69d2b8672541083658fc0f45","6","Animals","m",6,"animals_150_h_optimized","m",2033
"374","69d2b8672541083658fc0f45","6","Objects","m",6,"objects_203_v_optimized","m",1683
"375","69d2b8672541083658fc0f45","6","Objects","m",7,"objects_171_h_optimized","m",1650
"376","69d2b8672541083658fc0f45","6","Objects","z",4,"objects_236_h_optimized","z",2525
"377","69d2b8672541083658fc0f45","6","Animals","m",8,"animals_201_h_optimized","m",1724
"378","69d2b8672541083658fc0f45","6","Faces","z",2,"faces_010_h_optimized","z",1969
"379","69d2b8672541083658fc0f45","6","People","z",3,"people_082_h_optimized","m",1758
"380","69d2b8672541083658fc0f45","6","Faces","z",2,"faces_145_v_optimized","z",1763
"381","69d2b8672541083658fc0f45","7","Objects","m",6,"objects_198_h_optimized","m",1470
"382","69d2b8672541083658fc0f45","7","Faces","z",2,"faces_371_v_optimized","z",3109
"383","69d2b8672541083658fc0f45","7","Faces","z",3,"faces_302_h_optimized","z",2601
"384","69d2b8672541083658fc0f45","7","Animals","m",7,"animals_170_h_optimized","z",1644
"385","69d2b8672541083658fc0f45","7","Landscapes","m",7,"landscapes_059_v_optimized","z",3341
"386","69d2b8672541083658fc0f45","7","Objects","m",7,"objects_100_v_optimized","z",1999
"387","69d2b8672541083658fc0f45","7","Animals","m",8,"animals_184_h_optimized","z",1372
"388","69d2b8672541083658fc0f45","7","Landscapes","m",6,"landscapes_042_h_optimized","m",571
"389","69d2b8672541083658fc0f45","7","Animals","z",4,"animals_036_h_optimized","m",651
"390","69d2b8672541083658fc0f45","7","Objects","z",3,"objects_121_v_optimized","z",437
"391","69d2b8672541083658fc0f45","7","Animals","m",6,"animals_144_h_optimized","z",906
"392","69d2b8672541083658fc0f45","7","Objects","z",4,"objects_215_v_optimized","z",801
"393","69d2b8672541083658fc0f45","7","Objects","m",8,"objects_077_h_optimized","m",486
"394","69d2b8672541083658fc0f45","7","Faces","z",2,"faces_149_v_optimized","m",1205
"395","69d2b8672541083658fc0f45","7","Faces","z",4,"faces_015_h_optimized","z",1583
"396","69d2b8672541083658fc0f45","7","Animals","z",3,"animals_045_h_optimized","z",1185
"397","69d2b8672541083658fc0f45","7","Landscapes","m",8,"landscapes_165_h_optimized","z",890
"398","69d2b8672541083658fc0f45","8","Landscapes","m",7,"landscapes_143_h_optimized","z",615
"399","69d2b8672541083658fc0f45","8","Animals","z",3,"animals_060_h_optimized","z",807
"400","69d2b8672541083658fc0f45","8","People","m",8,"people_110_h_optimized","z",888
"401","69d2b8672541083658fc0f45","8","Landscapes","m",6,"landscapes_055_h_optimized","m",742
"402","69d2b8672541083658fc0f45","8","Animals","z",4,"animals_052__optimized","m",646
"403","69d2b8672541083658fc0f45","8","Landscapes","m",8,"landscapes_123_h_optimized","m",549
"404","69d2b8672541083658fc0f45","8","Animals","m",8,"animals_177_h_optimized","m",1306
"405","69d2b8672541083658fc0f45","8","Animals","m",6,"animals_119_h_optimized","m",591
"406","69d2b8672541083658fc0f45","8","Objects","z",4,"objects_156_v_optimized","z",1964
"407","69d2b8672541083658fc0f45","8","Objects","m",7,"objects_075_h_optimized","z",589
"408","69d2b8672541083658fc0f45","8","Objects","m",6,"objects_201_v_optimized","z",722
"409","69d2b8672541083658fc0f45","8","Objects","z",2,"objects_149_h_optimized","m",1438
"410","69d2b8672541083658fc0f45","8","Landscapes","z",3,"landscapes_004_h_optimized","z",479
"411","69d2b8672541083658fc0f45","8","Animals","m",7,"animals_206_h_optimized","m",934
"412","69d2b8672541083658fc0f45","8","Faces","z",2,"faces_364_v_optimized","z",1867
"413","69d2b8672541083658fc0f45","8","Objects","z",3,"objects_022_h_optimized","z",1147
"414","69d2b8672541083658fc0f45","8","Landscapes","z",4,"landscapes_074_h_optimized","z",1450
"415","69d454217ba1e1dde3db1187","1","Faces","z",2,"faces_365_v_optimized","z",1327
"416","69d454217ba1e1dde3db1187","1","Objects","m",6,"objects_316_h_optimized","m",1511
"417","69d454217ba1e1dde3db1187","1","Objects","z",4,"objects_136_h_optimized","z",2744
"418","69d454217ba1e1dde3db1187","1","Animals","z",3,"animals_038_h_optimized","z",2729
"419","69d454217ba1e1dde3db1187","1","Animals","z",4,"animals_065_h_optimized","z",2571
"420","69d454217ba1e1dde3db1187","1","Objects","m",7,"objects_323_h_optimized","m",2598
"421","69d454217ba1e1dde3db1187","1","Animals","z",2,"animals_078_h_optimized","z",3317
"422","69d454217ba1e1dde3db1187","1","Landscapes","z",3,"landscapes_118_v_optimized","z",2490
"423","69d454217ba1e1dde3db1187","1","Landscapes","m",8,"landscapes_116_v_optimized","m",1638
"424","69d454217ba1e1dde3db1187","1","Objects","m",7,"objects_063_v_optimized","z",2244
"425","69d454217ba1e1dde3db1187","1","Animals","m",7,"animals_202_h_optimized","m",2444
"426","69d454217ba1e1dde3db1187","1","Objects","z",3,"objects_007_h_optimized","z",1225
"427","69d454217ba1e1dde3db1187","1","People","m",8,"people_113_h_optimized","m",4041
"428","69d454217ba1e1dde3db1187","1","Landscapes","z",4,"landscapes_070_h_optimized","z",6846
"429","69d454217ba1e1dde3db1187","1","Animals","m",6,"animals_055_h_optimized","m",2342
"430","69d454217ba1e1dde3db1187","1","Objects","m",6,"objects_193_v_optimized","z",3060
"431","69d454217ba1e1dde3db1187","1","Objects","z",2,"objects_139_h_optimized","z",2241
"432","69d454217ba1e1dde3db1187","1","Animals","m",8,"animals_166_v_optimized","m",4121
"433","69d454217ba1e1dde3db1187","2","Animals","z",2,"animals_077_h_optimized","z",3070
"434","69d454217ba1e1dde3db1187","2","Objects","m",7,"objects_291_h_optimized","m",3155
"435","69d454217ba1e1dde3db1187","2","Faces","m",6,"faces_020_h_optimized","z",1516
"436","69d454217ba1e1dde3db1187","2","Animals","z",4,"animals_073_h_optimized","m",2388
"437","69d454217ba1e1dde3db1187","2","Animals","z",3,"animals_037_h_optimized","m",2698
"438","69d454217ba1e1dde3db1187","2","Landscapes","z",3,"landscapes_007_h_optimized","z",1282
"439","69d454217ba1e1dde3db1187","2","Objects","m",7,"objects_052_h_optimized","m",1596
"440","69d454217ba1e1dde3db1187","2","Objects","m",6,"objects_061_h_optimized","z",3164
"441","69d454217ba1e1dde3db1187","2","Objects","z",4,"objects_318_h_optimized","z",3595
"442","69d454217ba1e1dde3db1187","2","Animals","m",8,"animals_156_h_optimized","m",1561
"443","69d454217ba1e1dde3db1187","2","Landscapes","m",8,"landscapes_096_h_optimized","m",1969
"444","69d454217ba1e1dde3db1187","2","Faces","m",7,"faces_242_h_optimized","z",1161
"445","69d454217ba1e1dde3db1187","2","Objects","z",3,"objects_004_h_optimized","m",3296
"446","69d454217ba1e1dde3db1187","2","Objects","z",2,"objects_125_h_optimized","z",1521
"447","69d454217ba1e1dde3db1187","2","Objects","m",6,"objects_309_h_optimized","m",1738
"448","69d454217ba1e1dde3db1187","2","People","m",8,"people_172_v_optimized","m",6163
"449","69d454217ba1e1dde3db1187","2","Objects","z",4,"objects_116_v_optimized","z",3755
"450","69d454217ba1e1dde3db1187","2","Faces","z",2,"faces_366_h_optimized","z",20064
"451","69d454217ba1e1dde3db1187","3","Faces","z",3,"faces_003_h_optimized","z",2127
"452","69d454217ba1e1dde3db1187","3","Animals","z",2,"animals_074_h_optimized","z",3158
"453","69d454217ba1e1dde3db1187","3","Objects","m",6,"objects_297_h_optimized","m",4035
"454","69d454217ba1e1dde3db1187","3","Faces","m",8,"faces_002_v_optimized","m",4166
"455","69d454217ba1e1dde3db1187","3","Faces","m",7,"faces_243_v_optimized","m",6530
"456","69d454217ba1e1dde3db1187","3","People","m",7,"people_180_h_optimized","m",1584
"457","69d454217ba1e1dde3db1187","3","Objects","z",4,"objects_287_h_optimized","z",1427
"458","69d454217ba1e1dde3db1187","3","Faces","z",2,"faces_367_h_optimized","z",3035
"459","69d454217ba1e1dde3db1187","3","Faces","m",6,"faces_040_h_optimized","z",5226
"460","69d454217ba1e1dde3db1187","3","Objects","z",3,"objects_157_h_optimized","z",3752
"461","69d454217ba1e1dde3db1187","3","Faces","z",4,"faces_279_h_optimized","z",4567
"462","69d454217ba1e1dde3db1187","3","People","m",6,"people_138_h_optimized","m",2360
"463","69d454217ba1e1dde3db1187","3","Objects","z",4,"objects_017_v_optimized","z",3544
"464","69d454217ba1e1dde3db1187","3","People","z",2,"people_246__optimized","z",4558
"465","69d454217ba1e1dde3db1187","3","Objects","z",3,"objects_001_h_optimized","z",2665
"466","69d454217ba1e1dde3db1187","3","Objects","m",7,"objects_272_h_optimized","m",2855
"467","69d454217ba1e1dde3db1187","3","Landscapes","m",8,"landscapes_141_h_optimized","z",4710
"468","69d454217ba1e1dde3db1187","4","Faces","z",3,"faces_007_h_optimized","z",2794
"469","69d454217ba1e1dde3db1187","4","Faces","z",2,"faces_159_h_optimized","z",2214
"470","69d454217ba1e1dde3db1187","4","People","z",4,"people_080_h_optimized","z",2503
"471","69d454217ba1e1dde3db1187","4","Faces","m",7,"faces_325_v_optimized","z",3452
"472","69d454217ba1e1dde3db1187","4","Objects","m",8,"objects_326_h_optimized","m",2803
"473","69d454217ba1e1dde3db1187","4","Objects","z",4,"objects_242_h_optimized","z",3691
"474","69d454217ba1e1dde3db1187","4","Faces","m",6,"faces_045_h_optimized","m",2586
"475","69d454217ba1e1dde3db1187","4","People","m",6,"people_163_v_optimized","m",2066
"476","69d454217ba1e1dde3db1187","4","Faces","z",4,"faces_280_h_optimized","z",2292
"477","69d454217ba1e1dde3db1187","4","People","m",7,"people_173_h_optimized","m",3381
"478","69d454217ba1e1dde3db1187","4","Objects","z",3,"objects_011_h_optimized","z",2522
"479","69d454217ba1e1dde3db1187","4","Objects","m",6,"objects_294_h_optimized","m",2228
"480","69d454217ba1e1dde3db1187","4","People","z",2,"people_220_h_optimized","z",2315
"481","69d454217ba1e1dde3db1187","4","Animals","z",2,"animals_054_h_optimized","m",3588
"482","69d454217ba1e1dde3db1187","4","Objects","m",7,"objects_270_h_optimized","m",1951
"483","69d454217ba1e1dde3db1187","4","Objects","z",3,"objects_154_h_optimized","z",3240
"484","69d454217ba1e1dde3db1187","4","Faces","m",8,"faces_089_h_optimized","z",3215
"485","69d454217ba1e1dde3db1187","5","Animals","m",8,"animals_220_h_optimized","z",9498
"486","69d454217ba1e1dde3db1187","5","People","m",6,"people_248_h_optimized","m",2538
"487","69d454217ba1e1dde3db1187","5","Faces","z",3,"faces_146_h_optimized","z",2158
"488","69d454217ba1e1dde3db1187","5","Faces","m",7,"faces_330_v_optimized","m",1766
"489","69d454217ba1e1dde3db1187","5","People","z",4,"people_073_v_optimized","m",5379
"490","69d454217ba1e1dde3db1187","5","Faces","z",2,"faces_143_v_optimized","z",1727
"491","69d454217ba1e1dde3db1187","5","Objects","z",4,"objects_235_h_optimized","m",4552
"492","69d454217ba1e1dde3db1187","5","People","z",2,"people_211_v_optimized","z",3006
"493","69d454217ba1e1dde3db1187","5","People","z",3,"people_133_h_optimized","m",2764
"494","69d454217ba1e1dde3db1187","5","Faces","m",8,"faces_109_v_optimized","m",1205
"495","69d454217ba1e1dde3db1187","5","Objects","z",3,"objects_144_h_optimized","z",2168
"496","69d454217ba1e1dde3db1187","5","Faces","m",6,"faces_062_v_optimized","z",1815
"497","69d454217ba1e1dde3db1187","5","Objects","m",6,"objects_250_h_optimized","m",1107
"498","69d454217ba1e1dde3db1187","5","Objects","m",8,"objects_327_h_optimized","m",905
"499","69d454217ba1e1dde3db1187","5","Objects","m",7,"objects_254_h_optimized","z",1607
"500","69d454217ba1e1dde3db1187","5","Faces","z",4,"faces_037_h_optimized","m",1170
"501","69d454217ba1e1dde3db1187","5","Animals","z",2,"animals_071_h_optimized","z",1805
"502","69d454217ba1e1dde3db1187","6","People","z",3,"people_082_h_optimized","z",1887
"503","69d454217ba1e1dde3db1187","6","Faces","z",4,"faces_014_h_optimized","z",2018
"504","69d454217ba1e1dde3db1187","6","Faces","z",3,"faces_291_h_optimized","z",3952
"505","69d454217ba1e1dde3db1187","6","Landscapes","m",8,"landscapes_168_h_optimized","m",1715
"506","69d454217ba1e1dde3db1187","6","Landscapes","m",6,"landscapes_069_v_optimized","z",2382
"507","69d454217ba1e1dde3db1187","6","Objects","m",8,"objects_084_v_optimized","m",2090
"508","69d454217ba1e1dde3db1187","6","Faces","z",2,"faces_145_v_optimized","z",1831
"509","69d454217ba1e1dde3db1187","6","Animals","m",8,"animals_201_h_optimized","m",4851
"510","69d454217ba1e1dde3db1187","6","Animals","m",7,"animals_169_h_optimized","m",8389
"511","69d454217ba1e1dde3db1187","6","Objects","z",3,"objects_132_h_optimized","z",1664
"512","69d454217ba1e1dde3db1187","6","Faces","m",7,"faces_347_h_optimized","z",20385
"513","69d454217ba1e1dde3db1187","6","Faces","z",2,"faces_010_h_optimized","z",2342
"514","69d454217ba1e1dde3db1187","6","People","z",2,"people_205_v_optimized","z",2456
"515","69d454217ba1e1dde3db1187","6","Objects","z",4,"objects_236_h_optimized","z",4283
"516","69d454217ba1e1dde3db1187","6","Objects","m",6,"objects_203_v_optimized","z",5966
"517","69d454217ba1e1dde3db1187","6","Objects","m",7,"objects_171_h_optimized","m",1726
"518","69d454217ba1e1dde3db1187","6","Animals","m",6,"animals_150_h_optimized","z",2221
"519","69d454217ba1e1dde3db1187","7","Objects","m",8,"objects_077_h_optimized","m",1583
"520","69d454217ba1e1dde3db1187","7","Faces","z",3,"faces_302_h_optimized","z",1325
"521","69d454217ba1e1dde3db1187","7","Faces","z",2,"faces_371_v_optimized","z",1355
"522","69d454217ba1e1dde3db1187","7","Animals","m",6,"animals_144_h_optimized","m",3053
"523","69d454217ba1e1dde3db1187","7","Landscapes","m",6,"landscapes_042_h_optimized","m",2143
"524","69d454217ba1e1dde3db1187","7","Faces","z",4,"faces_015_h_optimized","z",2232
"525","69d454217ba1e1dde3db1187","7","Animals","m",8,"animals_184_h_optimized","m",2071
"526","69d454217ba1e1dde3db1187","7","Objects","z",4,"objects_215_v_optimized","m",1888
"527","69d454217ba1e1dde3db1187","7","Animals","z",4,"animals_036_h_optimized","m",4872
"528","69d454217ba1e1dde3db1187","7","Animals","m",7,"animals_170_h_optimized","m",1780
"529","69d454217ba1e1dde3db1187","7","Faces","z",2,"faces_149_v_optimized","z",9931
"530","69d454217ba1e1dde3db1187","7","Landscapes","m",8,"landscapes_165_h_optimized","m",2246
"531","69d454217ba1e1dde3db1187","7","Objects","m",6,"objects_198_h_optimized","m",37760
"532","69d454217ba1e1dde3db1187","7","Landscapes","m",7,"landscapes_059_v_optimized","z",1724
"533","69d454217ba1e1dde3db1187","7","Objects","m",7,"objects_100_v_optimized","z",3569
"534","69d454217ba1e1dde3db1187","7","Objects","z",3,"objects_121_v_optimized","z",2144
"535","69d454217ba1e1dde3db1187","7","Animals","z",3,"animals_045_h_optimized","z",2322
"536","69d454217ba1e1dde3db1187","8","Landscapes","m",6,"landscapes_055_h_optimized","m",2021
"537","69d454217ba1e1dde3db1187","8","Objects","z",3,"objects_022_h_optimized","z",4941
"538","69d454217ba1e1dde3db1187","8","Objects","z",4,"objects_156_v_optimized","z",9666
"539","69d454217ba1e1dde3db1187","8","Objects","z",2,"objects_149_h_optimized","z",2234
"540","69d454217ba1e1dde3db1187","8","Objects","m",7,"objects_075_h_optimized","m",2478
"541","69d454217ba1e1dde3db1187","8","People","m",8,"people_110_h_optimized","m",1504
"542","69d454217ba1e1dde3db1187","8","Animals","m",7,"animals_206_h_optimized","m",2092
"543","69d454217ba1e1dde3db1187","8","Landscapes","z",3,"landscapes_004_h_optimized","z",1664
"544","69d454217ba1e1dde3db1187","8","Animals","m",6,"animals_119_h_optimized","m",2576
"545","69d454217ba1e1dde3db1187","8","Landscapes","z",4,"landscapes_074_h_optimized","z",3037
"546","69d454217ba1e1dde3db1187","8","Landscapes","m",8,"landscapes_123_h_optimized","m",4475
"547","69d454217ba1e1dde3db1187","8","Animals","z",3,"animals_060_h_optimized","m",5863
"548","69d454217ba1e1dde3db1187","8","Animals","m",8,"animals_177_h_optimized","m",2491
"549","69d454217ba1e1dde3db1187","8","Animals","z",4,"animals_052__optimized","m",2456
"550","69d454217ba1e1dde3db1187","8","Objects","m",6,"objects_201_v_optimized","m",8168
"551","69d454217ba1e1dde3db1187","8","Landscapes","m",7,"landscapes_143_h_optimized","z",1011
"552","69d454217ba1e1dde3db1187","8","Faces","z",2,"faces_364_v_optimized","z",2084
"553","69dfb1b667293231fb257ebf","1","Objects","m",7,"objects_063_v_optimized","m",2733
"554","69dfb1b667293231fb257ebf","1","Landscapes","z",3,"landscapes_118_v_optimized","z",3559
"555","69dfb1b667293231fb257ebf","1","Animals","z",2,"animals_078_h_optimized","z",3617
"556","69dfb1b667293231fb257ebf","1","Objects","z",2,"objects_139_h_optimized","z",3725
"557","69dfb1b667293231fb257ebf","1","Animals","m",6,"animals_055_h_optimized","m",2827
"558","69dfb1b667293231fb257ebf","1","Animals","z",4,"animals_065_h_optimized","z",2802
"559","69dfb1b667293231fb257ebf","1","Objects","m",7,"objects_323_h_optimized","m",2186
"560","69dfb1b667293231fb257ebf","1","Landscapes","z",4,"landscapes_070_h_optimized","z",2003
"561","69dfb1b667293231fb257ebf","1","Animals","z",3,"animals_038_h_optimized","z",3829
"562","69dfb1b667293231fb257ebf","1","Faces","z",2,"faces_365_v_optimized","z",2160
"563","69dfb1b667293231fb257ebf","1","Objects","z",4,"objects_136_h_optimized","z",2776
"564","69dfb1b667293231fb257ebf","1","Landscapes","m",8,"landscapes_116_v_optimized","m",2185
"565","69dfb1b667293231fb257ebf","1","People","m",8,"people_113_h_optimized","m",2526
"566","69dfb1b667293231fb257ebf","1","Objects","m",6,"objects_316_h_optimized","m",1526
"567","69dfb1b667293231fb257ebf","1","Animals","m",7,"animals_202_h_optimized","m",2587
"568","69dfb1b667293231fb257ebf","1","Objects","z",3,"objects_007_h_optimized","z",3391
"569","69dfb1b667293231fb257ebf","1","Animals","m",8,"animals_166_v_optimized","m",1591
"570","69dfb1b667293231fb257ebf","1","Objects","m",6,"objects_193_v_optimized","m",3389
"571","69dfb1b667293231fb257ebf","2","Objects","m",7,"objects_052_h_optimized","m",2908
"572","69dfb1b667293231fb257ebf","2","Faces","z",2,"faces_366_h_optimized","z",3233
"573","69dfb1b667293231fb257ebf","2","People","m",8,"people_172_v_optimized","m",2820
"574","69dfb1b667293231fb257ebf","2","Objects","z",3,"objects_004_h_optimized","z",3386
"575","69dfb1b667293231fb257ebf","2","Objects","m",6,"objects_309_h_optimized","m",2670
"576","69dfb1b667293231fb257ebf","2","Objects","z",2,"objects_125_h_optimized","z",2676
"577","69dfb1b667293231fb257ebf","2","Animals","m",8,"animals_156_h_optimized","m",2719
"578","69dfb1b667293231fb257ebf","2","Objects","z",4,"objects_116_v_optimized","m",4377
"579","69dfb1b667293231fb257ebf","2","Animals","z",3,"animals_037_h_optimized","z",3931
"580","69dfb1b667293231fb257ebf","2","Objects","m",7,"objects_291_h_optimized","m",2537
"581","69dfb1b667293231fb257ebf","2","Landscapes","m",8,"landscapes_096_h_optimized","m",2464
"582","69dfb1b667293231fb257ebf","2","Faces","m",6,"faces_020_h_optimized","m",5933
"583","69dfb1b667293231fb257ebf","2","Animals","z",2,"animals_077_h_optimized","z",4275
"584","69dfb1b667293231fb257ebf","2","Landscapes","z",3,"landscapes_007_h_optimized","m",3137
"585","69dfb1b667293231fb257ebf","2","Objects","z",4,"objects_318_h_optimized","m",3473
"586","69dfb1b667293231fb257ebf","2","Animals","z",4,"animals_073_h_optimized","z",4049
"587","69dfb1b667293231fb257ebf","2","Faces","m",7,"faces_242_h_optimized","z",4592
"588","69dfb1b667293231fb257ebf","2","Objects","m",6,"objects_061_h_optimized","m",2293
"589","69dfb1b667293231fb257ebf","3","People","m",6,"people_138_h_optimized","z",4835
"590","69dfb1b667293231fb257ebf","3","Faces","m",8,"faces_002_v_optimized","z",3832
"591","69dfb1b667293231fb257ebf","3","Faces","z",2,"faces_367_h_optimized","z",3278
"592","69dfb1b667293231fb257ebf","3","Faces","z",4,"faces_279_h_optimized","z",3302
"593","69dfb1b667293231fb257ebf","3","Faces","m",6,"faces_040_h_optimized","m",3642
"594","69dfb1b667293231fb257ebf","3","Objects","m",7,"objects_272_h_optimized","m",4054
"595","69dfb1b667293231fb257ebf","3","Objects","z",4,"objects_017_v_optimized","z",2577
"596","69dfb1b667293231fb257ebf","3","People","m",7,"people_180_h_optimized","m",2550
"597","69dfb1b667293231fb257ebf","3","Objects","z",3,"objects_001_h_optimized","z",3638
"598","69dfb1b667293231fb257ebf","3","Animals","z",2,"animals_074_h_optimized","m",4251
"599","69dfb1b667293231fb257ebf","3","Landscapes","m",8,"landscapes_141_h_optimized","m",2178
"600","69dfb1b667293231fb257ebf","3","Objects","z",4,"objects_287_h_optimized","z",4834
"601","69dfb1b667293231fb257ebf","3","Faces","m",7,"faces_243_v_optimized","m",2017
"602","69dfb1b667293231fb257ebf","3","Objects","m",6,"objects_297_h_optimized","z",1348
"603","69dfb1b667293231fb257ebf","3","People","z",2,"people_246__optimized","z",1411
"604","69dfb1b667293231fb257ebf","3","Faces","z",3,"faces_003_h_optimized","z",1719
"605","69dfb1b667293231fb257ebf","3","Objects","z",3,"objects_157_h_optimized","m",1357
"606","69dfb1b667293231fb257ebf","4","Faces","m",8,"faces_089_h_optimized","m",1883
"607","69dfb1b667293231fb257ebf","4","Faces","z",4,"faces_280_h_optimized","z",1518
"608","69dfb1b667293231fb257ebf","4","Objects","z",4,"objects_242_h_optimized","z",3231
"609","69dfb1b667293231fb257ebf","4","People","z",4,"people_080_h_optimized","z",2382
"610","69dfb1b667293231fb257ebf","4","Objects","z",3,"objects_011_h_optimized","z",1244
"611","69dfb1b667293231fb257ebf","4","People","z",2,"people_220_h_optimized","z",2474
"612","69dfb1b667293231fb257ebf","4","People","m",7,"people_173_h_optimized","z",3080
"613","69dfb1b667293231fb257ebf","4","Faces","z",2,"faces_159_h_optimized","z",1235
"614","69dfb1b667293231fb257ebf","4","Faces","m",6,"faces_045_h_optimized","m",2471
"615","69dfb1b667293231fb257ebf","4","Faces","m",7,"faces_325_v_optimized","z",2403
"616","69dfb1b667293231fb257ebf","4","Faces","z",3,"faces_007_h_optimized","z",2430
"617","69dfb1b667293231fb257ebf","4","Objects","m",7,"objects_270_h_optimized","m",3133
"618","69dfb1b667293231fb257ebf","4","Objects","m",8,"objects_326_h_optimized","m",2120
"619","69dfb1b667293231fb257ebf","4","Objects","z",3,"objects_154_h_optimized","z",3380
"620","69dfb1b667293231fb257ebf","4","Objects","m",6,"objects_294_h_optimized","m",3225
"621","69dfb1b667293231fb257ebf","4","Animals","z",2,"animals_054_h_optimized","z",3523
"622","69dfb1b667293231fb257ebf","4","People","m",6,"people_163_v_optimized","m",2693
"623","69dfb1b667293231fb257ebf","5","People","z",3,"people_133_h_optimized","m",2729
"624","69dfb1b667293231fb257ebf","5","Animals","m",8,"animals_220_h_optimized","m",1284
"625","69dfb1b667293231fb257ebf","5","Faces","m",8,"faces_109_v_optimized","m",2036
"626","69dfb1b667293231fb257ebf","5","Objects","m",6,"objects_250_h_optimized","m",1762
"627","69dfb1b667293231fb257ebf","5","Faces","m",6,"faces_062_v_optimized","m",4501
"628","69dfb1b667293231fb257ebf","5","People","m",6,"people_248_h_optimized","m",2876
"629","69dfb1b667293231fb257ebf","5","Objects","z",4,"objects_235_h_optimized","z",1386
"630","69dfb1b667293231fb257ebf","5","Faces","m",7,"faces_330_v_optimized","m",4856
"631","69dfb1b667293231fb257ebf","5","Animals","z",2,"animals_071_h_optimized","z",4035
"632","69dfb1b667293231fb257ebf","5","Faces","z",3,"faces_146_h_optimized","z",2123
"633","69dfb1b667293231fb257ebf","5","Faces","z",2,"faces_143_v_optimized","z",1623
"634","69dfb1b667293231fb257ebf","5","Faces","z",4,"faces_037_h_optimized","z",2064
"635","69dfb1b667293231fb257ebf","5","Objects","m",8,"objects_327_h_optimized","m",2518
"636","69dfb1b667293231fb257ebf","5","Objects","m",7,"objects_254_h_optimized","m",1605
"637","69dfb1b667293231fb257ebf","5","People","z",2,"people_211_v_optimized","z",1724
"638","69dfb1b667293231fb257ebf","5","People","z",4,"people_073_v_optimized","m",1599
"639","69dfb1b667293231fb257ebf","5","Objects","z",3,"objects_144_h_optimized","z",1333
"640","69dfb1b667293231fb257ebf","6","Landscapes","m",8,"landscapes_168_h_optimized","m",5592
"641","69dfb1b667293231fb257ebf","6","Animals","m",6,"animals_150_h_optimized","m",1442
"642","69dfb1b667293231fb257ebf","6","Faces","z",3,"faces_291_h_optimized","m",2803
"643","69dfb1b667293231fb257ebf","6","Faces","z",4,"faces_014_h_optimized","m",2911
"644","69dfb1b667293231fb257ebf","6","Faces","m",7,"faces_347_h_optimized","z",2005
"645","69dfb1b667293231fb257ebf","6","Faces","z",2,"faces_010_h_optimized","z",3003
"646","69dfb1b667293231fb257ebf","6","Objects","m",6,"objects_203_v_optimized","m",2628
"647","69dfb1b667293231fb257ebf","6","People","z",3,"people_082_h_optimized","m",2097
"648","69dfb1b667293231fb257ebf","6","Landscapes","m",6,"landscapes_069_v_optimized","m",4804
"649","69dfb1b667293231fb257ebf","6","Objects","m",8,"objects_084_v_optimized","z",2577
"650","69dfb1b667293231fb257ebf","6","Animals","m",7,"animals_169_h_optimized","m",1929
"651","69dfb1b667293231fb257ebf","6","Objects","z",4,"objects_236_h_optimized","m",1427
"652","69dfb1b667293231fb257ebf","6","Animals","m",8,"animals_201_h_optimized","m",1993
"653","69dfb1b667293231fb257ebf","6","People","z",2,"people_205_v_optimized","z",4577
"654","69dfb1b667293231fb257ebf","6","Objects","z",3,"objects_132_h_optimized","m",2338
"655","69dfb1b667293231fb257ebf","6","Faces","z",2,"faces_145_v_optimized","z",2748
"656","69dfb1b667293231fb257ebf","6","Objects","m",7,"objects_171_h_optimized","m",722
"657","69dfb1b667293231fb257ebf","7","Landscapes","m",7,"landscapes_059_v_optimized","m",2751
"658","69dfb1b667293231fb257ebf","7","Animals","m",8,"animals_184_h_optimized","m",1785
"659","69dfb1b667293231fb257ebf","7","Faces","z",2,"faces_149_v_optimized","z",2782
"660","69dfb1b667293231fb257ebf","7","Faces","z",3,"faces_302_h_optimized","m",924
"661","69dfb1b667293231fb257ebf","7","Animals","m",6,"animals_144_h_optimized","m",2360
"662","69dfb1b667293231fb257ebf","7","Objects","z",4,"objects_215_v_optimized","z",1948
"663","69dfb1b667293231fb257ebf","7","Landscapes","m",6,"landscapes_042_h_optimized","m",1412
"664","69dfb1b667293231fb257ebf","7","Objects","z",3,"objects_121_v_optimized","z",2203
"665","69dfb1b667293231fb257ebf","7","Objects","m",6,"objects_198_h_optimized","m",2412
"666","69dfb1b667293231fb257ebf","7","Animals","m",7,"animals_170_h_optimized","m",1715
"667","69dfb1b667293231fb257ebf","7","Animals","z",3,"animals_045_h_optimized","z",1603
"668","69dfb1b667293231fb257ebf","7","Objects","m",8,"objects_077_h_optimized","m",1485
"669","69dfb1b667293231fb257ebf","7","Faces","z",4,"faces_015_h_optimized","z",2410
"670","69dfb1b667293231fb257ebf","7","Faces","z",2,"faces_371_v_optimized","z",1176
"671","69dfb1b667293231fb257ebf","7","Objects","m",7,"objects_100_v_optimized","m",1562
"672","69dfb1b667293231fb257ebf","7","Animals","z",4,"animals_036_h_optimized","m",2572
"673","69dfb1b667293231fb257ebf","7","Landscapes","m",8,"landscapes_165_h_optimized","m",1148
"674","69dfb1b667293231fb257ebf","8","Animals","z",3,"animals_060_h_optimized","z",2730
"675","69dfb1b667293231fb257ebf","8","Landscapes","z",3,"landscapes_004_h_optimized","z",1082
"676","69dfb1b667293231fb257ebf","8","Objects","z",2,"objects_149_h_optimized","z",4804
"677","69dfb1b667293231fb257ebf","8","Animals","m",7,"animals_206_h_optimized","z",3656
"678","69dfb1b667293231fb257ebf","8","Landscapes","m",6,"landscapes_055_h_optimized","z",4543
"679","69dfb1b667293231fb257ebf","8","Objects","m",7,"objects_075_h_optimized","z",4274
"680","69dfb1b667293231fb257ebf","8","Animals","m",6,"animals_119_h_optimized","z",2829
"681","69dfb1b667293231fb257ebf","8","People","m",8,"people_110_h_optimized","m",1316
"682","69dfb1b667293231fb257ebf","8","Objects","z",4,"objects_156_v_optimized","z",4014
"683","69dfb1b667293231fb257ebf","8","Faces","z",2,"faces_364_v_optimized","z",2786
"684","69dfb1b667293231fb257ebf","8","Objects","z",3,"objects_022_h_optimized","z",3313
"685","69dfb1b667293231fb257ebf","8","Animals","m",8,"animals_177_h_optimized","m",2821
"686","69dfb1b667293231fb257ebf","8","Animals","z",4,"animals_052__optimized","m",1568
"687","69dfb1b667293231fb257ebf","8","Landscapes","m",8,"landscapes_123_h_optimized","m",1877
"688","69dfb1b667293231fb257ebf","8","Landscapes","m",7,"landscapes_143_h_optimized","m",3116
"689","69dfb1b667293231fb257ebf","8","Objects","m",6,"objects_201_v_optimized","z",1514
"690","69dfb1b667293231fb257ebf","8","Landscapes","z",4,"landscapes_074_h_optimized","z",2033
"691","69e112f785f66398ad4436bf","1","Objects","m",7,"objects_063_v_optimized","m",2727
"692","69e112f785f66398ad4436bf","1","Objects","z",2,"objects_139_h_optimized","z",786
"693","69e112f785f66398ad4436bf","1","Faces","z",2,"faces_365_v_optimized","z",638
"694","69e112f785f66398ad4436bf","1","Landscapes","z",3,"landscapes_118_v_optimized","z",2227
"695","69e112f785f66398ad4436bf","1","Animals","m",6,"animals_055_h_optimized","m",2631
"696","69e112f785f66398ad4436bf","1","Animals","z",2,"animals_078_h_optimized","z",3327
"697","69e112f785f66398ad4436bf","1","People","m",8,"people_113_h_optimized","m",1502
"698","69e112f785f66398ad4436bf","1","Objects","m",6,"objects_316_h_optimized","m",1183
"699","69e112f785f66398ad4436bf","1","Landscapes","m",8,"landscapes_116_v_optimized","m",1434
"700","69e112f785f66398ad4436bf","1","Objects","m",7,"objects_323_h_optimized","m",1173
"701","69e112f785f66398ad4436bf","1","Animals","m",7,"animals_202_h_optimized","m",771
"702","69e112f785f66398ad4436bf","1","Landscapes","z",4,"landscapes_070_h_optimized","z",1323
"703","69e112f785f66398ad4436bf","1","Animals","z",3,"animals_038_h_optimized","z",1133
"704","69e112f785f66398ad4436bf","1","Objects","z",4,"objects_136_h_optimized","z",1234
"705","69e112f785f66398ad4436bf","1","Animals","z",4,"animals_065_h_optimized","m",2290
"706","69e112f785f66398ad4436bf","1","Objects","m",6,"objects_193_v_optimized","m",1663
"707","69e112f785f66398ad4436bf","1","Objects","z",3,"objects_007_h_optimized","z",1302
"708","69e112f785f66398ad4436bf","1","Animals","m",8,"animals_166_v_optimized","m",1329
"709","69e112f785f66398ad4436bf","2","Landscapes","m",8,"landscapes_096_h_optimized","m",1094
"710","69e112f785f66398ad4436bf","2","Objects","z",3,"objects_004_h_optimized","m",1303
"711","69e112f785f66398ad4436bf","2","Animals","z",2,"animals_077_h_optimized","m",949
"712","69e112f785f66398ad4436bf","2","Objects","z",4,"objects_318_h_optimized","m",1324
"713","69e112f785f66398ad4436bf","2","Faces","m",7,"faces_242_h_optimized","m",1346
"714","69e112f785f66398ad4436bf","2","Objects","m",7,"objects_291_h_optimized","m",1479
"715","69e112f785f66398ad4436bf","2","People","m",8,"people_172_v_optimized","m",913
"716","69e112f785f66398ad4436bf","2","Objects","z",4,"objects_116_v_optimized","z",1396
"717","69e112f785f66398ad4436bf","2","Objects","m",7,"objects_052_h_optimized","m",1316
"718","69e112f785f66398ad4436bf","2","Animals","m",8,"animals_156_h_optimized","m",1502
"719","69e112f785f66398ad4436bf","2","Animals","z",4,"animals_073_h_optimized","z",866
"720","69e112f785f66398ad4436bf","2","Objects","m",6,"objects_061_h_optimized","m",1392
"721","69e112f785f66398ad4436bf","2","Objects","z",2,"objects_125_h_optimized","z",768
"722","69e112f785f66398ad4436bf","2","Animals","z",3,"animals_037_h_optimized","z",1215
"723","69e112f785f66398ad4436bf","2","Faces","z",2,"faces_366_h_optimized","z",1192
"724","69e112f785f66398ad4436bf","2","Landscapes","z",3,"landscapes_007_h_optimized","z",1158
"725","69e112f785f66398ad4436bf","2","Objects","m",6,"objects_309_h_optimized","m",1164
"726","69e112f785f66398ad4436bf","2","Faces","m",6,"faces_020_h_optimized","m",1273
"727","69e112f785f66398ad4436bf","3","Objects","m",6,"objects_297_h_optimized","m",1429
"728","69e112f785f66398ad4436bf","3","Objects","z",3,"objects_157_h_optimized","z",2034
"729","69e112f785f66398ad4436bf","3","Objects","z",4,"objects_287_h_optimized","z",2003
"730","69e112f785f66398ad4436bf","3","Landscapes","m",8,"landscapes_141_h_optimized","m",1499
"731","69e112f785f66398ad4436bf","3","Faces","m",7,"faces_243_v_optimized","z",2016
"732","69e112f785f66398ad4436bf","3","Faces","z",4,"faces_279_h_optimized","z",3268
"733","69e112f785f66398ad4436bf","3","Faces","m",8,"faces_002_v_optimized","m",1938
"734","69e112f785f66398ad4436bf","3","People","z",2,"people_246__optimized","z",965
"735","69e112f785f66398ad4436bf","3","Objects","z",4,"objects_017_v_optimized","z",2075
"736","69e112f785f66398ad4436bf","3","Objects","z",3,"objects_001_h_optimized","z",1679
"737","69e112f785f66398ad4436bf","3","Faces","z",2,"faces_367_h_optimized","z",1177
"738","69e112f785f66398ad4436bf","3","People","m",6,"people_138_h_optimized","m",1671
"739","69e112f785f66398ad4436bf","3","Animals","z",2,"animals_074_h_optimized","z",1669
"740","69e112f785f66398ad4436bf","3","Objects","m",7,"objects_272_h_optimized","m",1712
"741","69e112f785f66398ad4436bf","3","Faces","z",3,"faces_003_h_optimized","m",1717
"742","69e112f785f66398ad4436bf","3","People","m",7,"people_180_h_optimized","m",972
"743","69e112f785f66398ad4436bf","3","Faces","m",6,"faces_040_h_optimized","m",1768
"744","69e112f785f66398ad4436bf","4","Objects","m",6,"objects_294_h_optimized","m",2884
"745","69e112f785f66398ad4436bf","4","Faces","m",8,"faces_089_h_optimized","m",1753
"746","69e112f785f66398ad4436bf","4","Faces","z",3,"faces_007_h_optimized","z",1536
"747","69e112f785f66398ad4436bf","4","Objects","z",4,"objects_242_h_optimized","z",1504
"748","69e112f785f66398ad4436bf","4","Faces","m",7,"faces_325_v_optimized","m",1949
"749","69e112f785f66398ad4436bf","4","Faces","z",2,"faces_159_h_optimized","z",755
"750","69e112f785f66398ad4436bf","4","Objects","m",7,"objects_270_h_optimized","m",1792
"751","69e112f785f66398ad4436bf","4","Faces","z",4,"faces_280_h_optimized","z",1889
"752","69e112f785f66398ad4436bf","4","Objects","m",8,"objects_326_h_optimized","m",1407
"753","69e112f785f66398ad4436bf","4","People","m",7,"people_173_h_optimized","m",2387
"754","69e112f785f66398ad4436bf","4","Animals","z",2,"animals_054_h_optimized","m",1826
"755","69e112f785f66398ad4436bf","4","People","z",4,"people_080_h_optimized","z",867
"756","69e112f785f66398ad4436bf","4","Objects","z",3,"objects_011_h_optimized","z",1207
"757","69e112f785f66398ad4436bf","4","People","m",6,"people_163_v_optimized","m",1348
"758","69e112f785f66398ad4436bf","4","People","z",2,"people_220_h_optimized","z",902
"759","69e112f785f66398ad4436bf","4","Objects","z",3,"objects_154_h_optimized","z",1085
"760","69e112f785f66398ad4436bf","4","Faces","m",6,"faces_045_h_optimized","z",1979
"761","69e112f785f66398ad4436bf","5","Faces","m",6,"faces_062_v_optimized","z",2347
"762","69e112f785f66398ad4436bf","5","Faces","m",8,"faces_109_v_optimized","z",1949
"763","69e112f785f66398ad4436bf","5","Animals","z",2,"animals_071_h_optimized","z",1220
"764","69e112f785f66398ad4436bf","5","Objects","m",7,"objects_254_h_optimized","m",1969
"765","69e112f785f66398ad4436bf","5","People","z",4,"people_073_v_optimized","m",3082
"766","69e112f785f66398ad4436bf","5","Faces","z",4,"faces_037_h_optimized","z",2484
"767","69e112f785f66398ad4436bf","5","People","z",2,"people_211_v_optimized","z",1593
"768","69e112f785f66398ad4436bf","5","Faces","m",7,"faces_330_v_optimized","m",1392
"769","69e112f785f66398ad4436bf","5","Faces","z",2,"faces_143_v_optimized","z",938
"770","69e112f785f66398ad4436bf","5","Animals","m",8,"animals_220_h_optimized","m",2092
"771","69e112f785f66398ad4436bf","5","Objects","z",4,"objects_235_h_optimized","z",1502
"772","69e112f785f66398ad4436bf","5","Faces","z",3,"faces_146_h_optimized","m",1758
"773","69e112f785f66398ad4436bf","5","People","z",3,"people_133_h_optimized","m",1581
"774","69e112f785f66398ad4436bf","5","Objects","z",3,"objects_144_h_optimized","z",1126
"775","69e112f785f66398ad4436bf","5","Objects","m",6,"objects_250_h_optimized","m",1848
"776","69e112f785f66398ad4436bf","5","Objects","m",8,"objects_327_h_optimized","m",1290
"777","69e112f785f66398ad4436bf","5","People","m",6,"people_248_h_optimized","m",1495
"778","69e112f785f66398ad4436bf","6","Animals","m",7,"animals_169_h_optimized","m",1084
"779","69e112f785f66398ad4436bf","6","Faces","z",3,"faces_291_h_optimized","z",1099
"780","69e112f785f66398ad4436bf","6","Landscapes","m",8,"landscapes_168_h_optimized","m",1991
"781","69e112f785f66398ad4436bf","6","Faces","m",7,"faces_347_h_optimized","z",1822
"782","69e112f785f66398ad4436bf","6","People","z",3,"people_082_h_optimized","z",1419
"783","69e112f785f66398ad4436bf","6","Objects","z",3,"objects_132_h_optimized","z",1613
"784","69e112f785f66398ad4436bf","6","Landscapes","m",6,"landscapes_069_v_optimized","z",1769
"785","69e112f785f66398ad4436bf","6","Objects","m",6,"objects_203_v_optimized","z",1505
"786","69e112f785f66398ad4436bf","6","Animals","m",8,"animals_201_h_optimized","m",2029
"787","69e112f785f66398ad4436bf","6","Objects","m",8,"objects_084_v_optimized","m",1446
"788","69e112f785f66398ad4436bf","6","People","z",2,"people_205_v_optimized","z",1670
"789","69e112f785f66398ad4436bf","6","Objects","z",4,"objects_236_h_optimized","z",1786
"790","69e112f785f66398ad4436bf","6","Objects","m",7,"objects_171_h_optimized","m",1078
"791","69e112f785f66398ad4436bf","6","Faces","z",2,"faces_010_h_optimized","z",943
"792","69e112f785f66398ad4436bf","6","Faces","z",4,"faces_014_h_optimized","m",2088
"793","69e112f785f66398ad4436bf","6","Animals","m",6,"animals_150_h_optimized","m",728
"794","69e112f785f66398ad4436bf","6","Faces","z",2,"faces_145_v_optimized","z",663
"795","69e112f785f66398ad4436bf","7","Animals","m",6,"animals_144_h_optimized","m",1981
"796","69e112f785f66398ad4436bf","7","Landscapes","m",8,"landscapes_165_h_optimized","m",1303
"797","69e112f785f66398ad4436bf","7","Faces","z",2,"faces_149_v_optimized","z",1137
"798","69e112f785f66398ad4436bf","7","Landscapes","m",6,"landscapes_042_h_optimized","m",1222
"799","69e112f785f66398ad4436bf","7","Landscapes","m",7,"landscapes_059_v_optimized","m",2066
"800","69e112f785f66398ad4436bf","7","Objects","z",3,"objects_121_v_optimized","z",1403
"801","69e112f785f66398ad4436bf","7","Animals","z",4,"animals_036_h_optimized","z",2047
"802","69e112f785f66398ad4436bf","7","Objects","m",8,"objects_077_h_optimized","m",1163
"803","69e112f785f66398ad4436bf","7","Faces","z",4,"faces_015_h_optimized","m",1801
"804","69e112f785f66398ad4436bf","7","Animals","m",8,"animals_184_h_optimized","m",470
"805","69e112f785f66398ad4436bf","7","Objects","z",4,"objects_215_v_optimized","z",2280
"806","69e112f785f66398ad4436bf","7","Animals","z",3,"animals_045_h_optimized","z",1345
"807","69e112f785f66398ad4436bf","7","Faces","z",3,"faces_302_h_optimized","m",1969
"808","69e112f785f66398ad4436bf","7","Faces","z",2,"faces_371_v_optimized","z",1692
"809","69e112f785f66398ad4436bf","7","Objects","m",6,"objects_198_h_optimized","m",2238
"810","69e112f785f66398ad4436bf","7","Animals","m",7,"animals_170_h_optimized","m",1558
"811","69e112f785f66398ad4436bf","7","Objects","m",7,"objects_100_v_optimized","m",1247
"812","69e112f785f66398ad4436bf","8","Landscapes","z",3,"landscapes_004_h_optimized","z",964
"813","69e112f785f66398ad4436bf","8","Objects","z",2,"objects_149_h_optimized","z",1225
"814","69e112f785f66398ad4436bf","8","People","m",8,"people_110_h_optimized","m",954
"815","69e112f785f66398ad4436bf","8","Objects","z",4,"objects_156_v_optimized","z",1333
"816","69e112f785f66398ad4436bf","8","Animals","m",8,"animals_177_h_optimized","m",1283
"817","69e112f785f66398ad4436bf","8","Objects","m",6,"objects_201_v_optimized","z",2010
"818","69e112f785f66398ad4436bf","8","Objects","z",3,"objects_022_h_optimized","z",1806
"819","69e112f785f66398ad4436bf","8","Landscapes","z",4,"landscapes_074_h_optimized","z",2063
"820","69e112f785f66398ad4436bf","8","Animals","z",4,"animals_052__optimized","z",1339
"821","69e112f785f66398ad4436bf","8","Animals","z",3,"animals_060_h_optimized","z",1231
"822","69e112f785f66398ad4436bf","8","Animals","m",6,"animals_119_h_optimized","m",1001
"823","69e112f785f66398ad4436bf","8","Landscapes","m",8,"landscapes_123_h_optimized","m",1033
"824","69e112f785f66398ad4436bf","8","Landscapes","m",7,"landscapes_143_h_optimized","z",1088
"825","69e112f785f66398ad4436bf","8","Animals","m",7,"animals_206_h_optimized","m",732
"826","69e112f785f66398ad4436bf","8","Faces","z",2,"faces_364_v_optimized","z",745
"827","69e112f785f66398ad4436bf","8","Landscapes","m",6,"landscapes_055_h_optimized","m",1305
"828","69e112f785f66398ad4436bf","8","Objects","m",7,"objects_075_h_optimized","m",1587
"829","69e142b895d9393cd23ec58d","1","Objects","m",7,"objects_063_v_optimized","z",707
"830","69e142b895d9393cd23ec58d","1","Objects","m",7,"objects_323_h_optimized","m",2817
"831","69e142b895d9393cd23ec58d","1","Animals","z",4,"animals_065_h_optimized","z",1956
"832","69e142b895d9393cd23ec58d","1","Animals","m",7,"animals_202_h_optimized","m",2474
"833","69e142b895d9393cd23ec58d","1","Landscapes","m",8,"landscapes_116_v_optimized","m",15203
"834","69e142b895d9393cd23ec58d","1","Faces","z",2,"faces_365_v_optimized","z",1441
"835","69e142b895d9393cd23ec58d","1","Animals","m",6,"animals_055_h_optimized","m",2051
"836","69e142b895d9393cd23ec58d","1","Objects","z",4,"objects_136_h_optimized","z",7613
"837","69e142b895d9393cd23ec58d","1","People","m",8,"people_113_h_optimized","m",2503
"838","69e142b895d9393cd23ec58d","1","Objects","z",2,"objects_139_h_optimized","z",2624
"839","69e142b895d9393cd23ec58d","1","Landscapes","z",3,"landscapes_118_v_optimized","m",3087
"840","69e142b895d9393cd23ec58d","1","Animals","z",3,"animals_038_h_optimized","z",1860
"841","69e142b895d9393cd23ec58d","1","Objects","z",3,"objects_007_h_optimized","z",2142
"842","69e142b895d9393cd23ec58d","1","Animals","z",2,"animals_078_h_optimized","z",3055
"843","69e142b895d9393cd23ec58d","1","Objects","m",6,"objects_193_v_optimized","z",1716
"844","69e142b895d9393cd23ec58d","1","Objects","m",6,"objects_316_h_optimized","m",1495
"845","69e142b895d9393cd23ec58d","1","Landscapes","z",4,"landscapes_070_h_optimized","m",1836
"846","69e142b895d9393cd23ec58d","1","Animals","m",8,"animals_166_v_optimized","m",1772
"847","69e142b895d9393cd23ec58d","2","Animals","z",2,"animals_077_h_optimized","z",1986
"848","69e142b895d9393cd23ec58d","2","Animals","z",4,"animals_073_h_optimized","z",3273
"849","69e142b895d9393cd23ec58d","2","Animals","z",3,"animals_037_h_optimized","z",1797
"850","69e142b895d9393cd23ec58d","2","Objects","z",3,"objects_004_h_optimized","m",2889
"851","69e142b895d9393cd23ec58d","2","Animals","m",8,"animals_156_h_optimized","z",10670
"852","69e142b895d9393cd23ec58d","2","Objects","m",7,"objects_291_h_optimized","z",2355
"853","69e142b895d9393cd23ec58d","2","Faces","m",7,"faces_242_h_optimized","m",2751
"854","69e142b895d9393cd23ec58d","2","Faces","z",2,"faces_366_h_optimized","z",3263
"855","69e142b895d9393cd23ec58d","2","Landscapes","z",3,"landscapes_007_h_optimized","m",3814
"856","69e142b895d9393cd23ec58d","2","Objects","z",4,"objects_318_h_optimized","m",1680
"857","69e142b895d9393cd23ec58d","2","Objects","m",6,"objects_061_h_optimized","m",3367
"858","69e142b895d9393cd23ec58d","2","Landscapes","m",8,"landscapes_096_h_optimized","m",1977
"859","69e142b895d9393cd23ec58d","2","People","m",8,"people_172_v_optimized","m",1965
"860","69e142b895d9393cd23ec58d","2","Objects","m",6,"objects_309_h_optimized","m",1218
"861","69e142b895d9393cd23ec58d","2","Faces","m",6,"faces_020_h_optimized","z",2166
"862","69e142b895d9393cd23ec58d","2","Objects","m",7,"objects_052_h_optimized","m",4396
"863","69e142b895d9393cd23ec58d","2","Objects","z",4,"objects_116_v_optimized","m",35811
"864","69e142b895d9393cd23ec58d","2","Objects","z",2,"objects_125_h_optimized","z",1961
"865","69e142b895d9393cd23ec58d","3","Objects","z",4,"objects_017_v_optimized","z",1859
"866","69e142b895d9393cd23ec58d","3","Objects","m",7,"objects_272_h_optimized","m",2399
"867","69e142b895d9393cd23ec58d","3","Faces","m",6,"faces_040_h_optimized","z",1289
"868","69e142b895d9393cd23ec58d","3","Faces","m",7,"faces_243_v_optimized","z",1289
"869","69e142b895d9393cd23ec58d","3","Faces","z",3,"faces_003_h_optimized","z",1621
"870","69e142b895d9393cd23ec58d","3","Objects","z",3,"objects_001_h_optimized","z",1579
"871","69e142b895d9393cd23ec58d","3","Landscapes","m",8,"landscapes_141_h_optimized","m",2431
"872","69e142b895d9393cd23ec58d","3","Faces","z",4,"faces_279_h_optimized","m",1999
"873","69e142b895d9393cd23ec58d","3","Objects","z",4,"objects_287_h_optimized","z",1596
"874","69e142b895d9393cd23ec58d","3","People","m",7,"people_180_h_optimized","m",1821
"875","69e142b895d9393cd23ec58d","3","Faces","m",8,"faces_002_v_optimized","z",1358
"876","69e142b895d9393cd23ec58d","3","People","z",2,"people_246__optimized","z",1060
"877","69e142b895d9393cd23ec58d","3","Faces","z",2,"faces_367_h_optimized","z",1036
"878","69e142b895d9393cd23ec58d","3","Objects","m",6,"objects_297_h_optimized","m",1486
"879","69e142b895d9393cd23ec58d","3","Animals","z",2,"animals_074_h_optimized","z",989
"880","69e142b895d9393cd23ec58d","3","Objects","z",3,"objects_157_h_optimized","z",1250
"881","69e142b895d9393cd23ec58d","3","People","m",6,"people_138_h_optimized","z",1002
"882","69e142b895d9393cd23ec58d","4","Faces","m",6,"faces_045_h_optimized","m",1752
"883","69e142b895d9393cd23ec58d","4","Faces","z",4,"faces_280_h_optimized","z",2621
"884","69e142b895d9393cd23ec58d","4","People","m",6,"people_163_v_optimized","z",2133
"885","69e142b895d9393cd23ec58d","4","Objects","z",4,"objects_242_h_optimized","m",1790
"886","69e142b895d9393cd23ec58d","4","Objects","z",3,"objects_154_h_optimized","z",1196
"887","69e142b895d9393cd23ec58d","4","Animals","z",2,"animals_054_h_optimized","z",1959
"888","69e142b895d9393cd23ec58d","4","Objects","m",8,"objects_326_h_optimized","z",845
"889","69e142b895d9393cd23ec58d","4","Faces","m",8,"faces_089_h_optimized","z",1344
"890","69e142b895d9393cd23ec58d","4","Objects","m",7,"objects_270_h_optimized","m",963
"891","69e142b895d9393cd23ec58d","4","People","m",7,"people_173_h_optimized","m",1129
"892","69e142b895d9393cd23ec58d","4","Faces","z",3,"faces_007_h_optimized","m",952
"893","69e142b895d9393cd23ec58d","4","Faces","m",7,"faces_325_v_optimized","m",1822
"894","69e142b895d9393cd23ec58d","4","People","z",4,"people_080_h_optimized","z",1390
"895","69e142b895d9393cd23ec58d","4","People","z",2,"people_220_h_optimized","z",1246
"896","69e142b895d9393cd23ec58d","4","Objects","m",6,"objects_294_h_optimized","m",1415
"897","69e142b895d9393cd23ec58d","4","Objects","z",3,"objects_011_h_optimized","z",3781
"898","69e142b895d9393cd23ec58d","4","Faces","z",2,"faces_159_h_optimized","z",1420
"899","69e142b895d9393cd23ec58d","5","Objects","m",8,"objects_327_h_optimized","z",1073
"900","69e142b895d9393cd23ec58d","5","Objects","m",7,"objects_254_h_optimized","m",990
"901","69e142b895d9393cd23ec58d","5","Faces","m",6,"faces_062_v_optimized","z",1142
"902","69e142b895d9393cd23ec58d","5","Objects","z",4,"objects_235_h_optimized","m",1189
"903","69e142b895d9393cd23ec58d","5","Faces","m",8,"faces_109_v_optimized","m",1607
"904","69e142b895d9393cd23ec58d","5","Objects","m",6,"objects_250_h_optimized","z",1914
"905","69e142b895d9393cd23ec58d","5","Faces","z",2,"faces_143_v_optimized","z",1584
"906","69e142b895d9393cd23ec58d","5","Animals","z",2,"animals_071_h_optimized","z",1763
"907","69e142b895d9393cd23ec58d","5","Objects","z",3,"objects_144_h_optimized","z",1193
"908","69e142b895d9393cd23ec58d","5","Animals","m",8,"animals_220_h_optimized","m",1845
"909","69e142b895d9393cd23ec58d","5","People","m",6,"people_248_h_optimized","z",953
"910","69e142b895d9393cd23ec58d","5","Faces","z",4,"faces_037_h_optimized","z",1964
"911","69e142b895d9393cd23ec58d","5","Faces","z",3,"faces_146_h_optimized","z",1384
"912","69e142b895d9393cd23ec58d","5","Faces","m",7,"faces_330_v_optimized","z",1067
"913","69e142b895d9393cd23ec58d","5","People","z",4,"people_073_v_optimized","z",1508
"914","69e142b895d9393cd23ec58d","5","People","z",3,"people_133_h_optimized","m",1230
"915","69e142b895d9393cd23ec58d","5","People","z",2,"people_211_v_optimized","z",925
"916","69e142b895d9393cd23ec58d","6","Animals","m",6,"animals_150_h_optimized","z",3640
"917","69e142b895d9393cd23ec58d","6","Landscapes","m",6,"landscapes_069_v_optimized","z",1330
"918","69e142b895d9393cd23ec58d","6","Objects","z",4,"objects_236_h_optimized","z",1095
"919","69e142b895d9393cd23ec58d","6","Animals","m",8,"animals_201_h_optimized","m",1693
"920","69e142b895d9393cd23ec58d","6","People","z",3,"people_082_h_optimized","z",1487
"921","69e142b895d9393cd23ec58d","6","Objects","m",8,"objects_084_v_optimized","m",1188
"922","69e142b895d9393cd23ec58d","6","Objects","m",7,"objects_171_h_optimized","z",1644
"923","69e142b895d9393cd23ec58d","6","Faces","z",3,"faces_291_h_optimized","z",2552
"924","69e142b895d9393cd23ec58d","6","People","z",2,"people_205_v_optimized","z",1684
"925","69e142b895d9393cd23ec58d","6","Faces","z",2,"faces_145_v_optimized","z",1370
"926","69e142b895d9393cd23ec58d","6","Objects","m",6,"objects_203_v_optimized","z",964
"927","69e142b895d9393cd23ec58d","6","Faces","m",7,"faces_347_h_optimized","z",5025
"928","69e142b895d9393cd23ec58d","6","Animals","m",7,"animals_169_h_optimized","m",1485
"929","69e142b895d9393cd23ec58d","6","Faces","z",4,"faces_014_h_optimized","z",1961
"930","69e142b895d9393cd23ec58d","6","Objects","z",3,"objects_132_h_optimized","z",4076
"931","69e142b895d9393cd23ec58d","6","Faces","z",2,"faces_010_h_optimized","z",11725
"932","69e142b895d9393cd23ec58d","6","Landscapes","m",8,"landscapes_168_h_optimized","z",1028
"933","69e142b895d9393cd23ec58d","7","Objects","z",3,"objects_121_v_optimized","z",1639
"934","69e142b895d9393cd23ec58d","7","Animals","m",6,"animals_144_h_optimized","z",1190
"935","69e142b895d9393cd23ec58d","7","Landscapes","m",8,"landscapes_165_h_optimized","m",1240
"936","69e142b895d9393cd23ec58d","7","Objects","z",4,"objects_215_v_optimized","m",1386
"937","69e142b895d9393cd23ec58d","7","Objects","m",8,"objects_077_h_optimized","m",2956
"938","69e142b895d9393cd23ec58d","7","Objects","m",7,"objects_100_v_optimized","m",1404
"939","69e142b895d9393cd23ec58d","7","Faces","z",4,"faces_015_h_optimized","z",1386
"940","69e142b895d9393cd23ec58d","7","Faces","z",3,"faces_302_h_optimized","z",1750
"941","69e142b895d9393cd23ec58d","7","Animals","m",8,"animals_184_h_optimized","m",1161
"942","69e142b895d9393cd23ec58d","7","Landscapes","m",7,"landscapes_059_v_optimized","z",1290
"943","69e142b895d9393cd23ec58d","7","Faces","z",2,"faces_371_v_optimized","z",1926
"944","69e142b895d9393cd23ec58d","7","Faces","z",2,"faces_149_v_optimized","z",1264
"945","69e142b895d9393cd23ec58d","7","Animals","m",7,"animals_170_h_optimized","m",2687
"946","69e142b895d9393cd23ec58d","7","Landscapes","m",6,"landscapes_042_h_optimized","z",1023
"947","69e142b895d9393cd23ec58d","7","Animals","z",3,"animals_045_h_optimized","m",1600
"948","69e142b895d9393cd23ec58d","7","Animals","z",4,"animals_036_h_optimized","z",864
"949","69e142b895d9393cd23ec58d","7","Objects","m",6,"objects_198_h_optimized","m",1110
"950","69e142b895d9393cd23ec58d","8","People","m",8,"people_110_h_optimized","m",1658
"951","69e142b895d9393cd23ec58d","8","Animals","m",7,"animals_206_h_optimized","m",1095
"952","69e142b895d9393cd23ec58d","8","Animals","z",4,"animals_052__optimized","m",1086
"953","69e142b895d9393cd23ec58d","8","Objects","z",2,"objects_149_h_optimized","m",2286
"954","69e142b895d9393cd23ec58d","8","Objects","z",4,"objects_156_v_optimized","m",3350
"955","69e142b895d9393cd23ec58d","8","Faces","z",2,"faces_364_v_optimized","z",2901
"956","69e142b895d9393cd23ec58d","8","Animals","m",8,"animals_177_h_optimized","z",1206
"957","69e142b895d9393cd23ec58d","8","Objects","m",7,"objects_075_h_optimized","z",746
"958","69e142b895d9393cd23ec58d","8","Landscapes","m",8,"landscapes_123_h_optimized","z",1079
"959","69e142b895d9393cd23ec58d","8","Animals","m",6,"animals_119_h_optimized","z",1753
"960","69e142b895d9393cd23ec58d","8","Landscapes","m",7,"landscapes_143_h_optimized","m",2889
"961","69e142b895d9393cd23ec58d","8","Landscapes","z",4,"landscapes_074_h_optimized","z",1958
"962","69e142b895d9393cd23ec58d","8","Landscapes","m",6,"landscapes_055_h_optimized","z",713
"963","69e142b895d9393cd23ec58d","8","Animals","z",3,"animals_060_h_optimized","z",1047
"964","69e142b895d9393cd23ec58d","8","Landscapes","z",3,"landscapes_004_h_optimized","z",1231
"965","69e142b895d9393cd23ec58d","8","Objects","z",3,"objects_022_h_optimized","z",1448
"966","69e142b895d9393cd23ec58d","8","Objects","m",6,"objects_201_v_optimized","z",1085
"967","69e3fcb057c5f6b0cb34a3c0","1","Landscapes","z",3,"landscapes_118_v_optimized","z",1368
"968","69e3fcb057c5f6b0cb34a3c0","1","Animals","z",4,"animals_065_h_optimized","z",20639
"969","69e3fcb057c5f6b0cb34a3c0","1","Animals","m",8,"animals_166_v_optimized","m",2986
"970","69e3fcb057c5f6b0cb34a3c0","1","People","m",8,"people_113_h_optimized","m",2840
"971","69e3fcb057c5f6b0cb34a3c0","1","Animals","m",6,"animals_055_h_optimized","m",2565
"972","69e3fcb057c5f6b0cb34a3c0","1","Objects","m",7,"objects_323_h_optimized","m",1986
"973","69e3fcb057c5f6b0cb34a3c0","1","Objects","z",2,"objects_139_h_optimized","z",3294
"974","69e3fcb057c5f6b0cb34a3c0","1","Landscapes","z",4,"landscapes_070_h_optimized","m",4234
"975","69e3fcb057c5f6b0cb34a3c0","1","Landscapes","m",8,"landscapes_116_v_optimized","m",1440
"976","69e3fcb057c5f6b0cb34a3c0","1","Animals","z",3,"animals_038_h_optimized","z",3537
"977","69e3fcb057c5f6b0cb34a3c0","1","Animals","z",2,"animals_078_h_optimized","z",1997
"978","69e3fcb057c5f6b0cb34a3c0","1","Animals","m",7,"animals_202_h_optimized","m",2053
"979","69e3fcb057c5f6b0cb34a3c0","1","Objects","m",6,"objects_193_v_optimized","m",4947
"980","69e3fcb057c5f6b0cb34a3c0","1","Faces","z",2,"faces_365_v_optimized","z",2297
"981","69e3fcb057c5f6b0cb34a3c0","1","Objects","z",3,"objects_007_h_optimized","z",3022
"982","69e3fcb057c5f6b0cb34a3c0","1","Objects","z",4,"objects_136_h_optimized","m",3510
"983","69e3fcb057c5f6b0cb34a3c0","1","Objects","m",7,"objects_063_v_optimized","m",2814
"984","69e3fcb057c5f6b0cb34a3c0","1","Objects","m",6,"objects_316_h_optimized","m",2804
"985","69e3fcb057c5f6b0cb34a3c0","2","Animals","m",8,"animals_156_h_optimized","m",1842
"986","69e3fcb057c5f6b0cb34a3c0","2","Objects","z",3,"objects_004_h_optimized","m",2555
"987","69e3fcb057c5f6b0cb34a3c0","2","Objects","z",2,"objects_125_h_optimized","z",2027
"988","69e3fcb057c5f6b0cb34a3c0","2","People","m",8,"people_172_v_optimized","m",1690
"989","69e3fcb057c5f6b0cb34a3c0","2","Objects","m",7,"objects_291_h_optimized","m",1325
"990","69e3fcb057c5f6b0cb34a3c0","2","Objects","z",4,"objects_318_h_optimized","m",1673
"991","69e3fcb057c5f6b0cb34a3c0","2","Objects","m",7,"objects_052_h_optimized","m",2167
"992","69e3fcb057c5f6b0cb34a3c0","2","Landscapes","m",8,"landscapes_096_h_optimized","m",2277
"993","69e3fcb057c5f6b0cb34a3c0","2","Animals","z",3,"animals_037_h_optimized","z",3357
"994","69e3fcb057c5f6b0cb34a3c0","2","Faces","z",2,"faces_366_h_optimized","z",2190
"995","69e3fcb057c5f6b0cb34a3c0","2","Landscapes","z",3,"landscapes_007_h_optimized","z",3463
"996","69e3fcb057c5f6b0cb34a3c0","2","Animals","z",2,"animals_077_h_optimized","z",3562
"997","69e3fcb057c5f6b0cb34a3c0","2","Objects","m",6,"objects_061_h_optimized","z",3086
"998","69e3fcb057c5f6b0cb34a3c0","2","Objects","m",6,"objects_309_h_optimized","m",2387
"999","69e3fcb057c5f6b0cb34a3c0","2","Objects","z",4,"objects_116_v_optimized","z",5350
"1000","69e3fcb057c5f6b0cb34a3c0","2","Faces","m",6,"faces_020_h_optimized","z",6373
"1001","69e3fcb057c5f6b0cb34a3c0","2","Animals","z",4,"animals_073_h_optimized","z",3989
"1002","69e3fcb057c5f6b0cb34a3c0","2","Faces","m",7,"faces_242_h_optimized","z",2096
"1003","69e3fcb057c5f6b0cb34a3c0","3","Objects","m",7,"objects_272_h_optimized","m",2185
"1004","69e3fcb057c5f6b0cb34a3c0","3","Faces","z",2,"faces_367_h_optimized","z",1253
"1005","69e3fcb057c5f6b0cb34a3c0","3","Faces","m",7,"faces_243_v_optimized","z",3819
"1006","69e3fcb057c5f6b0cb34a3c0","3","Objects","z",3,"objects_001_h_optimized","z",2484
"1007","69e3fcb057c5f6b0cb34a3c0","3","Faces","m",6,"faces_040_h_optimized","z",4874
"1008","69e3fcb057c5f6b0cb34a3c0","3","Faces","m",8,"faces_002_v_optimized","m",4166
"1009","69e3fcb057c5f6b0cb34a3c0","3","Objects","z",4,"objects_017_v_optimized","z",1646
"1010","69e3fcb057c5f6b0cb34a3c0","3","People","m",6,"people_138_h_optimized","m",2920
"1011","69e3fcb057c5f6b0cb34a3c0","3","People","z",2,"people_246__optimized","z",5400
"1012","69e3fcb057c5f6b0cb34a3c0","3","Objects","m",6,"objects_297_h_optimized","m",1419
"1013","69e3fcb057c5f6b0cb34a3c0","3","Objects","z",4,"objects_287_h_optimized","z",2323
"1014","69e3fcb057c5f6b0cb34a3c0","3","People","m",7,"people_180_h_optimized","m",3026
"1015","69e3fcb057c5f6b0cb34a3c0","3","Objects","z",3,"objects_157_h_optimized","z",1899
"1016","69e3fcb057c5f6b0cb34a3c0","3","Faces","z",3,"faces_003_h_optimized","z",2735
"1017","69e3fcb057c5f6b0cb34a3c0","3","Landscapes","m",8,"landscapes_141_h_optimized","m",2187
"1018","69e3fcb057c5f6b0cb34a3c0","3","Animals","z",2,"animals_074_h_optimized","z",2104
"1019","69e3fcb057c5f6b0cb34a3c0","3","Faces","z",4,"faces_279_h_optimized","z",2728
"1020","69e3fcb057c5f6b0cb34a3c0","4","Objects","m",6,"objects_294_h_optimized","m",1536
"1021","69e3fcb057c5f6b0cb34a3c0","4","Objects","m",8,"objects_326_h_optimized","m",2757
"1022","69e3fcb057c5f6b0cb34a3c0","4","Faces","z",2,"faces_159_h_optimized","z",9317
"1023","69e3fcb057c5f6b0cb34a3c0","4","Faces","m",7,"faces_325_v_optimized","z",4471
"1024","69e3fcb057c5f6b0cb34a3c0","4","Faces","m",8,"faces_089_h_optimized","m",3266
"1025","69e3fcb057c5f6b0cb34a3c0","4","Faces","z",4,"faces_280_h_optimized","z",9898
"1026","69e3fcb057c5f6b0cb34a3c0","4","Faces","z",3,"faces_007_h_optimized","z",5706
"1027","69e3fcb057c5f6b0cb34a3c0","4","Objects","z",3,"objects_154_h_optimized","z",4937
"1028","69e3fcb057c5f6b0cb34a3c0","4","People","m",7,"people_173_h_optimized","m",3191
"1029","69e3fcb057c5f6b0cb34a3c0","4","Objects","m",7,"objects_270_h_optimized","m",4203
"1030","69e3fcb057c5f6b0cb34a3c0","4","Animals","z",2,"animals_054_h_optimized","m",2775
"1031","69e3fcb057c5f6b0cb34a3c0","4","People","m",6,"people_163_v_optimized","z",2754
"1032","69e3fcb057c5f6b0cb34a3c0","4","Objects","z",4,"objects_242_h_optimized","m",1863
"1033","69e3fcb057c5f6b0cb34a3c0","4","People","z",4,"people_080_h_optimized","z",2888
"1034","69e3fcb057c5f6b0cb34a3c0","4","Faces","m",6,"faces_045_h_optimized","m",2623
"1035","69e3fcb057c5f6b0cb34a3c0","4","People","z",2,"people_220_h_optimized","z",8735
"1036","69e3fcb057c5f6b0cb34a3c0","4","Objects","z",3,"objects_011_h_optimized","z",1918
"1037","69e3fcb057c5f6b0cb34a3c0","5","Objects","z",4,"objects_235_h_optimized","z",3043
"1038","69e3fcb057c5f6b0cb34a3c0","5","Animals","z",2,"animals_071_h_optimized","z",793
"1039","69e3fcb057c5f6b0cb34a3c0","5","Objects","m",7,"objects_254_h_optimized","m",1032
"1040","69e3fcb057c5f6b0cb34a3c0","5","Faces","m",7,"faces_330_v_optimized","m",1335
"1041","69e3fcb057c5f6b0cb34a3c0","5","Faces","z",2,"faces_143_v_optimized","z",1412
"1042","69e3fcb057c5f6b0cb34a3c0","5","People","z",4,"people_073_v_optimized","z",1976
"1043","69e3fcb057c5f6b0cb34a3c0","5","Objects","m",6,"objects_250_h_optimized","m",1268
"1044","69e3fcb057c5f6b0cb34a3c0","5","Objects","m",8,"objects_327_h_optimized","m",1626
"1045","69e3fcb057c5f6b0cb34a3c0","5","Faces","m",6,"faces_062_v_optimized","z",2546
"1046","69e3fcb057c5f6b0cb34a3c0","5","Faces","m",8,"faces_109_v_optimized","m",2181
"1047","69e3fcb057c5f6b0cb34a3c0","5","Animals","m",8,"animals_220_h_optimized","m",1800
"1048","69e3fcb057c5f6b0cb34a3c0","5","People","z",2,"people_211_v_optimized","z",1344
"1049","69e3fcb057c5f6b0cb34a3c0","5","Faces","z",4,"faces_037_h_optimized","m",2625
"1050","69e3fcb057c5f6b0cb34a3c0","5","Faces","z",3,"faces_146_h_optimized","m",2407
"1051","69e3fcb057c5f6b0cb34a3c0","5","People","z",3,"people_133_h_optimized","m",2050
"1052","69e3fcb057c5f6b0cb34a3c0","5","People","m",6,"people_248_h_optimized","m",1333
"1053","69e3fcb057c5f6b0cb34a3c0","5","Objects","z",3,"objects_144_h_optimized","m",1196
"1054","69e3fcb057c5f6b0cb34a3c0","6","Animals","m",6,"animals_150_h_optimized","m",1188
"1055","69e3fcb057c5f6b0cb34a3c0","6","Landscapes","m",8,"landscapes_168_h_optimized","m",1005
"1056","69e3fcb057c5f6b0cb34a3c0","6","Faces","z",2,"faces_145_v_optimized","z",1400
"1057","69e3fcb057c5f6b0cb34a3c0","6","Faces","z",2,"faces_010_h_optimized","z",1234
"1058","69e3fcb057c5f6b0cb34a3c0","6","Objects","m",6,"objects_203_v_optimized","z",2030
"1059","69e3fcb057c5f6b0cb34a3c0","6","Landscapes","m",6,"landscapes_069_v_optimized","m",1343
"1060","69e3fcb057c5f6b0cb34a3c0","6","Faces","m",7,"faces_347_h_optimized","m",1656
"1061","69e3fcb057c5f6b0cb34a3c0","6","People","z",3,"people_082_h_optimized","z",1483
"1062","69e3fcb057c5f6b0cb34a3c0","6","Faces","z",4,"faces_014_h_optimized","m",4046
"1063","69e3fcb057c5f6b0cb34a3c0","6","Objects","z",3,"objects_132_h_optimized","m",1582
"1064","69e3fcb057c5f6b0cb34a3c0","6","Objects","m",7,"objects_171_h_optimized","m",1880
"1065","69e3fcb057c5f6b0cb34a3c0","6","Animals","m",7,"animals_169_h_optimized","z",2466
"1066","69e3fcb057c5f6b0cb34a3c0","6","People","z",2,"people_205_v_optimized","z",1725
"1067","69e3fcb057c5f6b0cb34a3c0","6","Objects","z",4,"objects_236_h_optimized","z",1415
"1068","69e3fcb057c5f6b0cb34a3c0","6","Faces","z",3,"faces_291_h_optimized","z",2256
"1069","69e3fcb057c5f6b0cb34a3c0","6","Objects","m",8,"objects_084_v_optimized","m",1439
"1070","69e3fcb057c5f6b0cb34a3c0","6","Animals","m",8,"animals_201_h_optimized","m",2014
"1071","69e3fcb057c5f6b0cb34a3c0","7","Faces","z",2,"faces_371_v_optimized","z",1022
"1072","69e3fcb057c5f6b0cb34a3c0","7","Animals","m",7,"animals_170_h_optimized","z",8232
"1073","69e3fcb057c5f6b0cb34a3c0","7","Landscapes","m",7,"landscapes_059_v_optimized","m",1422
"1074","69e3fcb057c5f6b0cb34a3c0","7","Animals","z",3,"animals_045_h_optimized","z",978
"1075","69e3fcb057c5f6b0cb34a3c0","7","Faces","z",2,"faces_149_v_optimized","z",1214
"1076","69e3fcb057c5f6b0cb34a3c0","7","Faces","z",4,"faces_015_h_optimized","z",2873
"1077","69e3fcb057c5f6b0cb34a3c0","7","Objects","z",3,"objects_121_v_optimized","z",2356
"1078","69e3fcb057c5f6b0cb34a3c0","7","Landscapes","m",8,"landscapes_165_h_optimized","m",1227
"1079","69e3fcb057c5f6b0cb34a3c0","7","Objects","m",6,"objects_198_h_optimized","m",1942
"1080","69e3fcb057c5f6b0cb34a3c0","7","Faces","z",3,"faces_302_h_optimized","m",1620
"1081","69e3fcb057c5f6b0cb34a3c0","7","Animals","m",8,"animals_184_h_optimized","m",2314
"1082","69e3fcb057c5f6b0cb34a3c0","7","Animals","m",6,"animals_144_h_optimized","m",1534
"1083","69e3fcb057c5f6b0cb34a3c0","7","Objects","z",4,"objects_215_v_optimized","z",2616
"1084","69e3fcb057c5f6b0cb34a3c0","7","Objects","m",7,"objects_100_v_optimized","m",2394
"1085","69e3fcb057c5f6b0cb34a3c0","7","Objects","m",8,"objects_077_h_optimized","m",1589
"1086","69e3fcb057c5f6b0cb34a3c0","7","Animals","z",4,"animals_036_h_optimized","z",3165
"1087","69e3fcb057c5f6b0cb34a3c0","7","Landscapes","m",6,"landscapes_042_h_optimized","m",1429
"1088","69e3fcb057c5f6b0cb34a3c0","8","People","m",8,"people_110_h_optimized","z",1248
"1089","69e3fcb057c5f6b0cb34a3c0","8","Landscapes","z",4,"landscapes_074_h_optimized","z",9412
"1090","69e3fcb057c5f6b0cb34a3c0","8","Animals","m",8,"animals_177_h_optimized","m",1321
"1091","69e3fcb057c5f6b0cb34a3c0","8","Animals","m",7,"animals_206_h_optimized","m",1746
"1092","69e3fcb057c5f6b0cb34a3c0","8","Animals","z",4,"animals_052__optimized","m",2644
"1093","69e3fcb057c5f6b0cb34a3c0","8","Landscapes","m",7,"landscapes_143_h_optimized","m",3393
"1094","69e3fcb057c5f6b0cb34a3c0","8","Objects","z",2,"objects_149_h_optimized","z",3235
"1095","69e3fcb057c5f6b0cb34a3c0","8","Objects","m",6,"objects_201_v_optimized","m",3347
"1096","69e3fcb057c5f6b0cb34a3c0","8","Landscapes","z",3,"landscapes_004_h_optimized","z",1817
"1097","69e3fcb057c5f6b0cb34a3c0","8","Animals","m",6,"animals_119_h_optimized","m",1491
"1098","69e3fcb057c5f6b0cb34a3c0","8","Landscapes","m",8,"landscapes_123_h_optimized","m",1725
"1099","69e3fcb057c5f6b0cb34a3c0","8","Objects","z",4,"objects_156_v_optimized","z",2908
"1100","69e3fcb057c5f6b0cb34a3c0","8","Landscapes","m",6,"landscapes_055_h_optimized","z",2070
"1101","69e3fcb057c5f6b0cb34a3c0","8","Objects","z",3,"objects_022_h_optimized","z",5779
"1102","69e3fcb057c5f6b0cb34a3c0","8","Objects","m",7,"objects_075_h_optimized","z",2493
"1103","69e3fcb057c5f6b0cb34a3c0","8","Faces","z",2,"faces_364_v_optimized","z",1770
"1104","69e3fcb057c5f6b0cb34a3c0","8","Animals","z",3,"animals_060_h_optimized","z",2694
"1105","69e7bc846cba08f9ba801f73","1","Animals","m",8,"animals_166_v_optimized","m",1508
"1106","69e7bc846cba08f9ba801f73","1","Objects","m",6,"objects_316_h_optimized","m",1380
"1107","69e7bc846cba08f9ba801f73","1","Landscapes","z",4,"landscapes_070_h_optimized","z",1350
"1108","69e7bc846cba08f9ba801f73","1","Objects","m",7,"objects_063_v_optimized","m",1462
"1109","69e7bc846cba08f9ba801f73","1","Landscapes","m",8,"landscapes_116_v_optimized","m",1323
"1110","69e7bc846cba08f9ba801f73","1","Animals","z",2,"animals_078_h_optimized","z",1427
"1111","69e7bc846cba08f9ba801f73","1","Animals","m",6,"animals_055_h_optimized","m",1098
"1112","69e7bc846cba08f9ba801f73","1","Animals","z",3,"animals_038_h_optimized","z",1251
"1113","69e7bc846cba08f9ba801f73","1","Animals","z",4,"animals_065_h_optimized","m",1445
"1114","69e7bc846cba08f9ba801f73","1","Faces","z",2,"faces_365_v_optimized","z",912
"1115","69e7bc846cba08f9ba801f73","1","Objects","m",7,"objects_323_h_optimized","m",1234
"1116","69e7bc846cba08f9ba801f73","1","Objects","m",6,"objects_193_v_optimized","m",1813
"1117","69e7bc846cba08f9ba801f73","1","Objects","z",3,"objects_007_h_optimized","z",1154
"1118","69e7bc846cba08f9ba801f73","1","Landscapes","z",3,"landscapes_118_v_optimized","z",3655
"1119","69e7bc846cba08f9ba801f73","1","Animals","m",7,"animals_202_h_optimized","m",698
"1120","69e7bc846cba08f9ba801f73","1","People","m",8,"people_113_h_optimized","m",1048
"1121","69e7bc846cba08f9ba801f73","1","Objects","z",2,"objects_139_h_optimized","z",884
"1122","69e7bc846cba08f9ba801f73","1","Objects","z",4,"objects_136_h_optimized","z",1653
"1123","69e7bc846cba08f9ba801f73","2","Landscapes","z",3,"landscapes_007_h_optimized","z",1239
"1124","69e7bc846cba08f9ba801f73","2","Animals","z",4,"animals_073_h_optimized","m",1502
"1125","69e7bc846cba08f9ba801f73","2","People","m",8,"people_172_v_optimized","m",961
"1126","69e7bc846cba08f9ba801f73","2","Objects","m",6,"objects_309_h_optimized","m",1144
"1127","69e7bc846cba08f9ba801f73","2","Faces","m",6,"faces_020_h_optimized","m",1414
"1128","69e7bc846cba08f9ba801f73","2","Animals","z",2,"animals_077_h_optimized","z",2289
"1129","69e7bc846cba08f9ba801f73","2","Faces","z",2,"faces_366_h_optimized","z",868
"1130","69e7bc846cba08f9ba801f73","2","Objects","z",3,"objects_004_h_optimized","z",1253
"1131","69e7bc846cba08f9ba801f73","2","Objects","z",4,"objects_116_v_optimized","z",1037
"1132","69e7bc846cba08f9ba801f73","2","Animals","z",3,"animals_037_h_optimized","z",829
"1133","69e7bc846cba08f9ba801f73","2","Objects","z",4,"objects_318_h_optimized","m",1006
"1134","69e7bc846cba08f9ba801f73","2","Landscapes","m",8,"landscapes_096_h_optimized","m",951
"1135","69e7bc846cba08f9ba801f73","2","Objects","z",2,"objects_125_h_optimized","z",692
"1136","69e7bc846cba08f9ba801f73","2","Objects","m",7,"objects_291_h_optimized","m",1284
"1137","69e7bc846cba08f9ba801f73","2","Objects","m",6,"objects_061_h_optimized","z",1455
"1138","69e7bc846cba08f9ba801f73","2","Objects","m",7,"objects_052_h_optimized","m",1009
"1139","69e7bc846cba08f9ba801f73","2","Animals","m",8,"animals_156_h_optimized","z",948
"1140","69e7bc846cba08f9ba801f73","2","Faces","m",7,"faces_242_h_optimized","m",653
"1141","69e7bc846cba08f9ba801f73","3","Objects","z",3,"objects_157_h_optimized","z",1882
"1142","69e7bc846cba08f9ba801f73","3","Faces","z",3,"faces_003_h_optimized","z",1180
"1143","69e7bc846cba08f9ba801f73","3","Faces","z",4,"faces_279_h_optimized","z",806
"1144","69e7bc846cba08f9ba801f73","3","Objects","z",4,"objects_287_h_optimized","m",1112
"1145","69e7bc846cba08f9ba801f73","3","Animals","z",2,"animals_074_h_optimized","m",1467
"1146","69e7bc846cba08f9ba801f73","3","Faces","m",7,"faces_243_v_optimized","m",1276
"1147","69e7bc846cba08f9ba801f73","3","People","z",2,"people_246__optimized","z",775
"1148","69e7bc846cba08f9ba801f73","3","People","m",7,"people_180_h_optimized","m",816
"1149","69e7bc846cba08f9ba801f73","3","Objects","m",7,"objects_272_h_optimized","m",679
"1150","69e7bc846cba08f9ba801f73","3","Faces","z",2,"faces_367_h_optimized","z",640
"1151","69e7bc846cba08f9ba801f73","3","Objects","z",4,"objects_017_v_optimized","z",714
"1152","69e7bc846cba08f9ba801f73","3","People","m",6,"people_138_h_optimized","m",868
"1153","69e7bc846cba08f9ba801f73","3","Faces","m",6,"faces_040_h_optimized","z",2288
"1154","69e7bc846cba08f9ba801f73","3","Landscapes","m",8,"landscapes_141_h_optimized","m",1582
"1155","69e7bc846cba08f9ba801f73","3","Objects","m",6,"objects_297_h_optimized","z",821
"1156","69e7bc846cba08f9ba801f73","3","Faces","m",8,"faces_002_v_optimized","m",1253
"1157","69e7bc846cba08f9ba801f73","3","Objects","z",3,"objects_001_h_optimized","m",1615
"1158","69e7bc846cba08f9ba801f73","4","Faces","m",8,"faces_089_h_optimized","m",2365
"1159","69e7bc846cba08f9ba801f73","4","Objects","m",8,"objects_326_h_optimized","m",2318
"1160","69e7bc846cba08f9ba801f73","4","People","z",4,"people_080_h_optimized","z",1596
"1161","69e7bc846cba08f9ba801f73","4","Objects","z",4,"objects_242_h_optimized","m",1559
"1162","69e7bc846cba08f9ba801f73","4","Objects","m",7,"objects_270_h_optimized","z",2149
"1163","69e7bc846cba08f9ba801f73","4","Faces","m",6,"faces_045_h_optimized","m",2932
"1164","69e7bc846cba08f9ba801f73","4","Animals","z",2,"animals_054_h_optimized","z",1900
"1165","69e7bc846cba08f9ba801f73","4","Faces","z",3,"faces_007_h_optimized","z",1750
"1166","69e7bc846cba08f9ba801f73","4","Faces","m",7,"faces_325_v_optimized","m",1194
"1167","69e7bc846cba08f9ba801f73","4","People","m",7,"people_173_h_optimized","z",1527
"1168","69e7bc846cba08f9ba801f73","4","Faces","z",2,"faces_159_h_optimized","z",1075
"1169","69e7bc846cba08f9ba801f73","4","Objects","z",3,"objects_011_h_optimized","z",1035
"1170","69e7bc846cba08f9ba801f73","4","Faces","z",4,"faces_280_h_optimized","m",1621
"1171","69e7bc846cba08f9ba801f73","4","Objects","z",3,"objects_154_h_optimized","z",829
"1172","69e7bc846cba08f9ba801f73","4","Objects","m",6,"objects_294_h_optimized","m",938
"1173","69e7bc846cba08f9ba801f73","4","People","z",2,"people_220_h_optimized","z",1472
"1174","69e7bc846cba08f9ba801f73","4","People","m",6,"people_163_v_optimized","m",1175
"1175","69e7bc846cba08f9ba801f73","5","Faces","z",4,"faces_037_h_optimized","m",999
"1176","69e7bc846cba08f9ba801f73","5","People","z",3,"people_133_h_optimized","m",1052
"1177","69e7bc846cba08f9ba801f73","5","Objects","z",4,"objects_235_h_optimized","z",1176
"1178","69e7bc846cba08f9ba801f73","5","People","m",6,"people_248_h_optimized","z",655
"1179","69e7bc846cba08f9ba801f73","5","Objects","m",7,"objects_254_h_optimized","m",1004
"1180","69e7bc846cba08f9ba801f73","5","Objects","m",6,"objects_250_h_optimized","z",1020
"1181","69e7bc846cba08f9ba801f73","5","Objects","z",3,"objects_144_h_optimized","z",1029
"1182","69e7bc846cba08f9ba801f73","5","Faces","z",2,"faces_143_v_optimized","z",930
"1183","69e7bc846cba08f9ba801f73","5","People","z",4,"people_073_v_optimized","m",860
"1184","69e7bc846cba08f9ba801f73","5","Animals","z",2,"animals_071_h_optimized","z",984
"1185","69e7bc846cba08f9ba801f73","5","Animals","m",8,"animals_220_h_optimized","m",984
"1186","69e7bc846cba08f9ba801f73","5","Faces","m",7,"faces_330_v_optimized","m",1184
"1187","69e7bc846cba08f9ba801f73","5","Faces","z",3,"faces_146_h_optimized","z",1025
"1188","69e7bc846cba08f9ba801f73","5","Faces","m",6,"faces_062_v_optimized","m",1734
"1189","69e7bc846cba08f9ba801f73","5","Faces","m",8,"faces_109_v_optimized","m",1282
"1190","69e7bc846cba08f9ba801f73","5","Objects","m",8,"objects_327_h_optimized","m",723
"1191","69e7bc846cba08f9ba801f73","5","People","z",2,"people_211_v_optimized","z",1391
"1192","69e7bc846cba08f9ba801f73","6","Faces","z",4,"faces_014_h_optimized","z",1824
"1193","69e7bc846cba08f9ba801f73","6","Faces","m",7,"faces_347_h_optimized","m",1383
"1194","69e7bc846cba08f9ba801f73","6","Landscapes","m",6,"landscapes_069_v_optimized","z",1402
"1195","69e7bc846cba08f9ba801f73","6","Faces","z",3,"faces_291_h_optimized","z",757
"1196","69e7bc846cba08f9ba801f73","6","People","z",2,"people_205_v_optimized","z",1042
"1197","69e7bc846cba08f9ba801f73","6","Animals","m",6,"animals_150_h_optimized","m",927
"1198","69e7bc846cba08f9ba801f73","6","Animals","m",8,"animals_201_h_optimized","m",1196
"1199","69e7bc846cba08f9ba801f73","6","Faces","z",2,"faces_145_v_optimized","z",674
"1200","69e7bc846cba08f9ba801f73","6","Objects","z",4,"objects_236_h_optimized","m",1214
"1201","69e7bc846cba08f9ba801f73","6","Objects","m",8,"objects_084_v_optimized","m",1289
"1202","69e7bc846cba08f9ba801f73","6","Landscapes","m",8,"landscapes_168_h_optimized","m",673
"1203","69e7bc846cba08f9ba801f73","6","Animals","m",7,"animals_169_h_optimized","m",1387
"1204","69e7bc846cba08f9ba801f73","6","Objects","m",7,"objects_171_h_optimized","m",1245
"1205","69e7bc846cba08f9ba801f73","6","Objects","m",6,"objects_203_v_optimized","z",2147
"1206","69e7bc846cba08f9ba801f73","6","People","z",3,"people_082_h_optimized","m",1543
"1207","69e7bc846cba08f9ba801f73","6","Objects","z",3,"objects_132_h_optimized","m",1335
"1208","69e7bc846cba08f9ba801f73","6","Faces","z",2,"faces_010_h_optimized","z",1134
"1209","69e7bc846cba08f9ba801f73","7","Landscapes","m",6,"landscapes_042_h_optimized","m",1425
"1210","69e7bc846cba08f9ba801f73","7","Faces","z",3,"faces_302_h_optimized","z",1162
"1211","69e7bc846cba08f9ba801f73","7","Animals","m",7,"animals_170_h_optimized","m",929
"1212","69e7bc846cba08f9ba801f73","7","Animals","z",4,"animals_036_h_optimized","m",1245
"1213","69e7bc846cba08f9ba801f73","7","Faces","z",2,"faces_149_v_optimized","z",724
"1214","69e7bc846cba08f9ba801f73","7","Animals","z",3,"animals_045_h_optimized","z",1121
"1215","69e7bc846cba08f9ba801f73","7","Objects","z",4,"objects_215_v_optimized","z",1018
"1216","69e7bc846cba08f9ba801f73","7","Objects","z",3,"objects_121_v_optimized","z",900
"1217","69e7bc846cba08f9ba801f73","7","Animals","m",8,"animals_184_h_optimized","m",1264
"1218","69e7bc846cba08f9ba801f73","7","Animals","m",6,"animals_144_h_optimized","m",1192
"1219","69e7bc846cba08f9ba801f73","7","Objects","m",7,"objects_100_v_optimized","m",1215
"1220","69e7bc846cba08f9ba801f73","7","Landscapes","m",7,"landscapes_059_v_optimized","m",904
"1221","69e7bc846cba08f9ba801f73","7","Faces","z",2,"faces_371_v_optimized","z",602
"1222","69e7bc846cba08f9ba801f73","7","Landscapes","m",8,"landscapes_165_h_optimized","m",589
"1223","69e7bc846cba08f9ba801f73","7","Objects","m",6,"objects_198_h_optimized","m",708
"1224","69e7bc846cba08f9ba801f73","7","Objects","m",8,"objects_077_h_optimized","m",1311
"1225","69e7bc846cba08f9ba801f73","7","Faces","z",4,"faces_015_h_optimized","z",1332
"1226","69e7bc846cba08f9ba801f73","8","Objects","z",3,"objects_022_h_optimized","z",1889
"1227","69e7bc846cba08f9ba801f73","8","Animals","m",7,"animals_206_h_optimized","z",1244
"1228","69e7bc846cba08f9ba801f73","8","Landscapes","z",4,"landscapes_074_h_optimized","z",1506
"1229","69e7bc846cba08f9ba801f73","8","Objects","z",2,"objects_149_h_optimized","z",1106
"1230","69e7bc846cba08f9ba801f73","8","Animals","z",3,"animals_060_h_optimized","z",1245
"1231","69e7bc846cba08f9ba801f73","8","Animals","m",8,"animals_177_h_optimized","m",692
"1232","69e7bc846cba08f9ba801f73","8","Landscapes","m",7,"landscapes_143_h_optimized","m",1078
"1233","69e7bc846cba08f9ba801f73","8","Landscapes","z",3,"landscapes_004_h_optimized","z",1483
"1234","69e7bc846cba08f9ba801f73","8","Animals","m",6,"animals_119_h_optimized","m",688
"1235","69e7bc846cba08f9ba801f73","8","Objects","z",4,"objects_156_v_optimized","z",1158
"1236","69e7bc846cba08f9ba801f73","8","Objects","m",7,"objects_075_h_optimized","m",1153
"1237","69e7bc846cba08f9ba801f73","8","Animals","z",4,"animals_052__optimized","z",779
"1238","69e7bc846cba08f9ba801f73","8","Faces","z",2,"faces_364_v_optimized","z",610
"1239","69e7bc846cba08f9ba801f73","8","Landscapes","m",6,"landscapes_055_h_optimized","z",653
"1240","69e7bc846cba08f9ba801f73","8","People","m",8,"people_110_h_optimized","m",1037
"1241","69e7bc846cba08f9ba801f73","8","Objects","m",6,"objects_201_v_optimized","z",1772
"1242","69e7bc846cba08f9ba801f73","8","Landscapes","m",8,"landscapes_123_h_optimized","m",815
"1243","69e93862861d83c30bb6e586","1","Objects","m",6,"objects_193_v_optimized","m",2453
"1244","69e93862861d83c30bb6e586","1","Objects","m",6,"objects_316_h_optimized","m",2324
"1245","69e93862861d83c30bb6e586","1","Animals","z",3,"animals_038_h_optimized","z",3788
"1246","69e93862861d83c30bb6e586","1","People","m",8,"people_113_h_optimized","m",2407
"1247","69e93862861d83c30bb6e586","1","Animals","z",2,"animals_078_h_optimized","m",1581
"1248","69e93862861d83c30bb6e586","1","Objects","m",7,"objects_323_h_optimized","m",3986
"1249","69e93862861d83c30bb6e586","1","Animals","m",6,"animals_055_h_optimized","m",3157
"1250","69e93862861d83c30bb6e586","1","Faces","z",2,"faces_365_v_optimized","z",2846
"1251","69e93862861d83c30bb6e586","1","Objects","z",2,"objects_139_h_optimized","z",2484
"1252","69e93862861d83c30bb6e586","1","Objects","m",7,"objects_063_v_optimized","m",3850
"1253","69e93862861d83c30bb6e586","1","Animals","m",8,"animals_166_v_optimized","m",2302
"1254","69e93862861d83c30bb6e586","1","Objects","z",4,"objects_136_h_optimized","m",2781
"1255","69e93862861d83c30bb6e586","1","Animals","z",4,"animals_065_h_optimized","z",3232
"1256","69e93862861d83c30bb6e586","1","Landscapes","m",8,"landscapes_116_v_optimized","m",2746
"1257","69e93862861d83c30bb6e586","1","Landscapes","z",4,"landscapes_070_h_optimized","z",2441
"1258","69e93862861d83c30bb6e586","1","Animals","m",7,"animals_202_h_optimized","m",1858
"1259","69e93862861d83c30bb6e586","1","Landscapes","z",3,"landscapes_118_v_optimized","z",2225
"1260","69e93862861d83c30bb6e586","1","Objects","z",3,"objects_007_h_optimized","z",3920
"1261","69e93862861d83c30bb6e586","2","Objects","z",3,"objects_004_h_optimized","z",1843
"1262","69e93862861d83c30bb6e586","2","Faces","m",6,"faces_020_h_optimized","m",1800
"1263","69e93862861d83c30bb6e586","2","Animals","z",2,"animals_077_h_optimized","m",1415
"1264","69e93862861d83c30bb6e586","2","Faces","z",2,"faces_366_h_optimized","z",1989
"1265","69e93862861d83c30bb6e586","2","Faces","m",7,"faces_242_h_optimized","m",1375
"1266","69e93862861d83c30bb6e586","2","Animals","z",4,"animals_073_h_optimized","m",1535
"1267","69e93862861d83c30bb6e586","2","Objects","m",6,"objects_061_h_optimized","m",2074
"1268","69e93862861d83c30bb6e586","2","Objects","m",7,"objects_052_h_optimized","m",1704
"1269","69e93862861d83c30bb6e586","2","Objects","z",4,"objects_318_h_optimized","m",2554
"1270","69e93862861d83c30bb6e586","2","Objects","m",7,"objects_291_h_optimized","m",2705
"1271","69e93862861d83c30bb6e586","2","Objects","z",2,"objects_125_h_optimized","z",1844
"1272","69e93862861d83c30bb6e586","2","Animals","z",3,"animals_037_h_optimized","z",2285
"1273","69e93862861d83c30bb6e586","2","People","m",8,"people_172_v_optimized","m",2419
"1274","69e93862861d83c30bb6e586","2","Objects","z",4,"objects_116_v_optimized","m",2840
"1275","69e93862861d83c30bb6e586","2","Animals","m",8,"animals_156_h_optimized","m",2242
"1276","69e93862861d83c30bb6e586","2","Landscapes","z",3,"landscapes_007_h_optimized","z",1853
"1277","69e93862861d83c30bb6e586","2","Objects","m",6,"objects_309_h_optimized","m",1634
"1278","69e93862861d83c30bb6e586","2","Landscapes","m",8,"landscapes_096_h_optimized","m",811
"1279","69e93862861d83c30bb6e586","3","Faces","m",7,"faces_243_v_optimized","z",2286
"1280","69e93862861d83c30bb6e586","3","Faces","m",8,"faces_002_v_optimized","m",1550
"1281","69e93862861d83c30bb6e586","3","Objects","z",4,"objects_287_h_optimized","z",2130
"1282","69e93862861d83c30bb6e586","3","Objects","m",7,"objects_272_h_optimized","m",2052
"1283","69e93862861d83c30bb6e586","3","Objects","z",3,"objects_157_h_optimized","z",1987
"1284","69e93862861d83c30bb6e586","3","Objects","z",3,"objects_001_h_optimized","m",3483
"1285","69e93862861d83c30bb6e586","3","Objects","z",4,"objects_017_v_optimized","z",1625
"1286","69e93862861d83c30bb6e586","3","People","z",2,"people_246__optimized","z",2036
"1287","69e93862861d83c30bb6e586","3","Faces","z",4,"faces_279_h_optimized","z",2889
"1288","69e93862861d83c30bb6e586","3","Faces","z",3,"faces_003_h_optimized","z",1531
"1289","69e93862861d83c30bb6e586","3","People","m",6,"people_138_h_optimized","m",1489
"1290","69e93862861d83c30bb6e586","3","Faces","m",6,"faces_040_h_optimized","z",2694
"1291","69e93862861d83c30bb6e586","3","People","m",7,"people_180_h_optimized","m",1639
"1292","69e93862861d83c30bb6e586","3","Animals","z",2,"animals_074_h_optimized","z",2854
"1293","69e93862861d83c30bb6e586","3","Landscapes","m",8,"landscapes_141_h_optimized","m",1556
"1294","69e93862861d83c30bb6e586","3","Faces","z",2,"faces_367_h_optimized","z",1453
"1295","69e93862861d83c30bb6e586","3","Objects","m",6,"objects_297_h_optimized","m",2871
"1296","69e93862861d83c30bb6e586","4","Faces","m",8,"faces_089_h_optimized","m",1927
"1297","69e93862861d83c30bb6e586","4","Objects","m",8,"objects_326_h_optimized","m",1659
"1298","69e93862861d83c30bb6e586","4","Faces","z",3,"faces_007_h_optimized","z",1713
"1299","69e93862861d83c30bb6e586","4","People","m",7,"people_173_h_optimized","z",2567
"1300","69e93862861d83c30bb6e586","4","Objects","z",3,"objects_011_h_optimized","m",3522
"1301","69e93862861d83c30bb6e586","4","Faces","m",7,"faces_325_v_optimized","z",3155
"1302","69e93862861d83c30bb6e586","4","Objects","z",4,"objects_242_h_optimized","m",1936
"1303","69e93862861d83c30bb6e586","4","Faces","z",2,"faces_159_h_optimized","z",1735
"1304","69e93862861d83c30bb6e586","4","Faces","m",6,"faces_045_h_optimized","z",2955
"1305","69e93862861d83c30bb6e586","4","People","z",2,"people_220_h_optimized","z",1320
"1306","69e93862861d83c30bb6e586","4","Faces","z",4,"faces_280_h_optimized","z",1789
"1307","69e93862861d83c30bb6e586","4","People","m",6,"people_163_v_optimized","m",2422
"1308","69e93862861d83c30bb6e586","4","Objects","m",6,"objects_294_h_optimized","m",1057
"1309","69e93862861d83c30bb6e586","4","Animals","z",2,"animals_054_h_optimized","z",1878
"1310","69e93862861d83c30bb6e586","4","People","z",4,"people_080_h_optimized","z",1725
"1311","69e93862861d83c30bb6e586","4","Objects","m",7,"objects_270_h_optimized","m",1758
"1312","69e93862861d83c30bb6e586","4","Objects","z",3,"objects_154_h_optimized","z",2248
"1313","69e93862861d83c30bb6e586","5","Objects","m",7,"objects_254_h_optimized","z",1401
"1314","69e93862861d83c30bb6e586","5","Faces","z",2,"faces_143_v_optimized","z",859
"1315","69e93862861d83c30bb6e586","5","People","z",2,"people_211_v_optimized","z",619
"1316","69e93862861d83c30bb6e586","5","People","m",6,"people_248_h_optimized","m",1421
"1317","69e93862861d83c30bb6e586","5","Faces","m",8,"faces_109_v_optimized","m",1154
"1318","69e93862861d83c30bb6e586","5","Objects","m",8,"objects_327_h_optimized","m",1584
"1319","69e93862861d83c30bb6e586","5","Objects","z",3,"objects_144_h_optimized","z",1421
"1320","69e93862861d83c30bb6e586","5","Objects","m",6,"objects_250_h_optimized","m",1652
"1321","69e93862861d83c30bb6e586","5","Animals","z",2,"animals_071_h_optimized","z",1923
"1322","69e93862861d83c30bb6e586","5","People","z",3,"people_133_h_optimized","m",1143
"1323","69e93862861d83c30bb6e586","5","Animals","m",8,"animals_220_h_optimized","m",1914
"1324","69e93862861d83c30bb6e586","5","Faces","z",4,"faces_037_h_optimized","m",1862
"1325","69e93862861d83c30bb6e586","5","Faces","m",7,"faces_330_v_optimized","m",1637
"1326","69e93862861d83c30bb6e586","5","People","z",4,"people_073_v_optimized","z",2499
"1327","69e93862861d83c30bb6e586","5","Objects","z",4,"objects_235_h_optimized","z",1420
"1328","69e93862861d83c30bb6e586","5","Faces","m",6,"faces_062_v_optimized","m",1983
"1329","69e93862861d83c30bb6e586","5","Faces","z",3,"faces_146_h_optimized","m",1350
"1330","69e93862861d83c30bb6e586","6","Objects","m",8,"objects_084_v_optimized","z",2078
"1331","69e93862861d83c30bb6e586","6","Objects","m",6,"objects_203_v_optimized","z",2155
"1332","69e93862861d83c30bb6e586","6","Animals","m",7,"animals_169_h_optimized","m",1713
"1333","69e93862861d83c30bb6e586","6","Objects","m",7,"objects_171_h_optimized","m",1831
"1334","69e93862861d83c30bb6e586","6","Faces","m",7,"faces_347_h_optimized","m",2096
"1335","69e93862861d83c30bb6e586","6","People","z",3,"people_082_h_optimized","m",2431
"1336","69e93862861d83c30bb6e586","6","Faces","z",4,"faces_014_h_optimized","z",1296
"1337","69e93862861d83c30bb6e586","6","Objects","z",4,"objects_236_h_optimized","m",1873
"1338","69e93862861d83c30bb6e586","6","Faces","z",3,"faces_291_h_optimized","z",1617
"1339","69e93862861d83c30bb6e586","6","Animals","m",8,"animals_201_h_optimized","m",1316
"1340","69e93862861d83c30bb6e586","6","Faces","z",2,"faces_010_h_optimized","z",1548
"1341","69e93862861d83c30bb6e586","6","Objects","z",3,"objects_132_h_optimized","z",2152
"1342","69e93862861d83c30bb6e586","6","Landscapes","m",6,"landscapes_069_v_optimized","z",2059
"1343","69e93862861d83c30bb6e586","6","People","z",2,"people_205_v_optimized","z",1597
"1344","69e93862861d83c30bb6e586","6","Landscapes","m",8,"landscapes_168_h_optimized","m",1582
"1345","69e93862861d83c30bb6e586","6","Faces","z",2,"faces_145_v_optimized","z",897
"1346","69e93862861d83c30bb6e586","6","Animals","m",6,"animals_150_h_optimized","m",1435
"1347","69e93862861d83c30bb6e586","7","Objects","z",4,"objects_215_v_optimized","z",3052
"1348","69e93862861d83c30bb6e586","7","Landscapes","m",8,"landscapes_165_h_optimized","m",2607
"1349","69e93862861d83c30bb6e586","7","Animals","m",6,"animals_144_h_optimized","m",1539
"1350","69e93862861d83c30bb6e586","7","Landscapes","m",7,"landscapes_059_v_optimized","m",1613
"1351","69e93862861d83c30bb6e586","7","Animals","m",8,"animals_184_h_optimized","m",1964
"1352","69e93862861d83c30bb6e586","7","Animals","z",3,"animals_045_h_optimized","z",1741
"1353","69e93862861d83c30bb6e586","7","Faces","z",2,"faces_371_v_optimized","z",912
"1354","69e93862861d83c30bb6e586","7","Animals","z",4,"animals_036_h_optimized","m",3176
"1355","69e93862861d83c30bb6e586","7","Animals","m",7,"animals_170_h_optimized","m",1898
"1356","69e93862861d83c30bb6e586","7","Objects","m",8,"objects_077_h_optimized","m",1899
"1357","69e93862861d83c30bb6e586","7","Objects","z",3,"objects_121_v_optimized","z",2201
"1358","69e93862861d83c30bb6e586","7","Faces","z",2,"faces_149_v_optimized","z",900
"1359","69e93862861d83c30bb6e586","7","Faces","z",3,"faces_302_h_optimized","z",1433
"1360","69e93862861d83c30bb6e586","7","Landscapes","m",6,"landscapes_042_h_optimized","m",1393
"1361","69e93862861d83c30bb6e586","7","Faces","z",4,"faces_015_h_optimized","z",2021
"1362","69e93862861d83c30bb6e586","7","Objects","m",7,"objects_100_v_optimized","m",1066
"1363","69e93862861d83c30bb6e586","7","Objects","m",6,"objects_198_h_optimized","m",1235
"1364","69e93862861d83c30bb6e586","8","Objects","z",2,"objects_149_h_optimized","z",1234
"1365","69e93862861d83c30bb6e586","8","Objects","m",7,"objects_075_h_optimized","m",1434
"1366","69e93862861d83c30bb6e586","8","Landscapes","m",8,"landscapes_123_h_optimized","m",1172
"1367","69e93862861d83c30bb6e586","8","Animals","m",8,"animals_177_h_optimized","m",2750
"1368","69e93862861d83c30bb6e586","8","Landscapes","m",7,"landscapes_143_h_optimized","m",1748
"1369","69e93862861d83c30bb6e586","8","Faces","z",2,"faces_364_v_optimized","z",729
"1370","69e93862861d83c30bb6e586","8","People","m",8,"people_110_h_optimized","m",926
"1371","69e93862861d83c30bb6e586","8","Animals","m",6,"animals_119_h_optimized","m",1844
"1372","69e93862861d83c30bb6e586","8","Landscapes","m",6,"landscapes_055_h_optimized","z",1389
"1373","69e93862861d83c30bb6e586","8","Animals","z",4,"animals_052__optimized","z",2454
"1374","69e93862861d83c30bb6e586","8","Animals","z",3,"animals_060_h_optimized","z",1877
"1375","69e93862861d83c30bb6e586","8","Landscapes","z",4,"landscapes_074_h_optimized","z",1682
"1376","69e93862861d83c30bb6e586","8","Objects","z",3,"objects_022_h_optimized","z",1698
"1377","69e93862861d83c30bb6e586","8","Objects","z",4,"objects_156_v_optimized","z",1361
"1378","69e93862861d83c30bb6e586","8","Objects","m",6,"objects_201_v_optimized","z",1380
"1379","69e93862861d83c30bb6e586","8","Animals","m",7,"animals_206_h_optimized","m",1604
"1380","69e93862861d83c30bb6e586","8","Landscapes","z",3,"landscapes_004_h_optimized","z",1094
"1381","69ea501f7c2740d540da0443","1","Landscapes","z",4,"landscapes_070_h_optimized","m",1622
"1382","69ea501f7c2740d540da0443","1","Animals","m",8,"animals_166_v_optimized","m",1433
"1383","69ea501f7c2740d540da0443","1","Objects","m",7,"objects_063_v_optimized","z",1327
"1384","69ea501f7c2740d540da0443","1","Objects","m",6,"objects_316_h_optimized","m",1355
"1385","69ea501f7c2740d540da0443","1","Animals","m",6,"animals_055_h_optimized","m",1282
"1386","69ea501f7c2740d540da0443","1","Objects","z",2,"objects_139_h_optimized","z",3873
"1387","69ea501f7c2740d540da0443","1","Animals","z",4,"animals_065_h_optimized","m",2443
"1388","69ea501f7c2740d540da0443","1","Objects","m",6,"objects_193_v_optimized","m",1131
"1389","69ea501f7c2740d540da0443","1","Objects","z",3,"objects_007_h_optimized","z",1294
"1390","69ea501f7c2740d540da0443","1","Objects","m",7,"objects_323_h_optimized","m",1383
"1391","69ea501f7c2740d540da0443","1","Landscapes","z",3,"landscapes_118_v_optimized","z",623
"1392","69ea501f7c2740d540da0443","1","Objects","z",4,"objects_136_h_optimized","z",1151
"1393","69ea501f7c2740d540da0443","1","Animals","m",7,"animals_202_h_optimized","m",806
"1394","69ea501f7c2740d540da0443","1","Animals","z",2,"animals_078_h_optimized","z",859
"1395","69ea501f7c2740d540da0443","1","Landscapes","m",8,"landscapes_116_v_optimized","m",1065
"1396","69ea501f7c2740d540da0443","1","Faces","z",2,"faces_365_v_optimized","z",2058
"1397","69ea501f7c2740d540da0443","1","Animals","z",3,"animals_038_h_optimized","z",1025
"1398","69ea501f7c2740d540da0443","1","People","m",8,"people_113_h_optimized","m",1032
"1399","69ea501f7c2740d540da0443","2","Objects","m",6,"objects_309_h_optimized","m",1051
"1400","69ea501f7c2740d540da0443","2","Objects","z",2,"objects_125_h_optimized","z",1200
"1401","69ea501f7c2740d540da0443","2","Animals","z",4,"animals_073_h_optimized","m",1236
"1402","69ea501f7c2740d540da0443","2","Faces","m",6,"faces_020_h_optimized","z",1188
"1403","69ea501f7c2740d540da0443","2","Animals","z",3,"animals_037_h_optimized","m",1428
"1404","69ea501f7c2740d540da0443","2","Objects","z",4,"objects_318_h_optimized","m",1925
"1405","69ea501f7c2740d540da0443","2","Landscapes","z",3,"landscapes_007_h_optimized","z",1100
"1406","69ea501f7c2740d540da0443","2","Faces","z",2,"faces_366_h_optimized","z",1030
"1407","69ea501f7c2740d540da0443","2","Landscapes","m",8,"landscapes_096_h_optimized","z",693
"1408","69ea501f7c2740d540da0443","2","Faces","m",7,"faces_242_h_optimized","m",1217
"1409","69ea501f7c2740d540da0443","2","Objects","m",6,"objects_061_h_optimized","z",1816
"1410","69ea501f7c2740d540da0443","2","Animals","z",2,"animals_077_h_optimized","z",1062
"1411","69ea501f7c2740d540da0443","2","Objects","m",7,"objects_052_h_optimized","m",1343
"1412","69ea501f7c2740d540da0443","2","People","m",8,"people_172_v_optimized","m",1212
"1413","69ea501f7c2740d540da0443","2","Objects","z",4,"objects_116_v_optimized","z",1079
"1414","69ea501f7c2740d540da0443","2","Animals","m",8,"animals_156_h_optimized","m",1893
"1415","69ea501f7c2740d540da0443","2","Objects","z",3,"objects_004_h_optimized","z",835
"1416","69ea501f7c2740d540da0443","2","Objects","m",7,"objects_291_h_optimized","m",752
"1417","69ea501f7c2740d540da0443","3","Objects","m",6,"objects_297_h_optimized","z",2360
"1418","69ea501f7c2740d540da0443","3","Objects","z",4,"objects_017_v_optimized","z",813
"1419","69ea501f7c2740d540da0443","3","Faces","m",6,"faces_040_h_optimized","z",1110
"1420","69ea501f7c2740d540da0443","3","People","m",6,"people_138_h_optimized","m",1140
"1421","69ea501f7c2740d540da0443","3","Objects","m",7,"objects_272_h_optimized","m",1907
"1422","69ea501f7c2740d540da0443","3","Faces","m",7,"faces_243_v_optimized","m",1358
"1423","69ea501f7c2740d540da0443","3","Landscapes","m",8,"landscapes_141_h_optimized","m",1373
"1424","69ea501f7c2740d540da0443","3","Objects","z",4,"objects_287_h_optimized","z",731
"1425","69ea501f7c2740d540da0443","3","Faces","z",3,"faces_003_h_optimized","z",1054
"1426","69ea501f7c2740d540da0443","3","Faces","z",4,"faces_279_h_optimized","z",1390
"1427","69ea501f7c2740d540da0443","3","People","m",7,"people_180_h_optimized","m",1096
"1428","69ea501f7c2740d540da0443","3","Faces","m",8,"faces_002_v_optimized","z",1252
"1429","69ea501f7c2740d540da0443","3","People","z",2,"people_246__optimized","z",1157
"1430","69ea501f7c2740d540da0443","3","Objects","z",3,"objects_001_h_optimized","z",940
"1431","69ea501f7c2740d540da0443","3","Objects","z",3,"objects_157_h_optimized","z",2036
"1432","69ea501f7c2740d540da0443","3","Faces","z",2,"faces_367_h_optimized","z",2154
"1433","69ea501f7c2740d540da0443","3","Animals","z",2,"animals_074_h_optimized","z",1178
"1434","69ea501f7c2740d540da0443","4","People","m",6,"people_163_v_optimized","m",1179
"1435","69ea501f7c2740d540da0443","4","Faces","z",3,"faces_007_h_optimized","z",1020
"1436","69ea501f7c2740d540da0443","4","Animals","z",2,"animals_054_h_optimized","m",995
"1437","69ea501f7c2740d540da0443","4","Faces","z",2,"faces_159_h_optimized","z",597
"1438","69ea501f7c2740d540da0443","4","People","z",2,"people_220_h_optimized","z",1077
"1439","69ea501f7c2740d540da0443","4","Faces","m",6,"faces_045_h_optimized","z",1680
"1440","69ea501f7c2740d540da0443","4","People","z",4,"people_080_h_optimized","z",1695
"1441","69ea501f7c2740d540da0443","4","Objects","z",4,"objects_242_h_optimized","m",1360
"1442","69ea501f7c2740d540da0443","4","Faces","m",8,"faces_089_h_optimized","z",1513
"1443","69ea501f7c2740d540da0443","4","Faces","z",4,"faces_280_h_optimized","z",1096
"1444","69ea501f7c2740d540da0443","4","People","m",7,"people_173_h_optimized","m",2254
"1445","69ea501f7c2740d540da0443","4","Objects","m",7,"objects_270_h_optimized","m",1423
"1446","69ea501f7c2740d540da0443","4","Objects","z",3,"objects_154_h_optimized","z",1111
"1447","69ea501f7c2740d540da0443","4","Faces","m",7,"faces_325_v_optimized","m",974
"1448","69ea501f7c2740d540da0443","4","Objects","m",8,"objects_326_h_optimized","m",967
"1449","69ea501f7c2740d540da0443","4","Objects","z",3,"objects_011_h_optimized","z",765
"1450","69ea501f7c2740d540da0443","4","Objects","m",6,"objects_294_h_optimized","m",1026
"1451","69ea501f7c2740d540da0443","5","Objects","m",6,"objects_250_h_optimized","z",1334
"1452","69ea501f7c2740d540da0443","5","Faces","z",2,"faces_143_v_optimized","z",852
"1453","69ea501f7c2740d540da0443","5","People","z",3,"people_133_h_optimized","m",1233
"1454","69ea501f7c2740d540da0443","5","Faces","z",4,"faces_037_h_optimized","m",1353
"1455","69ea501f7c2740d540da0443","5","People","z",4,"people_073_v_optimized","z",897
"1456","69ea501f7c2740d540da0443","5","Faces","m",7,"faces_330_v_optimized","z",1777
"1457","69ea501f7c2740d540da0443","5","Objects","z",4,"objects_235_h_optimized","z",2146
"1458","69ea501f7c2740d540da0443","5","Animals","m",8,"animals_220_h_optimized","m",1852
"1459","69ea501f7c2740d540da0443","5","Objects","m",8,"objects_327_h_optimized","m",1548
"1460","69ea501f7c2740d540da0443","5","People","m",6,"people_248_h_optimized","m",1572
"1461","69ea501f7c2740d540da0443","5","Faces","z",3,"faces_146_h_optimized","z",1384
"1462","69ea501f7c2740d540da0443","5","Faces","m",6,"faces_062_v_optimized","m",1339
"1463","69ea501f7c2740d540da0443","5","Objects","z",3,"objects_144_h_optimized","z",1086
"1464","69ea501f7c2740d540da0443","5","Faces","m",8,"faces_109_v_optimized","m",1621
"1465","69ea501f7c2740d540da0443","5","Objects","m",7,"objects_254_h_optimized","m",2358
"1466","69ea501f7c2740d540da0443","5","People","z",2,"people_211_v_optimized","z",1860
"1467","69ea501f7c2740d540da0443","5","Animals","z",2,"animals_071_h_optimized","z",1619
"1468","69ea501f7c2740d540da0443","6","Objects","m",8,"objects_084_v_optimized","z",2680
"1469","69ea501f7c2740d540da0443","6","Animals","m",7,"animals_169_h_optimized","m",799
"1470","69ea501f7c2740d540da0443","6","Objects","z",3,"objects_132_h_optimized","m",1059
"1471","69ea501f7c2740d540da0443","6","Faces","m",7,"faces_347_h_optimized","z",1528
"1472","69ea501f7c2740d540da0443","6","People","z",3,"people_082_h_optimized","z",1553
"1473","69ea501f7c2740d540da0443","6","People","z",2,"people_205_v_optimized","z",1597
"1474","69ea501f7c2740d540da0443","6","Landscapes","m",6,"landscapes_069_v_optimized","z",1400
"1475","69ea501f7c2740d540da0443","6","Faces","z",4,"faces_014_h_optimized","z",1309
"1476","69ea501f7c2740d540da0443","6","Faces","z",3,"faces_291_h_optimized","z",3522
"1477","69ea501f7c2740d540da0443","6","Animals","m",8,"animals_201_h_optimized","m",1582
"1478","69ea501f7c2740d540da0443","6","Objects","z",4,"objects_236_h_optimized","z",1733
"1479","69ea501f7c2740d540da0443","6","Faces","z",2,"faces_145_v_optimized","z",1622
"1480","69ea501f7c2740d540da0443","6","Landscapes","m",8,"landscapes_168_h_optimized","z",2229
"1481","69ea501f7c2740d540da0443","6","Faces","z",2,"faces_010_h_optimized","z",2063
"1482","69ea501f7c2740d540da0443","6","Objects","m",6,"objects_203_v_optimized","m",1849
"1483","69ea501f7c2740d540da0443","6","Objects","m",7,"objects_171_h_optimized","z",1479
"1484","69ea501f7c2740d540da0443","6","Animals","m",6,"animals_150_h_optimized","m",1710
"1485","69ea501f7c2740d540da0443","7","Objects","m",7,"objects_100_v_optimized","m",2849
"1486","69ea501f7c2740d540da0443","7","Animals","z",3,"animals_045_h_optimized","z",1515
"1487","69ea501f7c2740d540da0443","7","Landscapes","m",6,"landscapes_042_h_optimized","m",1527
"1488","69ea501f7c2740d540da0443","7","Faces","z",2,"faces_371_v_optimized","z",1747
"1489","69ea501f7c2740d540da0443","7","Animals","m",6,"animals_144_h_optimized","m",1864
"1490","69ea501f7c2740d540da0443","7","Objects","m",8,"objects_077_h_optimized","m",1694
"1491","69ea501f7c2740d540da0443","7","Objects","z",3,"objects_121_v_optimized","z",1703
"1492","69ea501f7c2740d540da0443","7","Objects","z",4,"objects_215_v_optimized","z",2063
"1493","69ea501f7c2740d540da0443","7","Animals","m",8,"animals_184_h_optimized","m",1559
"1494","69ea501f7c2740d540da0443","7","Faces","z",2,"faces_149_v_optimized","z",1716
"1495","69ea501f7c2740d540da0443","7","Faces","z",4,"faces_015_h_optimized","z",1479
"1496","69ea501f7c2740d540da0443","7","Animals","z",4,"animals_036_h_optimized","z",1877
"1497","69ea501f7c2740d540da0443","7","Objects","m",6,"objects_198_h_optimized","z",2109
"1498","69ea501f7c2740d540da0443","7","Landscapes","m",8,"landscapes_165_h_optimized","m",1526
"1499","69ea501f7c2740d540da0443","7","Animals","m",7,"animals_170_h_optimized","m",1614
"1500","69ea501f7c2740d540da0443","7","Faces","z",3,"faces_302_h_optimized","z",1470
"1501","69ea501f7c2740d540da0443","7","Landscapes","m",7,"landscapes_059_v_optimized","m",2979
"1502","69ea501f7c2740d540da0443","8","Animals","z",4,"animals_052__optimized","z",1264
"1503","69ea501f7c2740d540da0443","8","Animals","m",8,"animals_177_h_optimized","m",935
"1504","69ea501f7c2740d540da0443","8","Objects","z",3,"objects_022_h_optimized","z",771
"1505","69ea501f7c2740d540da0443","8","Animals","m",6,"animals_119_h_optimized","m",920
"1506","69ea501f7c2740d540da0443","8","Objects","z",2,"objects_149_h_optimized","z",1015
"1507","69ea501f7c2740d540da0443","8","Landscapes","z",4,"landscapes_074_h_optimized","z",2120
"1508","69ea501f7c2740d540da0443","8","Objects","z",4,"objects_156_v_optimized","m",1384
"1509","69ea501f7c2740d540da0443","8","Landscapes","m",8,"landscapes_123_h_optimized","m",1081
"1510","69ea501f7c2740d540da0443","8","Objects","m",6,"objects_201_v_optimized","z",891
"1511","69ea501f7c2740d540da0443","8","Objects","m",7,"objects_075_h_optimized","m",1146
"1512","69ea501f7c2740d540da0443","8","Faces","z",2,"faces_364_v_optimized","z",1204
"1513","69ea501f7c2740d540da0443","8","Landscapes","z",3,"landscapes_004_h_optimized","z",1092
"1514","69ea501f7c2740d540da0443","8","Landscapes","m",6,"landscapes_055_h_optimized","m",1643
"1515","69ea501f7c2740d540da0443","8","Landscapes","m",7,"landscapes_143_h_optimized","m",1766
"1516","69ea501f7c2740d540da0443","8","Animals","m",7,"animals_206_h_optimized","m",1987
"1517","69ea501f7c2740d540da0443","8","Animals","z",3,"animals_060_h_optimized","z",1974
"1518","69ea501f7c2740d540da0443","8","People","m",8,"people_110_h_optimized","m",1013
"1519","69ea7eb1026754c383c71dcb","1","Animals","z",3,"animals_038_h_optimized","z",1341
"1520","69ea7eb1026754c383c71dcb","1","Objects","z",3,"objects_007_h_optimized","z",1046
"1521","69ea7eb1026754c383c71dcb","1","Animals","z",4,"animals_065_h_optimized","m",1534
"1522","69ea7eb1026754c383c71dcb","1","Objects","m",6,"objects_193_v_optimized","m",1390
"1523","69ea7eb1026754c383c71dcb","1","Objects","z",4,"objects_136_h_optimized","m",1988
"1524","69ea7eb1026754c383c71dcb","1","Landscapes","z",4,"landscapes_070_h_optimized","m",1240
"1525","69ea7eb1026754c383c71dcb","1","Objects","m",7,"objects_063_v_optimized","z",1242
"1526","69ea7eb1026754c383c71dcb","1","Animals","z",2,"animals_078_h_optimized","m",795
"1527","69ea7eb1026754c383c71dcb","1","Animals","m",6,"animals_055_h_optimized","m",1390
"1528","69ea7eb1026754c383c71dcb","1","Animals","m",8,"animals_166_v_optimized","m",1283
"1529","69ea7eb1026754c383c71dcb","1","Landscapes","m",8,"landscapes_116_v_optimized","m",1597
"1530","69ea7eb1026754c383c71dcb","1","People","m",8,"people_113_h_optimized","m",1439
"1531","69ea7eb1026754c383c71dcb","1","Animals","m",7,"animals_202_h_optimized","m",1280
"1532","69ea7eb1026754c383c71dcb","1","Objects","z",2,"objects_139_h_optimized","z",3374
"1533","69ea7eb1026754c383c71dcb","1","Objects","m",7,"objects_323_h_optimized","m",1014
"1534","69ea7eb1026754c383c71dcb","1","Objects","m",6,"objects_316_h_optimized","m",1055
"1535","69ea7eb1026754c383c71dcb","1","Landscapes","z",3,"landscapes_118_v_optimized","z",924
"1536","69ea7eb1026754c383c71dcb","1","Faces","z",2,"faces_365_v_optimized","z",1009
"1537","69ea7eb1026754c383c71dcb","2","Objects","m",6,"objects_309_h_optimized","m",1840
"1538","69ea7eb1026754c383c71dcb","2","Objects","m",7,"objects_052_h_optimized","m",1311
"1539","69ea7eb1026754c383c71dcb","2","Landscapes","m",8,"landscapes_096_h_optimized","z",581
"1540","69ea7eb1026754c383c71dcb","2","Objects","z",3,"objects_004_h_optimized","z",1035
"1541","69ea7eb1026754c383c71dcb","2","Landscapes","z",3,"landscapes_007_h_optimized","z",1503
"1542","69ea7eb1026754c383c71dcb","2","Faces","m",7,"faces_242_h_optimized","m",1227
"1543","69ea7eb1026754c383c71dcb","2","Animals","z",2,"animals_077_h_optimized","m",995
"1544","69ea7eb1026754c383c71dcb","2","Faces","z",2,"faces_366_h_optimized","z",641
"1545","69ea7eb1026754c383c71dcb","2","Animals","m",8,"animals_156_h_optimized","m",1151
"1546","69ea7eb1026754c383c71dcb","2","Objects","m",7,"objects_291_h_optimized","m",1024
"1547","69ea7eb1026754c383c71dcb","2","Objects","z",4,"objects_318_h_optimized","m",1121
"1548","69ea7eb1026754c383c71dcb","2","Objects","z",2,"objects_125_h_optimized","z",969
"1549","69ea7eb1026754c383c71dcb","2","Objects","z",4,"objects_116_v_optimized","z",1633
"1550","69ea7eb1026754c383c71dcb","2","Animals","z",4,"animals_073_h_optimized","m",1174
"1551","69ea7eb1026754c383c71dcb","2","Objects","m",6,"objects_061_h_optimized","m",1355
"1552","69ea7eb1026754c383c71dcb","2","Animals","z",3,"animals_037_h_optimized","z",765
"1553","69ea7eb1026754c383c71dcb","2","People","m",8,"people_172_v_optimized","m",985
"1554","69ea7eb1026754c383c71dcb","2","Faces","m",6,"faces_020_h_optimized","z",760
"1555","69ea7eb1026754c383c71dcb","3","Faces","m",8,"faces_002_v_optimized","z",1759
"1556","69ea7eb1026754c383c71dcb","3","Landscapes","m",8,"landscapes_141_h_optimized","m",738
"1557","69ea7eb1026754c383c71dcb","3","Animals","z",2,"animals_074_h_optimized","z",1363
"1558","69ea7eb1026754c383c71dcb","3","Objects","z",4,"objects_017_v_optimized","z",1082
"1559","69ea7eb1026754c383c71dcb","3","People","z",2,"people_246__optimized","z",774
"1560","69ea7eb1026754c383c71dcb","3","Objects","m",7,"objects_272_h_optimized","m",836
"1561","69ea7eb1026754c383c71dcb","3","Faces","m",7,"faces_243_v_optimized","z",930
"1562","69ea7eb1026754c383c71dcb","3","Faces","z",3,"faces_003_h_optimized","z",973
"1563","69ea7eb1026754c383c71dcb","3","Faces","m",6,"faces_040_h_optimized","m",935
"1564","69ea7eb1026754c383c71dcb","3","Objects","z",3,"objects_001_h_optimized","z",720
"1565","69ea7eb1026754c383c71dcb","3","Faces","z",4,"faces_279_h_optimized","z",1117
"1566","69ea7eb1026754c383c71dcb","3","Objects","m",6,"objects_297_h_optimized","m",739
"1567","69ea7eb1026754c383c71dcb","3","Objects","z",4,"objects_287_h_optimized","m",13
"1568","69ea7eb1026754c383c71dcb","3","People","m",6,"people_138_h_optimized","m",1321
"1569","69ea7eb1026754c383c71dcb","3","Faces","z",2,"faces_367_h_optimized","z",1198
"1570","69ea7eb1026754c383c71dcb","3","People","m",7,"people_180_h_optimized","m",883
"1571","69ea7eb1026754c383c71dcb","3","Objects","z",3,"objects_157_h_optimized","z",988
"1572","69ea7eb1026754c383c71dcb","4","People","m",6,"people_163_v_optimized","m",1157
"1573","69ea7eb1026754c383c71dcb","4","Faces","m",7,"faces_325_v_optimized","z",2249
"1574","69ea7eb1026754c383c71dcb","4","Objects","m",7,"objects_270_h_optimized","m",1155
"1575","69ea7eb1026754c383c71dcb","4","Faces","z",2,"faces_159_h_optimized","z",697
"1576","69ea7eb1026754c383c71dcb","4","Faces","m",8,"faces_089_h_optimized","m",1107
"1577","69ea7eb1026754c383c71dcb","4","Faces","z",4,"faces_280_h_optimized","z",3162
"1578","69ea7eb1026754c383c71dcb","4","Faces","z",3,"faces_007_h_optimized","z",1128
"1579","69ea7eb1026754c383c71dcb","4","Objects","z",4,"objects_242_h_optimized","z",1399
"1580","69ea7eb1026754c383c71dcb","4","Objects","z",3,"objects_011_h_optimized","z",1394
"1581","69ea7eb1026754c383c71dcb","4","Animals","z",2,"animals_054_h_optimized","z",2264
"1582","69ea7eb1026754c383c71dcb","4","Faces","m",6,"faces_045_h_optimized","z",1842
"1583","69ea7eb1026754c383c71dcb","4","Objects","m",6,"objects_294_h_optimized","m",1333
"1584","69ea7eb1026754c383c71dcb","4","People","z",4,"people_080_h_optimized","z",656
"1585","69ea7eb1026754c383c71dcb","4","People","z",2,"people_220_h_optimized","z",745
"1586","69ea7eb1026754c383c71dcb","4","Objects","z",3,"objects_154_h_optimized","z",843
"1587","69ea7eb1026754c383c71dcb","4","People","m",7,"people_173_h_optimized","z",1335
"1588","69ea7eb1026754c383c71dcb","4","Objects","m",8,"objects_326_h_optimized","m",1000
"1589","69ea7eb1026754c383c71dcb","5","Faces","m",6,"faces_062_v_optimized","m",1480
"1590","69ea7eb1026754c383c71dcb","5","Faces","z",2,"faces_143_v_optimized","z",959
"1591","69ea7eb1026754c383c71dcb","5","People","z",4,"people_073_v_optimized","z",1131
"1592","69ea7eb1026754c383c71dcb","5","People","z",3,"people_133_h_optimized","m",1806
"1593","69ea7eb1026754c383c71dcb","5","Faces","z",4,"faces_037_h_optimized","m",1149
"1594","69ea7eb1026754c383c71dcb","5","Faces","z",3,"faces_146_h_optimized","z",1310
"1595","69ea7eb1026754c383c71dcb","5","Objects","z",4,"objects_235_h_optimized","z",827
"1596","69ea7eb1026754c383c71dcb","5","People","m",6,"people_248_h_optimized","m",1060
"1597","69ea7eb1026754c383c71dcb","5","Objects","m",6,"objects_250_h_optimized","z",1267
"1598","69ea7eb1026754c383c71dcb","5","Animals","m",8,"animals_220_h_optimized","z",1150
"1599","69ea7eb1026754c383c71dcb","5","Animals","z",2,"animals_071_h_optimized","z",951
"1600","69ea7eb1026754c383c71dcb","5","Objects","m",8,"objects_327_h_optimized","z",1324
"1601","69ea7eb1026754c383c71dcb","5","Objects","m",7,"objects_254_h_optimized","m",1339
"1602","69ea7eb1026754c383c71dcb","5","Objects","z",3,"objects_144_h_optimized","z",856
"1603","69ea7eb1026754c383c71dcb","5","Faces","m",7,"faces_330_v_optimized","m",1204
"1604","69ea7eb1026754c383c71dcb","5","Faces","m",8,"faces_109_v_optimized","m",1288
"1605","69ea7eb1026754c383c71dcb","5","People","z",2,"people_211_v_optimized","z",1006
"1606","69ea7eb1026754c383c71dcb","6","Faces","z",3,"faces_291_h_optimized","z",2239
"1607","69ea7eb1026754c383c71dcb","6","Objects","z",4,"objects_236_h_optimized","m",1139
"1608","69ea7eb1026754c383c71dcb","6","Faces","z",2,"faces_145_v_optimized","z",706
"1609","69ea7eb1026754c383c71dcb","6","People","z",3,"people_082_h_optimized","z",797
"1610","69ea7eb1026754c383c71dcb","6","Objects","m",8,"objects_084_v_optimized","m",1407
"1611","69ea7eb1026754c383c71dcb","6","People","z",2,"people_205_v_optimized","z",1281
"1612","69ea7eb1026754c383c71dcb","6","Animals","m",8,"animals_201_h_optimized","m",1007
"1613","69ea7eb1026754c383c71dcb","6","Landscapes","m",8,"landscapes_168_h_optimized","z",1404
"1614","69ea7eb1026754c383c71dcb","6","Landscapes","m",6,"landscapes_069_v_optimized","m",907
"1615","69ea7eb1026754c383c71dcb","6","Objects","m",6,"objects_203_v_optimized","m",1423
"1616","69ea7eb1026754c383c71dcb","6","Faces","m",7,"faces_347_h_optimized","m",926
"1617","69ea7eb1026754c383c71dcb","6","Animals","m",6,"animals_150_h_optimized","m",738
"1618","69ea7eb1026754c383c71dcb","6","Faces","z",2,"faces_010_h_optimized","z",1697
"1619","69ea7eb1026754c383c71dcb","6","Faces","z",4,"faces_014_h_optimized","z",1640
"1620","69ea7eb1026754c383c71dcb","6","Objects","z",3,"objects_132_h_optimized","z",1179
"1621","69ea7eb1026754c383c71dcb","6","Animals","m",7,"animals_169_h_optimized","m",1492
"1622","69ea7eb1026754c383c71dcb","6","Objects","m",7,"objects_171_h_optimized","m",895
"1623","69ea7eb1026754c383c71dcb","7","Faces","z",2,"faces_371_v_optimized","z",1060
"1624","69ea7eb1026754c383c71dcb","7","Landscapes","m",6,"landscapes_042_h_optimized","m",1403
"1625","69ea7eb1026754c383c71dcb","7","Objects","z",3,"objects_121_v_optimized","z",1150
"1626","69ea7eb1026754c383c71dcb","7","Faces","z",2,"faces_149_v_optimized","z",882
"1627","69ea7eb1026754c383c71dcb","7","Faces","z",4,"faces_015_h_optimized","z",656
"1628","69ea7eb1026754c383c71dcb","7","Objects","m",7,"objects_100_v_optimized","m",1000
"1629","69ea7eb1026754c383c71dcb","7","Animals","m",7,"animals_170_h_optimized","m",742
"1630","69ea7eb1026754c383c71dcb","7","Animals","z",3,"animals_045_h_optimized","z",893
"1631","69ea7eb1026754c383c71dcb","7","Objects","z",4,"objects_215_v_optimized","z",692
"1632","69ea7eb1026754c383c71dcb","7","Landscapes","m",7,"landscapes_059_v_optimized","m",1421
"1633","69ea7eb1026754c383c71dcb","7","Animals","m",6,"animals_144_h_optimized","m",1190
"1634","69ea7eb1026754c383c71dcb","7","Landscapes","m",8,"landscapes_165_h_optimized","m",1130
"1635","69ea7eb1026754c383c71dcb","7","Objects","m",6,"objects_198_h_optimized","m",1408
"1636","69ea7eb1026754c383c71dcb","7","Animals","z",4,"animals_036_h_optimized","m",1157
"1637","69ea7eb1026754c383c71dcb","7","Faces","z",3,"faces_302_h_optimized","z",944
"1638","69ea7eb1026754c383c71dcb","7","Animals","m",8,"animals_184_h_optimized","m",1204
"1639","69ea7eb1026754c383c71dcb","7","Objects","m",8,"objects_077_h_optimized","m",1663
"1640","69ea7eb1026754c383c71dcb","8","Landscapes","m",7,"landscapes_143_h_optimized","m",1888
"1641","69ea7eb1026754c383c71dcb","8","Landscapes","z",4,"landscapes_074_h_optimized","z",2123
"1642","69ea7eb1026754c383c71dcb","8","Animals","z",4,"animals_052__optimized","z",1118
"1643","69ea7eb1026754c383c71dcb","8","Animals","m",7,"animals_206_h_optimized","m",1110
"1644","69ea7eb1026754c383c71dcb","8","Objects","m",6,"objects_201_v_optimized","z",1310
"1645","69ea7eb1026754c383c71dcb","8","Landscapes","m",8,"landscapes_123_h_optimized","m",1038
"1646","69ea7eb1026754c383c71dcb","8","Animals","m",8,"animals_177_h_optimized","m",602
"1647","69ea7eb1026754c383c71dcb","8","Objects","z",4,"objects_156_v_optimized","z",1900
"1648","69ea7eb1026754c383c71dcb","8","People","m",8,"people_110_h_optimized","m",1438
"1649","69ea7eb1026754c383c71dcb","8","Animals","z",3,"animals_060_h_optimized","z",1135
"1650","69ea7eb1026754c383c71dcb","8","Faces","z",2,"faces_364_v_optimized","z",680
"1651","69ea7eb1026754c383c71dcb","8","Landscapes","z",3,"landscapes_004_h_optimized","z",1150
"1652","69ea7eb1026754c383c71dcb","8","Animals","m",6,"animals_119_h_optimized","m",618
"1653","69ea7eb1026754c383c71dcb","8","Objects","z",3,"objects_022_h_optimized","z",998
"1654","69ea7eb1026754c383c71dcb","8","Objects","z",2,"objects_149_h_optimized","z",1025
"1655","69ea7eb1026754c383c71dcb","8","Landscapes","m",6,"landscapes_055_h_optimized","z",1039
"1656","69ea7eb1026754c383c71dcb","8","Objects","m",7,"objects_075_h_optimized","m",1515
"1657","69eb800832758d43f529f9af","1","People","m",8,"people_113_h_optimized","m",1528
"1658","69eb800832758d43f529f9af","1","Landscapes","z",4,"landscapes_070_h_optimized","z",2223
"1659","69eb800832758d43f529f9af","1","Animals","z",4,"animals_065_h_optimized","z",2580
"1660","69eb800832758d43f529f9af","1","Objects","m",6,"objects_193_v_optimized","m",2957
"1661","69eb800832758d43f529f9af","1","Animals","m",8,"animals_166_v_optimized","m",1289
"1662","69eb800832758d43f529f9af","1","Objects","m",6,"objects_316_h_optimized","m",2405
"1663","69eb800832758d43f529f9af","1","Animals","z",2,"animals_078_h_optimized","z",2935
"1664","69eb800832758d43f529f9af","1","Animals","m",7,"animals_202_h_optimized","m",1337
"1665","69eb800832758d43f529f9af","1","Animals","z",3,"animals_038_h_optimized","z",1414
"1666","69eb800832758d43f529f9af","1","Objects","z",4,"objects_136_h_optimized","m",3800
"1667","69eb800832758d43f529f9af","1","Objects","z",3,"objects_007_h_optimized","z",1803
"1668","69eb800832758d43f529f9af","1","Faces","z",2,"faces_365_v_optimized","z",2052
"1669","69eb800832758d43f529f9af","1","Animals","m",6,"animals_055_h_optimized","m",1552
"1670","69eb800832758d43f529f9af","1","Objects","z",2,"objects_139_h_optimized","z",1629
"1671","69eb800832758d43f529f9af","1","Landscapes","m",8,"landscapes_116_v_optimized","m",1462
"1672","69eb800832758d43f529f9af","1","Objects","m",7,"objects_063_v_optimized","m",2882
"1673","69eb800832758d43f529f9af","1","Landscapes","z",3,"landscapes_118_v_optimized","m",2012
"1674","69eb800832758d43f529f9af","1","Objects","m",7,"objects_323_h_optimized","m",1555
"1675","69eb800832758d43f529f9af","2","Landscapes","m",8,"landscapes_096_h_optimized","m",1321
"1676","69eb800832758d43f529f9af","2","Objects","z",3,"objects_004_h_optimized","m",4756
"1677","69eb800832758d43f529f9af","2","Animals","m",8,"animals_156_h_optimized","m",1949
"1678","69eb800832758d43f529f9af","2","Objects","z",2,"objects_125_h_optimized","z",3590
"1679","69eb800832758d43f529f9af","2","Objects","m",7,"objects_291_h_optimized","m",1913
"1680","69eb800832758d43f529f9af","2","People","m",8,"people_172_v_optimized","m",1658
"1681","69eb800832758d43f529f9af","2","Faces","m",6,"faces_020_h_optimized","m",1824
"1682","69eb800832758d43f529f9af","2","Objects","z",4,"objects_318_h_optimized","m",3037
"1683","69eb800832758d43f529f9af","2","Objects","m",6,"objects_061_h_optimized","m",1788
"1684","69eb800832758d43f529f9af","2","Faces","z",2,"faces_366_h_optimized","z",1177
"1685","69eb800832758d43f529f9af","2","Animals","z",3,"animals_037_h_optimized","m",1616
"1686","69eb800832758d43f529f9af","2","Faces","m",7,"faces_242_h_optimized","z",893
"1687","69eb800832758d43f529f9af","2","Objects","z",4,"objects_116_v_optimized","z",1297
"1688","69eb800832758d43f529f9af","2","Objects","m",7,"objects_052_h_optimized","m",1845
"1689","69eb800832758d43f529f9af","2","Animals","z",4,"animals_073_h_optimized","z",2157
"1690","69eb800832758d43f529f9af","2","Objects","m",6,"objects_309_h_optimized","m",1621
"1691","69eb800832758d43f529f9af","2","Landscapes","z",3,"landscapes_007_h_optimized","z",1409
"1692","69eb800832758d43f529f9af","2","Animals","z",2,"animals_077_h_optimized","z",1489
"1693","69eb800832758d43f529f9af","3","Animals","z",2,"animals_074_h_optimized","z",1475
"1694","69eb800832758d43f529f9af","3","Faces","m",6,"faces_040_h_optimized","z",1018
"1695","69eb800832758d43f529f9af","3","Faces","z",2,"faces_367_h_optimized","z",1557
"1696","69eb800832758d43f529f9af","3","Objects","z",3,"objects_001_h_optimized","z",1336
"1697","69eb800832758d43f529f9af","3","Faces","m",8,"faces_002_v_optimized","m",3918
"1698","69eb800832758d43f529f9af","3","Objects","m",7,"objects_272_h_optimized","m",1133
"1699","69eb800832758d43f529f9af","3","Objects","m",6,"objects_297_h_optimized","m",932
"1700","69eb800832758d43f529f9af","3","Faces","z",3,"faces_003_h_optimized","z",1171
"1701","69eb800832758d43f529f9af","3","People","m",6,"people_138_h_optimized","m",1221
"1702","69eb800832758d43f529f9af","3","People","z",2,"people_246__optimized","z",867
"1703","69eb800832758d43f529f9af","3","People","m",7,"people_180_h_optimized","m",1048
"1704","69eb800832758d43f529f9af","3","Faces","m",7,"faces_243_v_optimized","m",1559
"1705","69eb800832758d43f529f9af","3","Objects","z",3,"objects_157_h_optimized","z",1681
"1706","69eb800832758d43f529f9af","3","Objects","z",4,"objects_287_h_optimized","m",1236
"1707","69eb800832758d43f529f9af","3","Faces","z",4,"faces_279_h_optimized","z",847
"1708","69eb800832758d43f529f9af","3","Landscapes","m",8,"landscapes_141_h_optimized","m",912
"1709","69eb800832758d43f529f9af","3","Objects","z",4,"objects_017_v_optimized","z",654
"1710","69eb800832758d43f529f9af","4","Faces","m",8,"faces_089_h_optimized","z",827
"1711","69eb800832758d43f529f9af","4","Objects","z",4,"objects_242_h_optimized","z",963
"1712","69eb800832758d43f529f9af","4","Objects","m",7,"objects_270_h_optimized","m",1451
"1713","69eb800832758d43f529f9af","4","Faces","z",4,"faces_280_h_optimized","z",1384
"1714","69eb800832758d43f529f9af","4","Faces","z",3,"faces_007_h_optimized","z",1408
"1715","69eb800832758d43f529f9af","4","Faces","m",6,"faces_045_h_optimized","z",1745
"1716","69eb800832758d43f529f9af","4","Objects","m",8,"objects_326_h_optimized","m",1198
"1717","69eb800832758d43f529f9af","4","Faces","z",2,"faces_159_h_optimized","z",708
"1718","69eb800832758d43f529f9af","4","Objects","m",6,"objects_294_h_optimized","m",1003
"1719","69eb800832758d43f529f9af","4","Objects","z",3,"objects_011_h_optimized","z",795
"1720","69eb800832758d43f529f9af","4","People","z",4,"people_080_h_optimized","z",1289
"1721","69eb800832758d43f529f9af","4","Faces","m",7,"faces_325_v_optimized","z",981
"1722","69eb800832758d43f529f9af","4","People","z",2,"people_220_h_optimized","z",742
"1723","69eb800832758d43f529f9af","4","People","m",6,"people_163_v_optimized","m",786
"1724","69eb800832758d43f529f9af","4","People","m",7,"people_173_h_optimized","m",1573
"1725","69eb800832758d43f529f9af","4","Animals","z",2,"animals_054_h_optimized","z",1289
"1726","69eb800832758d43f529f9af","4","Objects","z",3,"objects_154_h_optimized","z",1182
"1727","69eb800832758d43f529f9af","5","Faces","m",6,"faces_062_v_optimized","m",1088
"1728","69eb800832758d43f529f9af","5","Animals","m",8,"animals_220_h_optimized","m",1209
"1729","69eb800832758d43f529f9af","5","Objects","m",8,"objects_327_h_optimized","m",1004
"1730","69eb800832758d43f529f9af","5","People","z",4,"people_073_v_optimized","z",1286
"1731","69eb800832758d43f529f9af","5","Animals","z",2,"animals_071_h_optimized","z",1668
"1732","69eb800832758d43f529f9af","5","Objects","z",3,"objects_144_h_optimized","z",1524
"1733","69eb800832758d43f529f9af","5","Faces","m",8,"faces_109_v_optimized","m",1159
"1734","69eb800832758d43f529f9af","5","People","m",6,"people_248_h_optimized","z",1355
"1735","69eb800832758d43f529f9af","5","People","z",3,"people_133_h_optimized","m",1648
"1736","69eb800832758d43f529f9af","5","Faces","z",4,"faces_037_h_optimized","z",1479
"1737","69eb800832758d43f529f9af","5","Objects","m",7,"objects_254_h_optimized","m",1273
"1738","69eb800832758d43f529f9af","5","Faces","m",7,"faces_330_v_optimized","z",804
"1739","69eb800832758d43f529f9af","5","Faces","z",3,"faces_146_h_optimized","z",1529
"1740","69eb800832758d43f529f9af","5","Objects","m",6,"objects_250_h_optimized","m",1249
"1741","69eb800832758d43f529f9af","5","People","z",2,"people_211_v_optimized","z",1463
"1742","69eb800832758d43f529f9af","5","Objects","z",4,"objects_235_h_optimized","z",1232
"1743","69eb800832758d43f529f9af","5","Faces","z",2,"faces_143_v_optimized","z",1190
"1744","69eb800832758d43f529f9af","6","Animals","m",8,"animals_201_h_optimized","m",1329
"1745","69eb800832758d43f529f9af","6","Faces","z",4,"faces_014_h_optimized","z",1241
"1746","69eb800832758d43f529f9af","6","Objects","z",3,"objects_132_h_optimized","z",1927
"1747","69eb800832758d43f529f9af","6","Objects","z",4,"objects_236_h_optimized","z",1316
"1748","69eb800832758d43f529f9af","6","Faces","m",7,"faces_347_h_optimized","z",745
"1749","69eb800832758d43f529f9af","6","Animals","m",6,"animals_150_h_optimized","m",1530
"1750","69eb800832758d43f529f9af","6","People","z",3,"people_082_h_optimized","m",3667
"1751","69eb800832758d43f529f9af","6","Objects","m",7,"objects_171_h_optimized","m",1155
"1752","69eb800832758d43f529f9af","6","Faces","z",2,"faces_010_h_optimized","z",957
"1753","69eb800832758d43f529f9af","6","Faces","z",2,"faces_145_v_optimized","z",545
"1754","69eb800832758d43f529f9af","6","Faces","z",3,"faces_291_h_optimized","z",558
"1755","69eb800832758d43f529f9af","6","Landscapes","m",6,"landscapes_069_v_optimized","m",2528
"1756","69eb800832758d43f529f9af","6","Landscapes","m",8,"landscapes_168_h_optimized","z",1228
"1757","69eb800832758d43f529f9af","6","People","z",2,"people_205_v_optimized","z",1076
"1758","69eb800832758d43f529f9af","6","Objects","m",6,"objects_203_v_optimized","m",1752
"1759","69eb800832758d43f529f9af","6","Objects","m",8,"objects_084_v_optimized","m",1321
"1760","69eb800832758d43f529f9af","6","Animals","m",7,"animals_169_h_optimized","m",789
"1761","69eb800832758d43f529f9af","7","Faces","z",2,"faces_149_v_optimized","z",1385
"1762","69eb800832758d43f529f9af","7","Animals","z",4,"animals_036_h_optimized","z",1772
"1763","69eb800832758d43f529f9af","7","Objects","z",4,"objects_215_v_optimized","z",1303
"1764","69eb800832758d43f529f9af","7","Animals","m",8,"animals_184_h_optimized","m",1386
"1765","69eb800832758d43f529f9af","7","Objects","z",3,"objects_121_v_optimized","z",1015
"1766","69eb800832758d43f529f9af","7","Landscapes","m",8,"landscapes_165_h_optimized","m",723
"1767","69eb800832758d43f529f9af","7","Animals","m",6,"animals_144_h_optimized","z",851
"1768","69eb800832758d43f529f9af","7","Animals","z",3,"animals_045_h_optimized","z",1057
"1769","69eb800832758d43f529f9af","7","Objects","m",8,"objects_077_h_optimized","m",1570
"1770","69eb800832758d43f529f9af","7","Objects","m",6,"objects_198_h_optimized","m",1007
"1771","69eb800832758d43f529f9af","7","Faces","z",4,"faces_015_h_optimized","z",1092
"1772","69eb800832758d43f529f9af","7","Faces","z",3,"faces_302_h_optimized","z",1309
"1773","69eb800832758d43f529f9af","7","Landscapes","m",6,"landscapes_042_h_optimized","m",1577
"1774","69eb800832758d43f529f9af","7","Animals","m",7,"animals_170_h_optimized","m",1200
"1775","69eb800832758d43f529f9af","7","Objects","m",7,"objects_100_v_optimized","m",1892
"1776","69eb800832758d43f529f9af","7","Faces","z",2,"faces_371_v_optimized","z",580
"1777","69eb800832758d43f529f9af","7","Landscapes","m",7,"landscapes_059_v_optimized","z",769
"1778","69eb800832758d43f529f9af","8","Animals","m",6,"animals_119_h_optimized","m",1839
"1779","69eb800832758d43f529f9af","8","Objects","z",4,"objects_156_v_optimized","z",1910
"1780","69eb800832758d43f529f9af","8","Landscapes","m",6,"landscapes_055_h_optimized","m",1392
"1781","69eb800832758d43f529f9af","8","Objects","m",6,"objects_201_v_optimized","m",1954
"1782","69eb800832758d43f529f9af","8","Landscapes","m",8,"landscapes_123_h_optimized","z",759
"1783","69eb800832758d43f529f9af","8","Objects","z",2,"objects_149_h_optimized","z",1883
"1784","69eb800832758d43f529f9af","8","Animals","m",7,"animals_206_h_optimized","z",1410
"1785","69eb800832758d43f529f9af","8","Objects","m",7,"objects_075_h_optimized","m",2003
"1786","69eb800832758d43f529f9af","8","Animals","z",3,"animals_060_h_optimized","z",1347
"1787","69eb800832758d43f529f9af","8","Landscapes","z",3,"landscapes_004_h_optimized","m",6139
"1788","69eb800832758d43f529f9af","8","Landscapes","z",4,"landscapes_074_h_optimized","z",907
"1789","69eb800832758d43f529f9af","8","People","m",8,"people_110_h_optimized","m",1124
"1790","69eb800832758d43f529f9af","8","Objects","z",3,"objects_022_h_optimized","z",1873
"1791","69eb800832758d43f529f9af","8","Faces","z",2,"faces_364_v_optimized","z",558
"1792","69eb800832758d43f529f9af","8","Animals","m",8,"animals_177_h_optimized","m",1349
"1793","69eb800832758d43f529f9af","8","Animals","z",4,"animals_052__optimized","z",1193
"1794","69eb800832758d43f529f9af","8","Landscapes","m",7,"landscapes_143_h_optimized","m",1713
"1795","69ee792c66e99d9dc5c7793f","1","Animals","z",3,"animals_038_h_optimized","z",1116
"1796","69ee792c66e99d9dc5c7793f","1","Animals","m",7,"animals_202_h_optimized","m",699
"1797","69ee792c66e99d9dc5c7793f","1","Objects","m",6,"objects_316_h_optimized","m",738
"1798","69ee792c66e99d9dc5c7793f","1","Objects","m",7,"objects_323_h_optimized","m",882
"1799","69ee792c66e99d9dc5c7793f","1","Animals","z",4,"animals_065_h_optimized","z",1086
"1800","69ee792c66e99d9dc5c7793f","1","Objects","z",3,"objects_007_h_optimized","m",1159
"1801","69ee792c66e99d9dc5c7793f","1","Landscapes","m",8,"landscapes_116_v_optimized","m",1067
"1802","69ee792c66e99d9dc5c7793f","1","Animals","z",2,"animals_078_h_optimized","z",1329
"1803","69ee792c66e99d9dc5c7793f","1","People","m",8,"people_113_h_optimized","m",1608
"1804","69ee792c66e99d9dc5c7793f","1","Faces","z",2,"faces_365_v_optimized","z",1915
"1805","69ee792c66e99d9dc5c7793f","1","Animals","m",8,"animals_166_v_optimized","m",1087
"1806","69ee792c66e99d9dc5c7793f","1","Objects","z",4,"objects_136_h_optimized","z",714
"1807","69ee792c66e99d9dc5c7793f","1","Landscapes","z",3,"landscapes_118_v_optimized","z",1746
"1808","69ee792c66e99d9dc5c7793f","1","Objects","m",6,"objects_193_v_optimized","m",874
"1809","69ee792c66e99d9dc5c7793f","1","Objects","m",7,"objects_063_v_optimized","z",1375
"1810","69ee792c66e99d9dc5c7793f","1","Objects","z",2,"objects_139_h_optimized","z",1417
"1811","69ee792c66e99d9dc5c7793f","1","Animals","m",6,"animals_055_h_optimized","m",2826
"1812","69ee792c66e99d9dc5c7793f","1","Landscapes","z",4,"landscapes_070_h_optimized","z",1866
"1813","69ee792c66e99d9dc5c7793f","2","Animals","z",2,"animals_077_h_optimized","z",1373
"1814","69ee792c66e99d9dc5c7793f","2","Landscapes","m",8,"landscapes_096_h_optimized","m",692
"1815","69ee792c66e99d9dc5c7793f","2","Objects","m",7,"objects_291_h_optimized","m",692
"1816","69ee792c66e99d9dc5c7793f","2","Objects","z",2,"objects_125_h_optimized","z",846
"1817","69ee792c66e99d9dc5c7793f","2","Faces","m",6,"faces_020_h_optimized","m",848
"1818","69ee792c66e99d9dc5c7793f","2","Animals","z",3,"animals_037_h_optimized","m",697
"1819","69ee792c66e99d9dc5c7793f","2","Objects","m",6,"objects_309_h_optimized","m",1179
"1820","69ee792c66e99d9dc5c7793f","2","People","m",8,"people_172_v_optimized","m",774
"1821","69ee792c66e99d9dc5c7793f","2","Faces","m",7,"faces_242_h_optimized","z",953
"1822","69ee792c66e99d9dc5c7793f","2","Landscapes","z",3,"landscapes_007_h_optimized","m",636
"1823","69ee792c66e99d9dc5c7793f","2","Objects","m",6,"objects_061_h_optimized","m",649
"1824","69ee792c66e99d9dc5c7793f","2","Objects","z",3,"objects_004_h_optimized","z",737
"1825","69ee792c66e99d9dc5c7793f","2","Objects","m",7,"objects_052_h_optimized","z",859
"1826","69ee792c66e99d9dc5c7793f","2","Objects","z",4,"objects_116_v_optimized","m",711
"1827","69ee792c66e99d9dc5c7793f","2","Animals","z",4,"animals_073_h_optimized","m",932
"1828","69ee792c66e99d9dc5c7793f","2","Objects","z",4,"objects_318_h_optimized","m",765
"1829","69ee792c66e99d9dc5c7793f","2","Faces","z",2,"faces_366_h_optimized","z",965
"1830","69ee792c66e99d9dc5c7793f","2","Animals","m",8,"animals_156_h_optimized","m",982
"1831","69ee792c66e99d9dc5c7793f","3","Objects","m",7,"objects_272_h_optimized","m",991
"1832","69ee792c66e99d9dc5c7793f","3","Faces","m",6,"faces_040_h_optimized","m",1419
"1833","69ee792c66e99d9dc5c7793f","3","Objects","z",3,"objects_157_h_optimized","z",2261
"1834","69ee792c66e99d9dc5c7793f","3","Faces","z",4,"faces_279_h_optimized","z",819
"1835","69ee792c66e99d9dc5c7793f","3","Animals","z",2,"animals_074_h_optimized","z",1236
"1836","69ee792c66e99d9dc5c7793f","3","Landscapes","m",8,"landscapes_141_h_optimized","z",745
"1837","69ee792c66e99d9dc5c7793f","3","Objects","m",6,"objects_297_h_optimized","m",831
"1838","69ee792c66e99d9dc5c7793f","3","People","m",6,"people_138_h_optimized","z",738
"1839","69ee792c66e99d9dc5c7793f","3","Objects","z",4,"objects_287_h_optimized","z",1396
"1840","69ee792c66e99d9dc5c7793f","3","Faces","z",2,"faces_367_h_optimized","z",999
"1841","69ee792c66e99d9dc5c7793f","3","Faces","m",8,"faces_002_v_optimized","z",1308
"1842","69ee792c66e99d9dc5c7793f","3","Objects","z",4,"objects_017_v_optimized","z",859
"1843","69ee792c66e99d9dc5c7793f","3","People","m",7,"people_180_h_optimized","m",1893
"1844","69ee792c66e99d9dc5c7793f","3","People","z",2,"people_246__optimized","z",2186
"1845","69ee792c66e99d9dc5c7793f","3","Objects","z",3,"objects_001_h_optimized","m",1780
"1846","69ee792c66e99d9dc5c7793f","3","Faces","z",3,"faces_003_h_optimized","z",3307
"1847","69ee792c66e99d9dc5c7793f","3","Faces","m",7,"faces_243_v_optimized","m",1189
"1848","69ee792c66e99d9dc5c7793f","4","Faces","z",4,"faces_280_h_optimized","z",818
"1849","69ee792c66e99d9dc5c7793f","4","Objects","m",6,"objects_294_h_optimized","z",937
"1850","69ee792c66e99d9dc5c7793f","4","Faces","z",2,"faces_159_h_optimized","z",985
"1851","69ee792c66e99d9dc5c7793f","4","Objects","m",8,"objects_326_h_optimized","m",1146
"1852","69ee792c66e99d9dc5c7793f","4","Faces","m",6,"faces_045_h_optimized","z",1106
"1853","69ee792c66e99d9dc5c7793f","4","Faces","m",7,"faces_325_v_optimized","z",747
"1854","69ee792c66e99d9dc5c7793f","4","Faces","m",8,"faces_089_h_optimized","m",784
"1855","69ee792c66e99d9dc5c7793f","4","Faces","z",3,"faces_007_h_optimized","z",715
"1856","69ee792c66e99d9dc5c7793f","4","Objects","z",4,"objects_242_h_optimized","m",1162
"1857","69ee792c66e99d9dc5c7793f","4","Objects","z",3,"objects_011_h_optimized","z",1457
"1858","69ee792c66e99d9dc5c7793f","4","People","m",7,"people_173_h_optimized","z",1286
"1859","69ee792c66e99d9dc5c7793f","4","People","z",4,"people_080_h_optimized","z",1196
"1860","69ee792c66e99d9dc5c7793f","4","Animals","z",2,"animals_054_h_optimized","m",2071
"1861","69ee792c66e99d9dc5c7793f","4","Objects","m",7,"objects_270_h_optimized","z",2609
"1862","69ee792c66e99d9dc5c7793f","4","People","m",6,"people_163_v_optimized","z",1600
"1863","69ee792c66e99d9dc5c7793f","4","Objects","z",3,"objects_154_h_optimized","z",1077
"1864","69ee792c66e99d9dc5c7793f","4","People","z",2,"people_220_h_optimized","z",893
"1865","69ee792c66e99d9dc5c7793f","5","Faces","m",6,"faces_062_v_optimized","z",1611
"1866","69ee792c66e99d9dc5c7793f","5","Faces","m",7,"faces_330_v_optimized","z",1167
"1867","69ee792c66e99d9dc5c7793f","5","People","z",2,"people_211_v_optimized","z",1697
"1868","69ee792c66e99d9dc5c7793f","5","Objects","m",8,"objects_327_h_optimized","m",1109
"1869","69ee792c66e99d9dc5c7793f","5","Objects","z",4,"objects_235_h_optimized","m",1354
"1870","69ee792c66e99d9dc5c7793f","5","Objects","z",3,"objects_144_h_optimized","z",1035
"1871","69ee792c66e99d9dc5c7793f","5","Faces","m",8,"faces_109_v_optimized","z",1929
"1872","69ee792c66e99d9dc5c7793f","5","Faces","z",4,"faces_037_h_optimized","z",1275
"1873","69ee792c66e99d9dc5c7793f","5","People","z",3,"people_133_h_optimized","m",1324
"1874","69ee792c66e99d9dc5c7793f","5","Faces","z",2,"faces_143_v_optimized","z",1167
"1875","69ee792c66e99d9dc5c7793f","5","People","m",6,"people_248_h_optimized","m",1708
"1876","69ee792c66e99d9dc5c7793f","5","Objects","m",7,"objects_254_h_optimized","z",1070
"1877","69ee792c66e99d9dc5c7793f","5","Animals","z",2,"animals_071_h_optimized","m",1069
"1878","69ee792c66e99d9dc5c7793f","5","Objects","m",6,"objects_250_h_optimized","m",871
"1879","69ee792c66e99d9dc5c7793f","5","Animals","m",8,"animals_220_h_optimized","z",696
"1880","69ee792c66e99d9dc5c7793f","5","Faces","z",3,"faces_146_h_optimized","z",1234
"1881","69ee792c66e99d9dc5c7793f","5","People","z",4,"people_073_v_optimized","m",1405
"1882","69ee792c66e99d9dc5c7793f","6","Landscapes","m",6,"landscapes_069_v_optimized","z",1410
"1883","69ee792c66e99d9dc5c7793f","6","Faces","z",2,"faces_145_v_optimized","z",858
"1884","69ee792c66e99d9dc5c7793f","6","Objects","m",7,"objects_171_h_optimized","z",917
"1885","69ee792c66e99d9dc5c7793f","6","Animals","m",8,"animals_201_h_optimized","z",1191
"1886","69ee792c66e99d9dc5c7793f","6","Animals","m",7,"animals_169_h_optimized","m",872
"1887","69ee792c66e99d9dc5c7793f","6","People","z",3,"people_082_h_optimized","z",798
"1888","69ee792c66e99d9dc5c7793f","6","Faces","z",3,"faces_291_h_optimized","m",1424
"1889","69ee792c66e99d9dc5c7793f","6","Faces","m",7,"faces_347_h_optimized","z",1769
"1890","69ee792c66e99d9dc5c7793f","6","Faces","z",4,"faces_014_h_optimized","m",1572
"1891","69ee792c66e99d9dc5c7793f","6","Landscapes","m",8,"landscapes_168_h_optimized","m",985
"1892","69ee792c66e99d9dc5c7793f","6","People","z",2,"people_205_v_optimized","z",1223
"1893","69ee792c66e99d9dc5c7793f","6","Objects","z",4,"objects_236_h_optimized","z",804
"1894","69ee792c66e99d9dc5c7793f","6","Objects","m",6,"objects_203_v_optimized","z",904
"1895","69ee792c66e99d9dc5c7793f","6","Objects","z",3,"objects_132_h_optimized","z",648
"1896","69ee792c66e99d9dc5c7793f","6","Animals","m",6,"animals_150_h_optimized","m",1500
"1897","69ee792c66e99d9dc5c7793f","6","Objects","m",8,"objects_084_v_optimized","m",1255
"1898","69ee792c66e99d9dc5c7793f","6","Faces","z",2,"faces_010_h_optimized","z",1296
"1899","69ee792c66e99d9dc5c7793f","7","Faces","z",2,"faces_149_v_optimized","z",1187
"1900","69ee792c66e99d9dc5c7793f","7","Faces","z",4,"faces_015_h_optimized","m",1492
"1901","69ee792c66e99d9dc5c7793f","7","Objects","m",6,"objects_198_h_optimized","z",703
"1902","69ee792c66e99d9dc5c7793f","7","Animals","m",7,"animals_170_h_optimized","z",2681
"1903","69ee792c66e99d9dc5c7793f","7","Objects","m",8,"objects_077_h_optimized","m",840
"1904","69ee792c66e99d9dc5c7793f","7","Animals","m",6,"animals_144_h_optimized","m",1146
"1905","69ee792c66e99d9dc5c7793f","7","Animals","m",8,"animals_184_h_optimized","m",1592
"1906","69ee792c66e99d9dc5c7793f","7","Faces","z",2,"faces_371_v_optimized","m",2199
"1907","69ee792c66e99d9dc5c7793f","7","Faces","z",3,"faces_302_h_optimized","m",1493
"1908","69ee792c66e99d9dc5c7793f","7","Animals","z",3,"animals_045_h_optimized","z",1006
"1909","69ee792c66e99d9dc5c7793f","7","Objects","z",3,"objects_121_v_optimized","z",1717
"1910","69ee792c66e99d9dc5c7793f","7","Objects","z",4,"objects_215_v_optimized","z",1394
"1911","69ee792c66e99d9dc5c7793f","7","Landscapes","m",6,"landscapes_042_h_optimized","m",1288
"1912","69ee792c66e99d9dc5c7793f","7","Objects","m",7,"objects_100_v_optimized","m",1030
"1913","69ee792c66e99d9dc5c7793f","7","Animals","z",4,"animals_036_h_optimized","m",1654
"1914","69ee792c66e99d9dc5c7793f","7","Landscapes","m",7,"landscapes_059_v_optimized","m",1603
"1915","69ee792c66e99d9dc5c7793f","7","Landscapes","m",8,"landscapes_165_h_optimized","m",1181
"1916","69ee792c66e99d9dc5c7793f","8","Objects","m",7,"objects_075_h_optimized","m",1771
"1917","69ee792c66e99d9dc5c7793f","8","People","m",8,"people_110_h_optimized","m",973
"1918","69ee792c66e99d9dc5c7793f","8","Objects","z",3,"objects_022_h_optimized","z",1492
"1919","69ee792c66e99d9dc5c7793f","8","Landscapes","z",4,"landscapes_074_h_optimized","m",1186
"1920","69ee792c66e99d9dc5c7793f","8","Landscapes","m",7,"landscapes_143_h_optimized","m",988
"1921","69ee792c66e99d9dc5c7793f","8","Landscapes","m",6,"landscapes_055_h_optimized","z",1699
"1922","69ee792c66e99d9dc5c7793f","8","Animals","z",4,"animals_052__optimized","z",2001
"1923","69ee792c66e99d9dc5c7793f","8","Objects","z",2,"objects_149_h_optimized","z",1385
"1924","69ee792c66e99d9dc5c7793f","8","Animals","m",6,"animals_119_h_optimized","z",1081
"1925","69ee792c66e99d9dc5c7793f","8","Animals","m",8,"animals_177_h_optimized","m",1488
"1926","69ee792c66e99d9dc5c7793f","8","Faces","z",2,"faces_364_v_optimized","z",1325
"1927","69ee792c66e99d9dc5c7793f","8","Objects","z",4,"objects_156_v_optimized","z",1514
"1928","69ee792c66e99d9dc5c7793f","8","Landscapes","m",8,"landscapes_123_h_optimized","m",757
"1929","69ee792c66e99d9dc5c7793f","8","Landscapes","z",3,"landscapes_004_h_optimized","z",939
"1930","69ee792c66e99d9dc5c7793f","8","Animals","m",7,"animals_206_h_optimized","m",1549
"1931","69ee792c66e99d9dc5c7793f","8","Objects","m",6,"objects_201_v_optimized","m",5301
"1932","69ee792c66e99d9dc5c7793f","8","Animals","z",3,"animals_060_h_optimized","m",2253
"1933","69a65cb77a65aab485084932","1","Objects","z",3,"objects_007_h_optimized","m",1173
"1934","69a65cb77a65aab485084932","1","Objects","z",4,"objects_136_h_optimized","z",1602
"1935","69a65cb77a65aab485084932","1","Objects","m",6,"objects_316_h_optimized","m",1312
"1936","69a65cb77a65aab485084932","1","Animals","z",3,"animals_038_h_optimized","z",1909
"1937","69a65cb77a65aab485084932","1","Animals","z",2,"animals_078_h_optimized","z",2272
"1938","69a65cb77a65aab485084932","1","Animals","z",4,"animals_065_h_optimized","z",1988
"1939","69a65cb77a65aab485084932","1","Animals","m",7,"animals_202_h_optimized","m",1675
"1940","69a65cb77a65aab485084932","1","People","m",8,"people_113_h_optimized","m",1018
"1941","69a65cb77a65aab485084932","1","Objects","m",7,"objects_323_h_optimized","m",1305
"1942","69a65cb77a65aab485084932","1","Animals","m",8,"animals_166_v_optimized","m",1349
"1943","69a65cb77a65aab485084932","1","Objects","m",6,"objects_193_v_optimized","m",1772
"1944","69a65cb77a65aab485084932","1","Landscapes","z",3,"landscapes_118_v_optimized","z",1941
"1945","69a65cb77a65aab485084932","1","Landscapes","z",4,"landscapes_070_h_optimized","m",1552
"1946","69a65cb77a65aab485084932","1","Landscapes","m",8,"landscapes_116_v_optimized","m",1238
"1947","69a65cb77a65aab485084932","1","Objects","m",7,"objects_063_v_optimized","m",1519
"1948","69a65cb77a65aab485084932","1","Faces","z",2,"faces_365_v_optimized","z",1801
"1949","69a65cb77a65aab485084932","1","Animals","m",6,"animals_055_h_optimized","m",1084
"1950","69a65cb77a65aab485084932","1","Objects","z",2,"objects_139_h_optimized","z",1796
"1951","69a65cb77a65aab485084932","2","Faces","m",7,"faces_242_h_optimized","m",1143
"1952","69a65cb77a65aab485084932","2","Faces","m",6,"faces_020_h_optimized","m",1158
"1953","69a65cb77a65aab485084932","2","Landscapes","m",8,"landscapes_096_h_optimized","m",956
"1954","69a65cb77a65aab485084932","2","Animals","z",4,"animals_073_h_optimized","m",2600
"1955","69a65cb77a65aab485084932","2","Landscapes","z",3,"landscapes_007_h_optimized","z",1420
"1956","69a65cb77a65aab485084932","2","Objects","m",6,"objects_309_h_optimized","m",954
"1957","69a65cb77a65aab485084932","2","People","m",8,"people_172_v_optimized","m",1490
"1958","69a65cb77a65aab485084932","2","Faces","z",2,"faces_366_h_optimized","z",2073
"1959","69a65cb77a65aab485084932","2","Objects","m",7,"objects_052_h_optimized","m",2007
"1960","69a65cb77a65aab485084932","2","Animals","m",8,"animals_156_h_optimized","m",1078
"1961","69a65cb77a65aab485084932","2","Objects","m",7,"objects_291_h_optimized","m",1280
"1962","69a65cb77a65aab485084932","2","Animals","z",3,"animals_037_h_optimized","m",1375
"1963","69a65cb77a65aab485084932","2","Objects","z",4,"objects_116_v_optimized","z",1968
"1964","69a65cb77a65aab485084932","2","Objects","z",3,"objects_004_h_optimized","z",2274
"1965","69a65cb77a65aab485084932","2","Objects","z",2,"objects_125_h_optimized","z",2257
"1966","69a65cb77a65aab485084932","2","Animals","z",2,"animals_077_h_optimized","z",2753
"1967","69a65cb77a65aab485084932","2","Objects","m",6,"objects_061_h_optimized","m",1992
"1968","69a65cb77a65aab485084932","2","Objects","z",4,"objects_318_h_optimized","m",1384
"1969","69a65cb77a65aab485084932","3","Objects","m",7,"objects_272_h_optimized","z",2295
"1970","69a65cb77a65aab485084932","3","Objects","z",3,"objects_157_h_optimized","z",1843
"1971","69a65cb77a65aab485084932","3","Faces","z",2,"faces_367_h_optimized","z",1266
"1972","69a65cb77a65aab485084932","3","Objects","m",6,"objects_297_h_optimized","m",1212
"1973","69a65cb77a65aab485084932","3","Faces","z",4,"faces_279_h_optimized","m",1187
"1974","69a65cb77a65aab485084932","3","People","m",7,"people_180_h_optimized","m",1056
"1975","69a65cb77a65aab485084932","3","Faces","m",7,"faces_243_v_optimized","m",1027
"1976","69a65cb77a65aab485084932","3","People","z",2,"people_246__optimized","z",1894
"1977","69a65cb77a65aab485084932","3","Objects","z",4,"objects_017_v_optimized","z",1502
"1978","69a65cb77a65aab485084932","3","People","m",6,"people_138_h_optimized","m",1223
"1979","69a65cb77a65aab485084932","3","Objects","z",4,"objects_287_h_optimized","z",2189
"1980","69a65cb77a65aab485084932","3","Faces","m",8,"faces_002_v_optimized","m",1957
"1981","69a65cb77a65aab485084932","3","Faces","m",6,"faces_040_h_optimized","z",1929
"1982","69a65cb77a65aab485084932","3","Animals","z",2,"animals_074_h_optimized","z",2285
"1983","69a65cb77a65aab485084932","3","Objects","z",3,"objects_001_h_optimized","z",2039
"1984","69a65cb77a65aab485084932","3","Faces","z",3,"faces_003_h_optimized","z",1670
"1985","69a65cb77a65aab485084932","3","Landscapes","m",8,"landscapes_141_h_optimized","z",1752
"1986","69a65cb77a65aab485084932","4","People","m",6,"people_163_v_optimized","z",2356
"1987","69a65cb77a65aab485084932","4","Objects","m",8,"objects_326_h_optimized","m",1594
"1988","69a65cb77a65aab485084932","4","Objects","m",6,"objects_294_h_optimized","m",1930
"1989","69a65cb77a65aab485084932","4","Objects","z",3,"objects_154_h_optimized","z",1930
"1990","69a65cb77a65aab485084932","4","People","m",7,"people_173_h_optimized","z",2156
"1991","69a65cb77a65aab485084932","4","Faces","z",3,"faces_007_h_optimized","z",2740
"1992","69a65cb77a65aab485084932","4","Objects","z",4,"objects_242_h_optimized","z",2055
"1993","69a65cb77a65aab485084932","4","Faces","m",6,"faces_045_h_optimized","m",2806
"1994","69a65cb77a65aab485084932","4","Faces","z",4,"faces_280_h_optimized","z",1742
"1995","69a65cb77a65aab485084932","4","Faces","z",2,"faces_159_h_optimized","z",1288
"1996","69a65cb77a65aab485084932","4","Objects","m",7,"objects_270_h_optimized","z",1591
"1997","69a65cb77a65aab485084932","4","People","z",2,"people_220_h_optimized","z",2155
"1998","69a65cb77a65aab485084932","4","Animals","z",2,"animals_054_h_optimized","z",2068
"1999","69a65cb77a65aab485084932","4","Objects","z",3,"objects_011_h_optimized","z",2376
"2000","69a65cb77a65aab485084932","4","People","z",4,"people_080_h_optimized","z",1648
"2001","69a65cb77a65aab485084932","4","Faces","m",7,"faces_325_v_optimized","m",1401
"2002","69a65cb77a65aab485084932","4","Faces","m",8,"faces_089_h_optimized","m",2295
"2003","69a65cb77a65aab485084932","5","Animals","m",8,"animals_220_h_optimized","m",1777
"2004","69a65cb77a65aab485084932","5","Objects","m",6,"objects_250_h_optimized","m",1460
"2005","69a65cb77a65aab485084932","5","Faces","z",4,"faces_037_h_optimized","z",1610
"2006","69a65cb77a65aab485084932","5","People","z",2,"people_211_v_optimized","z",1637
"2007","69a65cb77a65aab485084932","5","People","z",3,"people_133_h_optimized","z",1797
"2008","69a65cb77a65aab485084932","5","Objects","m",8,"objects_327_h_optimized","m",1568
"2009","69a65cb77a65aab485084932","5","Faces","m",6,"faces_062_v_optimized","m",2120
"2010","69a65cb77a65aab485084932","5","Objects","z",3,"objects_144_h_optimized","z",1737
"2011","69a65cb77a65aab485084932","5","Animals","z",2,"animals_071_h_optimized","z",2255
"2012","69a65cb77a65aab485084932","5","Objects","z",4,"objects_235_h_optimized","z",2003
"2013","69a65cb77a65aab485084932","5","People","z",4,"people_073_v_optimized","z",2145
"2014","69a65cb77a65aab485084932","5","People","m",6,"people_248_h_optimized","m",2240
"2015","69a65cb77a65aab485084932","5","Objects","m",7,"objects_254_h_optimized","m",1928
"2016","69a65cb77a65aab485084932","5","Faces","z",3,"faces_146_h_optimized","z",1812
"2017","69a65cb77a65aab485084932","5","Faces","m",7,"faces_330_v_optimized","m",2289
"2018","69a65cb77a65aab485084932","5","Faces","z",2,"faces_143_v_optimized","z",2100
"2019","69a65cb77a65aab485084932","5","Faces","m",8,"faces_109_v_optimized","m",1701
"2020","69a65cb77a65aab485084932","6","Faces","z",2,"faces_145_v_optimized","z",2864
"2021","69a65cb77a65aab485084932","6","Faces","z",3,"faces_291_h_optimized","z",2015
"2022","69a65cb77a65aab485084932","6","People","z",3,"people_082_h_optimized","m",1585
"2023","69a65cb77a65aab485084932","6","Animals","m",8,"animals_201_h_optimized","m",1357
"2024","69a65cb77a65aab485084932","6","People","z",2,"people_205_v_optimized","z",3365
"2025","69a65cb77a65aab485084932","6","Animals","m",6,"animals_150_h_optimized","m",2512
"2026","69a65cb77a65aab485084932","6","Animals","m",7,"animals_169_h_optimized","m",1802
"2027","69a65cb77a65aab485084932","6","Landscapes","m",8,"landscapes_168_h_optimized","m",1640
"2028","69a65cb77a65aab485084932","6","Landscapes","m",6,"landscapes_069_v_optimized","m",2131
"2029","69a65cb77a65aab485084932","6","Objects","m",8,"objects_084_v_optimized","m",1425
"2030","69a65cb77a65aab485084932","6","Objects","z",4,"objects_236_h_optimized","m",1403
"2031","69a65cb77a65aab485084932","6","Faces","m",7,"faces_347_h_optimized","z",5052
"2032","69a65cb77a65aab485084932","6","Faces","z",2,"faces_010_h_optimized","z",1796
"2033","69a65cb77a65aab485084932","6","Faces","z",4,"faces_014_h_optimized","z",2099
"2034","69a65cb77a65aab485084932","6","Objects","m",6,"objects_203_v_optimized","z",1993
"2035","69a65cb77a65aab485084932","6","Objects","z",3,"objects_132_h_optimized","m",2641
"2036","69a65cb77a65aab485084932","6","Objects","m",7,"objects_171_h_optimized","m",1723
"2037","69a65cb77a65aab485084932","7","Animals","m",6,"animals_144_h_optimized","m",2054
"2038","69a65cb77a65aab485084932","7","Faces","z",2,"faces_149_v_optimized","z",1876
"2039","69a65cb77a65aab485084932","7","Objects","m",7,"objects_100_v_optimized","m",1887
"2040","69a65cb77a65aab485084932","7","Animals","z",3,"animals_045_h_optimized","z",1953
"2041","69a65cb77a65aab485084932","7","Objects","z",3,"objects_121_v_optimized","z",2068
"2042","69a65cb77a65aab485084932","7","Landscapes","m",8,"landscapes_165_h_optimized","m",1706
"2043","69a65cb77a65aab485084932","7","Objects","m",8,"objects_077_h_optimized","m",1438
"2044","69a65cb77a65aab485084932","7","Landscapes","m",7,"landscapes_059_v_optimized","m",1320
"2045","69a65cb77a65aab485084932","7","Objects","m",6,"objects_198_h_optimized","m",1392
"2046","69a65cb77a65aab485084932","7","Faces","z",2,"faces_371_v_optimized","z",1418
"2047","69a65cb77a65aab485084932","7","Faces","z",4,"faces_015_h_optimized","m",1803
"2048","69a65cb77a65aab485084932","7","Faces","z",3,"faces_302_h_optimized","m",1491
"2049","69a65cb77a65aab485084932","7","Animals","m",8,"animals_184_h_optimized","m",1120
"2050","69a65cb77a65aab485084932","7","Objects","z",4,"objects_215_v_optimized","z",2272
"2051","69a65cb77a65aab485084932","7","Animals","z",4,"animals_036_h_optimized","m",1303
"2052","69a65cb77a65aab485084932","7","Animals","m",7,"animals_170_h_optimized","m",1088
"2053","69a65cb77a65aab485084932","7","Landscapes","m",6,"landscapes_042_h_optimized","m",1169
"2054","69a65cb77a65aab485084932","8","Animals","z",3,"animals_060_h_optimized","z",2770
"2055","69a65cb77a65aab485084932","8","People","m",8,"people_110_h_optimized","m",876
"2056","69a65cb77a65aab485084932","8","Objects","z",2,"objects_149_h_optimized","z",1825
"2057","69a65cb77a65aab485084932","8","Faces","z",2,"faces_364_v_optimized","z",1354
"2058","69a65cb77a65aab485084932","8","Landscapes","m",8,"landscapes_123_h_optimized","m",831
"2059","69a65cb77a65aab485084932","8","Objects","z",4,"objects_156_v_optimized","m",2219
"2060","69a65cb77a65aab485084932","8","Objects","m",6,"objects_201_v_optimized","m",2024
"2061","69a65cb77a65aab485084932","8","Animals","m",7,"animals_206_h_optimized","m",1319
"2062","69a65cb77a65aab485084932","8","Animals","m",8,"animals_177_h_optimized","m",978
"2063","69a65cb77a65aab485084932","8","Landscapes","z",4,"landscapes_074_h_optimized","z",1918
"2064","69a65cb77a65aab485084932","8","Animals","m",6,"animals_119_h_optimized","m",855
"2065","69a65cb77a65aab485084932","8","Landscapes","z",3,"landscapes_004_h_optimized","z",2526
"2066","69a65cb77a65aab485084932","8","Animals","z",4,"animals_052__optimized","z",2645
"2067","69a65cb77a65aab485084932","8","Landscapes","m",6,"landscapes_055_h_optimized","m",1543
"2068","69a65cb77a65aab485084932","8","Objects","z",3,"objects_022_h_optimized","z",2606
"2069","69a65cb77a65aab485084932","8","Objects","m",7,"objects_075_h_optimized","m",1370
"2070","69a65cb77a65aab485084932","8","Landscapes","m",7,"landscapes_143_h_optimized","m",1200
"2071","67f12c6537225c87ef8abc87","1","Landscapes","z",4,"landscapes_070_h_optimized","z",1542
"2072","67f12c6537225c87ef8abc87","1","Objects","z",3,"objects_007_h_optimized","z",1660
"2073","67f12c6537225c87ef8abc87","1","Objects","m",6,"objects_316_h_optimized","z",1572
"2074","67f12c6537225c87ef8abc87","1","People","m",8,"people_113_h_optimized","m",1428
"2075","67f12c6537225c87ef8abc87","1","Landscapes","m",8,"landscapes_116_v_optimized","m",1424
"2076","67f12c6537225c87ef8abc87","1","Animals","z",4,"animals_065_h_optimized","m",1734
"2077","67f12c6537225c87ef8abc87","1","Objects","m",6,"objects_193_v_optimized","z",1729
"2078","67f12c6537225c87ef8abc87","1","Animals","m",8,"animals_166_v_optimized","m",1593
"2079","67f12c6537225c87ef8abc87","1","Animals","z",3,"animals_038_h_optimized","z",1912
"2080","67f12c6537225c87ef8abc87","1","Objects","m",7,"objects_063_v_optimized","m",1727
"2081","67f12c6537225c87ef8abc87","1","Animals","m",7,"animals_202_h_optimized","m",1887
"2082","67f12c6537225c87ef8abc87","1","Objects","z",2,"objects_139_h_optimized","z",2811
"2083","67f12c6537225c87ef8abc87","1","Landscapes","z",3,"landscapes_118_v_optimized","m",1636
"2084","67f12c6537225c87ef8abc87","1","Faces","z",2,"faces_365_v_optimized","z",1611
"2085","67f12c6537225c87ef8abc87","1","Animals","z",2,"animals_078_h_optimized","z",1820
"2086","67f12c6537225c87ef8abc87","1","Objects","z",4,"objects_136_h_optimized","z",1894
"2087","67f12c6537225c87ef8abc87","1","Animals","m",6,"animals_055_h_optimized","m",1336
"2088","67f12c6537225c87ef8abc87","1","Objects","m",7,"objects_323_h_optimized","m",1862
"2089","67f12c6537225c87ef8abc87","2","Faces","z",2,"faces_366_h_optimized","z",1644
"2090","67f12c6537225c87ef8abc87","2","Faces","m",6,"faces_020_h_optimized","m",1927
"2091","67f12c6537225c87ef8abc87","2","Objects","z",2,"objects_125_h_optimized","z",1506
"2092","67f12c6537225c87ef8abc87","2","Objects","m",7,"objects_052_h_optimized","z",1451
"2093","67f12c6537225c87ef8abc87","2","Objects","z",3,"objects_004_h_optimized","m",2093
"2094","67f12c6537225c87ef8abc87","2","Faces","m",7,"faces_242_h_optimized","m",1372
"2095","67f12c6537225c87ef8abc87","2","Objects","m",6,"objects_309_h_optimized","m",1419
"2096","67f12c6537225c87ef8abc87","2","Animals","z",3,"animals_037_h_optimized","z",2147
"2097","67f12c6537225c87ef8abc87","2","Animals","z",4,"animals_073_h_optimized","z",1777
"2098","67f12c6537225c87ef8abc87","2","Animals","m",8,"animals_156_h_optimized","m",1648
"2099","67f12c6537225c87ef8abc87","2","Objects","m",7,"objects_291_h_optimized","m",1648
"2100","67f12c6537225c87ef8abc87","2","Objects","m",6,"objects_061_h_optimized","z",1828
"2101","67f12c6537225c87ef8abc87","2","Animals","z",2,"animals_077_h_optimized","z",2309
"2102","67f12c6537225c87ef8abc87","2","Landscapes","z",3,"landscapes_007_h_optimized","z",2436
"2103","67f12c6537225c87ef8abc87","2","Landscapes","m",8,"landscapes_096_h_optimized","m",1463
"2104","67f12c6537225c87ef8abc87","2","Objects","z",4,"objects_318_h_optimized","m",1691
"2105","67f12c6537225c87ef8abc87","2","People","m",8,"people_172_v_optimized","m",1349
"2106","67f12c6537225c87ef8abc87","2","Objects","z",4,"objects_116_v_optimized","m",1837
"2107","67f12c6537225c87ef8abc87","3","Objects","z",4,"objects_287_h_optimized","z",1074
"2108","67f12c6537225c87ef8abc87","3","Objects","z",3,"objects_157_h_optimized","z",2185
"2109","67f12c6537225c87ef8abc87","3","Objects","z",4,"objects_017_v_optimized","z",2229
"2110","67f12c6537225c87ef8abc87","3","People","m",6,"people_138_h_optimized","m",1996
"2111","67f12c6537225c87ef8abc87","3","People","z",2,"people_246__optimized","z",1858
"2112","67f12c6537225c87ef8abc87","3","Faces","z",4,"faces_279_h_optimized","z",2043
"2113","67f12c6537225c87ef8abc87","3","Objects","z",3,"objects_001_h_optimized","z",1547
"2114","67f12c6537225c87ef8abc87","3","Objects","m",7,"objects_272_h_optimized","z",1594
"2115","67f12c6537225c87ef8abc87","3","People","m",7,"people_180_h_optimized","m",1730
"2116","67f12c6537225c87ef8abc87","3","Faces","m",8,"faces_002_v_optimized","z",2002
"2117","67f12c6537225c87ef8abc87","3","Faces","z",2,"faces_367_h_optimized","z",1761
"2118","67f12c6537225c87ef8abc87","3","Objects","m",6,"objects_297_h_optimized","m",2254
"2119","67f12c6537225c87ef8abc87","3","Landscapes","m",8,"landscapes_141_h_optimized","m",1717
"2120","67f12c6537225c87ef8abc87","3","Faces","z",3,"faces_003_h_optimized","z",1640
"2121","67f12c6537225c87ef8abc87","3","Animals","z",2,"animals_074_h_optimized","m",2091
"2122","67f12c6537225c87ef8abc87","3","Faces","m",6,"faces_040_h_optimized","m",1799
"2123","67f12c6537225c87ef8abc87","3","Faces","m",7,"faces_243_v_optimized","m",1997
"2124","67f12c6537225c87ef8abc87","4","Objects","m",7,"objects_270_h_optimized","m",1878
"2125","67f12c6537225c87ef8abc87","4","People","m",6,"people_163_v_optimized","z",2339
"2126","67f12c6537225c87ef8abc87","4","Faces","m",6,"faces_045_h_optimized","m",1585
"2127","67f12c6537225c87ef8abc87","4","People","z",2,"people_220_h_optimized","z",1850
"2128","67f12c6537225c87ef8abc87","4","Faces","m",8,"faces_089_h_optimized","m",1037
"2129","67f12c6537225c87ef8abc87","4","People","m",7,"people_173_h_optimized","z",1808
"2130","67f12c6537225c87ef8abc87","4","Objects","z",3,"objects_154_h_optimized","z",1852
"2131","67f12c6537225c87ef8abc87","4","Faces","m",7,"faces_325_v_optimized","z",1533
"2132","67f12c6537225c87ef8abc87","4","Animals","z",2,"animals_054_h_optimized","m",1152
"2133","67f12c6537225c87ef8abc87","4","Objects","m",8,"objects_326_h_optimized","m",2137
"2134","67f12c6537225c87ef8abc87","4","Objects","m",6,"objects_294_h_optimized","m",2524
"2135","67f12c6537225c87ef8abc87","4","Faces","z",4,"faces_280_h_optimized","m",1545
"2136","67f12c6537225c87ef8abc87","4","Faces","z",3,"faces_007_h_optimized","m",2081
"2137","67f12c6537225c87ef8abc87","4","People","z",4,"people_080_h_optimized","z",1631
"2138","67f12c6537225c87ef8abc87","4","Faces","z",2,"faces_159_h_optimized","z",2228
"2139","67f12c6537225c87ef8abc87","4","Objects","z",4,"objects_242_h_optimized","m",2245
"2140","67f12c6537225c87ef8abc87","4","Objects","z",3,"objects_011_h_optimized","m",3312
"2141","67f12c6537225c87ef8abc87","5","People","z",4,"people_073_v_optimized","z",2608
"2142","67f12c6537225c87ef8abc87","5","Animals","z",2,"animals_071_h_optimized","m",2125
"2143","67f12c6537225c87ef8abc87","5","Faces","m",8,"faces_109_v_optimized","m",1673
"2144","67f12c6537225c87ef8abc87","5","Objects","m",7,"objects_254_h_optimized","m",1936
"2145","67f12c6537225c87ef8abc87","5","Faces","z",4,"faces_037_h_optimized","m",2636
"2146","67f12c6537225c87ef8abc87","5","Objects","z",4,"objects_235_h_optimized","m",1845
"2147","67f12c6537225c87ef8abc87","5","Faces","m",7,"faces_330_v_optimized","z",2032
"2148","67f12c6537225c87ef8abc87","5","Faces","z",2,"faces_143_v_optimized","z",2170
"2149","67f12c6537225c87ef8abc87","5","People","z",2,"people_211_v_optimized","z",2278
"2150","67f12c6537225c87ef8abc87","5","Objects","m",8,"objects_327_h_optimized","m",2064
"2151","67f12c6537225c87ef8abc87","5","Faces","m",6,"faces_062_v_optimized","m",1868
"2152","67f12c6537225c87ef8abc87","5","People","m",6,"people_248_h_optimized","m",1950
"2153","67f12c6537225c87ef8abc87","5","Animals","m",8,"animals_220_h_optimized","m",1832
"2154","67f12c6537225c87ef8abc87","5","Faces","z",3,"faces_146_h_optimized","z",2653
"2155","67f12c6537225c87ef8abc87","5","Objects","m",6,"objects_250_h_optimized","m",1916
"2156","67f12c6537225c87ef8abc87","5","Objects","z",3,"objects_144_h_optimized","m",2539
"2157","67f12c6537225c87ef8abc87","5","People","z",3,"people_133_h_optimized","z",3132
"2158","67f12c6537225c87ef8abc87","6","Objects","z",4,"objects_236_h_optimized","z",1299
"2159","67f12c6537225c87ef8abc87","6","Faces","z",2,"faces_010_h_optimized","z",1802
"2160","67f12c6537225c87ef8abc87","6","People","z",3,"people_082_h_optimized","z",1988
"2161","67f12c6537225c87ef8abc87","6","Animals","m",6,"animals_150_h_optimized","m",1050
"2162","67f12c6537225c87ef8abc87","6","Landscapes","m",6,"landscapes_069_v_optimized","m",2980
"2163","67f12c6537225c87ef8abc87","6","Faces","m",7,"faces_347_h_optimized","z",2226
"2164","67f12c6537225c87ef8abc87","6","Animals","m",7,"animals_169_h_optimized","m",1126
"2165","67f12c6537225c87ef8abc87","6","Objects","z",3,"objects_132_h_optimized","z",1958
"2166","67f12c6537225c87ef8abc87","6","Objects","m",8,"objects_084_v_optimized","z",7771
"2167","67f12c6537225c87ef8abc87","6","Faces","z",2,"faces_145_v_optimized","z",36
"2168","67f12c6537225c87ef8abc87","6","Objects","m",6,"objects_203_v_optimized","z",1578
"2169","67f12c6537225c87ef8abc87","6","Faces","z",3,"faces_291_h_optimized","z",1722
"2170","67f12c6537225c87ef8abc87","6","People","z",2,"people_205_v_optimized","z",4951
"2171","67f12c6537225c87ef8abc87","6","Landscapes","m",8,"landscapes_168_h_optimized","m",2195
"2172","67f12c6537225c87ef8abc87","6","Animals","m",8,"animals_201_h_optimized","m",2747
"2173","67f12c6537225c87ef8abc87","6","Faces","z",4,"faces_014_h_optimized","z",1378
"2174","67f12c6537225c87ef8abc87","6","Objects","m",7,"objects_171_h_optimized","m",1722
"2175","67f12c6537225c87ef8abc87","7","Objects","z",4,"objects_215_v_optimized","z",4510
"2176","67f12c6537225c87ef8abc87","7","Objects","z",3,"objects_121_v_optimized","z",1793
"2177","67f12c6537225c87ef8abc87","7","Animals","z",3,"animals_045_h_optimized","m",1581
"2178","67f12c6537225c87ef8abc87","7","Faces","z",4,"faces_015_h_optimized","z",1945
"2179","67f12c6537225c87ef8abc87","7","Objects","m",7,"objects_100_v_optimized","m",2136
"2180","67f12c6537225c87ef8abc87","7","Landscapes","m",6,"landscapes_042_h_optimized","m",2101
"2181","67f12c6537225c87ef8abc87","7","Landscapes","m",7,"landscapes_059_v_optimized","m",2239
"2182","67f12c6537225c87ef8abc87","7","Animals","z",4,"animals_036_h_optimized","m",1760
"2183","67f12c6537225c87ef8abc87","7","Faces","z",2,"faces_149_v_optimized","z",1704
"2184","67f12c6537225c87ef8abc87","7","Objects","m",8,"objects_077_h_optimized","m",2259
"2185","67f12c6537225c87ef8abc87","7","Objects","m",6,"objects_198_h_optimized","m",2127
"2186","67f12c6537225c87ef8abc87","7","Animals","m",7,"animals_170_h_optimized","m",1533
"2187","67f12c6537225c87ef8abc87","7","Landscapes","m",8,"landscapes_165_h_optimized","z",2524
"2188","67f12c6537225c87ef8abc87","7","Faces","z",2,"faces_371_v_optimized","z",1323
"2189","67f12c6537225c87ef8abc87","7","Faces","z",3,"faces_302_h_optimized","z",1347
"2190","67f12c6537225c87ef8abc87","7","Animals","m",8,"animals_184_h_optimized","m",4172
"2191","67f12c6537225c87ef8abc87","7","Animals","m",6,"animals_144_h_optimized","z",2495
"2192","67f12c6537225c87ef8abc87","8","People","m",8,"people_110_h_optimized","m",1831
"2193","67f12c6537225c87ef8abc87","8","Objects","z",3,"objects_022_h_optimized","z",1849
"2194","67f12c6537225c87ef8abc87","8","Landscapes","m",6,"landscapes_055_h_optimized","z",2259
"2195","67f12c6537225c87ef8abc87","8","Landscapes","z",4,"landscapes_074_h_optimized","m",2500
"2196","67f12c6537225c87ef8abc87","8","Landscapes","m",7,"landscapes_143_h_optimized","z",1757
"2197","67f12c6537225c87ef8abc87","8","Animals","m",7,"animals_206_h_optimized","m",2551
"2198","67f12c6537225c87ef8abc87","8","Objects","z",4,"objects_156_v_optimized","m",2165
"2199","67f12c6537225c87ef8abc87","8","Animals","z",4,"animals_052__optimized","z",1559
"2200","67f12c6537225c87ef8abc87","8","Objects","z",2,"objects_149_h_optimized","z",2459
"2201","67f12c6537225c87ef8abc87","8","Animals","m",6,"animals_119_h_optimized","m",1543
"2202","67f12c6537225c87ef8abc87","8","Landscapes","m",8,"landscapes_123_h_optimized","m",1832
"2203","67f12c6537225c87ef8abc87","8","Objects","m",7,"objects_075_h_optimized","z",2050
"2204","67f12c6537225c87ef8abc87","8","Landscapes","z",3,"landscapes_004_h_optimized","z",1709
"2205","67f12c6537225c87ef8abc87","8","Animals","z",3,"animals_060_h_optimized","z",2067
"2206","67f12c6537225c87ef8abc87","8","Objects","m",6,"objects_201_v_optimized","z",2566
"2207","67f12c6537225c87ef8abc87","8","Animals","m",8,"animals_177_h_optimized","m",1996
"2208","67f12c6537225c87ef8abc87","8","Faces","z",2,"faces_364_v_optimized","z",1644
"2209","69c28f25453a93389c4e0d53","1","Landscapes","m",8,"landscapes_116_v_optimized","m",1227
"2210","69c28f25453a93389c4e0d53","1","Objects","z",3,"objects_007_h_optimized","m",3057
"2211","69c28f25453a93389c4e0d53","1","Landscapes","z",4,"landscapes_070_h_optimized","m",4004
"2212","69c28f25453a93389c4e0d53","1","Animals","z",3,"animals_038_h_optimized","m",2346
"2213","69c28f25453a93389c4e0d53","1","Animals","z",2,"animals_078_h_optimized","m",1559
"2214","69c28f25453a93389c4e0d53","1","Animals","m",6,"animals_055_h_optimized","m",1405
"2215","69c28f25453a93389c4e0d53","1","Landscapes","z",3,"landscapes_118_v_optimized","z",2247
"2216","69c28f25453a93389c4e0d53","1","Animals","m",7,"animals_202_h_optimized","m",1643
"2217","69c28f25453a93389c4e0d53","1","Animals","z",4,"animals_065_h_optimized","z",1696
"2218","69c28f25453a93389c4e0d53","1","Objects","m",6,"objects_316_h_optimized","z",1936
"2219","69c28f25453a93389c4e0d53","1","Objects","z",4,"objects_136_h_optimized","z",2560
"2220","69c28f25453a93389c4e0d53","1","Objects","z",2,"objects_139_h_optimized","z",1947
"2221","69c28f25453a93389c4e0d53","1","Animals","m",8,"animals_166_v_optimized","m",1882
"2222","69c28f25453a93389c4e0d53","1","People","m",8,"people_113_h_optimized","m",2088
"2223","69c28f25453a93389c4e0d53","1","Objects","m",7,"objects_323_h_optimized","m",1400
"2224","69c28f25453a93389c4e0d53","1","Objects","m",6,"objects_193_v_optimized","m",1139
"2225","69c28f25453a93389c4e0d53","1","Faces","z",2,"faces_365_v_optimized","z",1796
"2226","69c28f25453a93389c4e0d53","1","Objects","m",7,"objects_063_v_optimized","m",1378
"2227","69c28f25453a93389c4e0d53","2","Faces","m",6,"faces_020_h_optimized","m",3246
"2228","69c28f25453a93389c4e0d53","2","Objects","m",7,"objects_291_h_optimized","m",1984
"2229","69c28f25453a93389c4e0d53","2","Objects","m",6,"objects_309_h_optimized","m",1590
"2230","69c28f25453a93389c4e0d53","2","Objects","m",6,"objects_061_h_optimized","m",1812
"2231","69c28f25453a93389c4e0d53","2","People","m",8,"people_172_v_optimized","m",2385
"2232","69c28f25453a93389c4e0d53","2","Objects","z",2,"objects_125_h_optimized","z",2764
"2233","69c28f25453a93389c4e0d53","2","Objects","z",4,"objects_116_v_optimized","m",1924
"2234","69c28f25453a93389c4e0d53","2","Faces","z",2,"faces_366_h_optimized","z",2094
"2235","69c28f25453a93389c4e0d53","2","Faces","m",7,"faces_242_h_optimized","z",1547
"2236","69c28f25453a93389c4e0d53","2","Animals","m",8,"animals_156_h_optimized","z",1440
"2237","69c28f25453a93389c4e0d53","2","Objects","z",4,"objects_318_h_optimized","z",2915
"2238","69c28f25453a93389c4e0d53","2","Animals","z",4,"animals_073_h_optimized","z",3339
"2239","69c28f25453a93389c4e0d53","2","Objects","z",3,"objects_004_h_optimized","m",1812
"2240","69c28f25453a93389c4e0d53","2","Objects","m",7,"objects_052_h_optimized","m",1959
"2241","69c28f25453a93389c4e0d53","2","Landscapes","m",8,"landscapes_096_h_optimized","m",1035
"2242","69c28f25453a93389c4e0d53","2","Animals","z",3,"animals_037_h_optimized","m",1903
"2243","69c28f25453a93389c4e0d53","2","Landscapes","z",3,"landscapes_007_h_optimized","m",1266
"2244","69c28f25453a93389c4e0d53","2","Animals","z",2,"animals_077_h_optimized","z",2727
"2245","69c28f25453a93389c4e0d53","3","Faces","z",2,"faces_367_h_optimized","z",3100
"2246","69c28f25453a93389c4e0d53","3","Objects","z",3,"objects_001_h_optimized","m",1664
"2247","69c28f25453a93389c4e0d53","3","Objects","m",6,"objects_297_h_optimized","m",1481
"2248","69c28f25453a93389c4e0d53","3","Faces","m",8,"faces_002_v_optimized","m",1388
"2249","69c28f25453a93389c4e0d53","3","Faces","m",6,"faces_040_h_optimized","m",1432
"2250","69c28f25453a93389c4e0d53","3","Landscapes","m",8,"landscapes_141_h_optimized","m",2503
"2251","69c28f25453a93389c4e0d53","3","Faces","z",3,"faces_003_h_optimized","z",2051
"2252","69c28f25453a93389c4e0d53","3","People","m",6,"people_138_h_optimized","m",4157
"2253","69c28f25453a93389c4e0d53","3","People","z",2,"people_246__optimized","z",3760
"2254","69c28f25453a93389c4e0d53","3","Objects","z",4,"objects_287_h_optimized","z",1829
"2255","69c28f25453a93389c4e0d53","3","Objects","z",3,"objects_157_h_optimized","m",3009
"2256","69c28f25453a93389c4e0d53","3","Faces","z",4,"faces_279_h_optimized","z",2860
"2257","69c28f25453a93389c4e0d53","3","Animals","z",2,"animals_074_h_optimized","m",2279
"2258","69c28f25453a93389c4e0d53","3","Objects","m",7,"objects_272_h_optimized","m",3157
"2259","69c28f25453a93389c4e0d53","3","Faces","m",7,"faces_243_v_optimized","m",4569
"2260","69c28f25453a93389c4e0d53","3","Objects","z",4,"objects_017_v_optimized","z",9334
"2261","69c28f25453a93389c4e0d53","3","People","m",7,"people_180_h_optimized","z",1437
"2262","69c28f25453a93389c4e0d53","4","Objects","m",6,"objects_294_h_optimized","m",1909
"2263","69c28f25453a93389c4e0d53","4","Faces","z",2,"faces_159_h_optimized","z",1963
"2264","69c28f25453a93389c4e0d53","4","Objects","m",8,"objects_326_h_optimized","m",1468
"2265","69c28f25453a93389c4e0d53","4","Faces","z",3,"faces_007_h_optimized","m",3523
"2266","69c28f25453a93389c4e0d53","4","People","z",2,"people_220_h_optimized","z",1713
"2267","69c28f25453a93389c4e0d53","4","People","m",7,"people_173_h_optimized","m",4495
"2268","69c28f25453a93389c4e0d53","4","Objects","z",3,"objects_011_h_optimized","z",4038
"2269","69c28f25453a93389c4e0d53","4","Objects","z",3,"objects_154_h_optimized","z",9593
"2270","69c28f25453a93389c4e0d53","4","Objects","m",7,"objects_270_h_optimized","m",9964
"2271","69c28f25453a93389c4e0d53","4","Objects","z",4,"objects_242_h_optimized","m",1479
"2272","69c28f25453a93389c4e0d53","4","Faces","z",4,"faces_280_h_optimized","z",2320
"2273","69c28f25453a93389c4e0d53","4","People","m",6,"people_163_v_optimized","m",3455
"2274","69c28f25453a93389c4e0d53","4","Faces","m",6,"faces_045_h_optimized","m",1665
"2275","69c28f25453a93389c4e0d53","4","Animals","z",2,"animals_054_h_optimized","m",1225
"2276","69c28f25453a93389c4e0d53","4","Faces","m",8,"faces_089_h_optimized","m",1635
"2277","69c28f25453a93389c4e0d53","4","Faces","m",7,"faces_325_v_optimized","m",9526
"2278","69c28f25453a93389c4e0d53","4","People","z",4,"people_080_h_optimized","z",2572
"2279","69c28f25453a93389c4e0d53","5","Faces","z",4,"faces_037_h_optimized","m",2257
"2280","69c28f25453a93389c4e0d53","5","Objects","m",6,"objects_250_h_optimized","m",1262
"2281","69c28f25453a93389c4e0d53","5","Objects","z",4,"objects_235_h_optimized","m",1174
"2282","69c28f25453a93389c4e0d53","5","Faces","z",3,"faces_146_h_optimized","m",4275
"2283","69c28f25453a93389c4e0d53","5","Faces","m",8,"faces_109_v_optimized","z",7082
"2284","69c28f25453a93389c4e0d53","5","Faces","z",2,"faces_143_v_optimized","m",2441
"2285","69c28f25453a93389c4e0d53","5","People","m",6,"people_248_h_optimized","z",2392
"2286","69c28f25453a93389c4e0d53","5","People","z",3,"people_133_h_optimized","z",3393
"2287","69c28f25453a93389c4e0d53","5","Animals","m",8,"animals_220_h_optimized","m",2402
"2288","69c28f25453a93389c4e0d53","5","People","z",2,"people_211_v_optimized","m",3453
"2289","69c28f25453a93389c4e0d53","5","Objects","m",8,"objects_327_h_optimized","z",5798
"2290","69c28f25453a93389c4e0d53","5","Objects","z",3,"objects_144_h_optimized","z",1881
"2291","69c28f25453a93389c4e0d53","5","Objects","m",7,"objects_254_h_optimized","m",2972
"2292","69c28f25453a93389c4e0d53","5","Animals","z",2,"animals_071_h_optimized","m",1085
"2293","69c28f25453a93389c4e0d53","5","Faces","m",7,"faces_330_v_optimized","m",2027
"2294","69c28f25453a93389c4e0d53","5","Faces","m",6,"faces_062_v_optimized","m",942
"2295","69c28f25453a93389c4e0d53","5","People","z",4,"people_073_v_optimized","m",1122
"2296","69c28f25453a93389c4e0d53","6","Objects","m",8,"objects_084_v_optimized","m",2299
"2297","69c28f25453a93389c4e0d53","6","Objects","m",7,"objects_171_h_optimized","m",1626
"2298","69c28f25453a93389c4e0d53","6","Animals","m",7,"animals_169_h_optimized","m",2070
"2299","69c28f25453a93389c4e0d53","6","Objects","z",4,"objects_236_h_optimized","m",869
"2300","69c28f25453a93389c4e0d53","6","Faces","z",3,"faces_291_h_optimized","m",858
"2301","69c28f25453a93389c4e0d53","6","Animals","m",8,"animals_201_h_optimized","m",988
"2302","69c28f25453a93389c4e0d53","6","Faces","z",4,"faces_014_h_optimized","z",2271
"2303","69c28f25453a93389c4e0d53","6","Animals","m",6,"animals_150_h_optimized","m",3046
"2304","69c28f25453a93389c4e0d53","6","Landscapes","m",8,"landscapes_168_h_optimized","m",2202
"2305","69c28f25453a93389c4e0d53","6","Faces","z",2,"faces_145_v_optimized","m",3911
"2306","69c28f25453a93389c4e0d53","6","Objects","m",6,"objects_203_v_optimized","m",1675
"2307","69c28f25453a93389c4e0d53","6","Faces","m",7,"faces_347_h_optimized","m",1266
"2308","69c28f25453a93389c4e0d53","6","Objects","z",3,"objects_132_h_optimized","m",1107
"2309","69c28f25453a93389c4e0d53","6","People","z",3,"people_082_h_optimized","m",1345
"2310","69c28f25453a93389c4e0d53","6","Faces","z",2,"faces_010_h_optimized","z",2995
"2311","69c28f25453a93389c4e0d53","6","People","z",2,"people_205_v_optimized","z",1863
"2312","69c28f25453a93389c4e0d53","6","Landscapes","m",6,"landscapes_069_v_optimized","z",7232
"2313","69c28f25453a93389c4e0d53","7","Faces","z",4,"faces_015_h_optimized","z",3910
"2314","69c28f25453a93389c4e0d53","7","Objects","m",8,"objects_077_h_optimized","m",3588
"2315","69c28f25453a93389c4e0d53","7","Animals","m",6,"animals_144_h_optimized","m",2232
"2316","69c28f25453a93389c4e0d53","7","Objects","z",3,"objects_121_v_optimized","m",1924
"2317","69c28f25453a93389c4e0d53","7","Landscapes","m",7,"landscapes_059_v_optimized","m",1516
"2318","69c28f25453a93389c4e0d53","7","Objects","z",4,"objects_215_v_optimized","z",3742
"2319","69c28f25453a93389c4e0d53","7","Landscapes","m",8,"landscapes_165_h_optimized","m",2358
"2320","69c28f25453a93389c4e0d53","7","Animals","m",8,"animals_184_h_optimized","m",1758
"2321","69c28f25453a93389c4e0d53","7","Animals","z",3,"animals_045_h_optimized","m",1737
"2322","69c28f25453a93389c4e0d53","7","Faces","z",2,"faces_371_v_optimized","z",2541
"2323","69c28f25453a93389c4e0d53","7","Faces","z",3,"faces_302_h_optimized","z",2333
"2324","69c28f25453a93389c4e0d53","7","Objects","m",7,"objects_100_v_optimized","m",1912
"2325","69c28f25453a93389c4e0d53","7","Objects","m",6,"objects_198_h_optimized","m",2141
"2326","69c28f25453a93389c4e0d53","7","Landscapes","m",6,"landscapes_042_h_optimized","m",2190
"2327","69c28f25453a93389c4e0d53","7","Animals","z",4,"animals_036_h_optimized","m",3958
"2328","69c28f25453a93389c4e0d53","7","Faces","z",2,"faces_149_v_optimized","z",3512
"2329","69c28f25453a93389c4e0d53","7","Animals","m",7,"animals_170_h_optimized","m",1656
"2330","69c28f25453a93389c4e0d53","8","Landscapes","m",7,"landscapes_143_h_optimized","m",1866
"2331","69c28f25453a93389c4e0d53","8","Faces","z",2,"faces_364_v_optimized","z",2029
"2332","69c28f25453a93389c4e0d53","8","Objects","z",4,"objects_156_v_optimized","z",5757
"2333","69c28f25453a93389c4e0d53","8","Objects","z",3,"objects_022_h_optimized","z",2933
"2334","69c28f25453a93389c4e0d53","8","Animals","m",8,"animals_177_h_optimized","m",2114
"2335","69c28f25453a93389c4e0d53","8","Animals","m",6,"animals_119_h_optimized","m",10866
"2336","69c28f25453a93389c4e0d53","8","Animals","m",7,"animals_206_h_optimized","m",5212
"2337","69c28f25453a93389c4e0d53","8","Landscapes","m",8,"landscapes_123_h_optimized","m",5644
"2338","69c28f25453a93389c4e0d53","8","Landscapes","z",4,"landscapes_074_h_optimized","z",3483
"2339","69c28f25453a93389c4e0d53","8","Objects","m",7,"objects_075_h_optimized","m",5873
"2340","69c28f25453a93389c4e0d53","8","Objects","m",6,"objects_201_v_optimized","m",2221
"2341","69c28f25453a93389c4e0d53","8","Animals","z",4,"animals_052__optimized","m",8129
"2342","69c28f25453a93389c4e0d53","8","Objects","z",2,"objects_149_h_optimized","m",876
"2343","69c28f25453a93389c4e0d53","8","Landscapes","z",3,"landscapes_004_h_optimized","z",1705
"2344","69c28f25453a93389c4e0d53","8","Animals","z",3,"animals_060_h_optimized","m",1636
"2345","69c28f25453a93389c4e0d53","8","Landscapes","m",6,"landscapes_055_h_optimized","z",2386
"2346","69c28f25453a93389c4e0d53","8","People","m",8,"people_110_h_optimized","m",2625
"2347","69b6dac24f3a298e81b97889","1","Faces","z",2,"faces_365_v_optimized","z",1284
"2348","69b6dac24f3a298e81b97889","1","Objects","z",2,"objects_139_h_optimized","z",2223
"2349","69b6dac24f3a298e81b97889","1","Objects","m",7,"objects_323_h_optimized","m",1336
"2350","69b6dac24f3a298e81b97889","1","Animals","m",6,"animals_055_h_optimized","z",1460
"2351","69b6dac24f3a298e81b97889","1","Animals","m",8,"animals_166_v_optimized","m",1248
"2352","69b6dac24f3a298e81b97889","1","Objects","z",4,"objects_136_h_optimized","z",2184
"2353","69b6dac24f3a298e81b97889","1","Objects","m",6,"objects_193_v_optimized","z",2216
"2354","69b6dac24f3a298e81b97889","1","Landscapes","m",8,"landscapes_116_v_optimized","m",2223
"2355","69b6dac24f3a298e81b97889","1","Animals","m",7,"animals_202_h_optimized","z",2536
"2356","69b6dac24f3a298e81b97889","1","Landscapes","z",4,"landscapes_070_h_optimized","z",1511
"2357","69b6dac24f3a298e81b97889","1","People","m",8,"people_113_h_optimized","z",2281
"2358","69b6dac24f3a298e81b97889","1","Objects","m",6,"objects_316_h_optimized","m",2314
"2359","69b6dac24f3a298e81b97889","1","Objects","m",7,"objects_063_v_optimized","m",2535
"2360","69b6dac24f3a298e81b97889","1","Landscapes","z",3,"landscapes_118_v_optimized","z",1229
"2361","69b6dac24f3a298e81b97889","1","Animals","z",4,"animals_065_h_optimized","z",2050
"2362","69b6dac24f3a298e81b97889","1","Animals","z",3,"animals_038_h_optimized","z",1640
"2363","69b6dac24f3a298e81b97889","1","Animals","z",2,"animals_078_h_optimized","z",1862
"2364","69b6dac24f3a298e81b97889","1","Objects","z",3,"objects_007_h_optimized","z",1682
"2365","69b6dac24f3a298e81b97889","2","Landscapes","m",8,"landscapes_096_h_optimized","m",774
"2366","69b6dac24f3a298e81b97889","2","Landscapes","z",3,"landscapes_007_h_optimized","z",1625
"2367","69b6dac24f3a298e81b97889","2","Faces","m",7,"faces_242_h_optimized","m",2606
"2368","69b6dac24f3a298e81b97889","2","Objects","m",7,"objects_291_h_optimized","m",1791
"2369","69b6dac24f3a298e81b97889","2","Objects","z",2,"objects_125_h_optimized","z",1372
"2370","69b6dac24f3a298e81b97889","2","Objects","m",6,"objects_061_h_optimized","m",2095
"2371","69b6dac24f3a298e81b97889","2","Faces","m",6,"faces_020_h_optimized","z",1465
"2372","69b6dac24f3a298e81b97889","2","Objects","z",4,"objects_116_v_optimized","z",2100
"2373","69b6dac24f3a298e81b97889","2","Animals","z",2,"animals_077_h_optimized","z",1555
"2374","69b6dac24f3a298e81b97889","2","Animals","z",4,"animals_073_h_optimized","z",1652
"2375","69b6dac24f3a298e81b97889","2","People","m",8,"people_172_v_optimized","m",1556
"2376","69b6dac24f3a298e81b97889","2","Faces","z",2,"faces_366_h_optimized","z",1348
"2377","69b6dac24f3a298e81b97889","2","Objects","z",4,"objects_318_h_optimized","m",1782
"2378","69b6dac24f3a298e81b97889","2","Objects","m",7,"objects_052_h_optimized","m",1541
"2379","69b6dac24f3a298e81b97889","2","Animals","m",8,"animals_156_h_optimized","m",1283
"2380","69b6dac24f3a298e81b97889","2","Objects","m",6,"objects_309_h_optimized","z",1666
"2381","69b6dac24f3a298e81b97889","2","Objects","z",3,"objects_004_h_optimized","z",2446
"2382","69b6dac24f3a298e81b97889","2","Animals","z",3,"animals_037_h_optimized","z",2974
"2383","69b6dac24f3a298e81b97889","3","Objects","z",4,"objects_287_h_optimized","z",1503
"2384","69b6dac24f3a298e81b97889","3","People","z",2,"people_246__optimized","z",3058
"2385","69b6dac24f3a298e81b97889","3","Faces","z",3,"faces_003_h_optimized","z",1287
"2386","69b6dac24f3a298e81b97889","3","Faces","z",2,"faces_367_h_optimized","z",661
"2387","69b6dac24f3a298e81b97889","3","Objects","z",3,"objects_157_h_optimized","z",1335
"2388","69b6dac24f3a298e81b97889","3","Objects","z",4,"objects_017_v_optimized","z",1879
"2389","69b6dac24f3a298e81b97889","3","Faces","z",4,"faces_279_h_optimized","m",1438
"2390","69b6dac24f3a298e81b97889","3","Animals","z",2,"animals_074_h_optimized","z",1670
"2391","69b6dac24f3a298e81b97889","3","Faces","m",6,"faces_040_h_optimized","z",1860
"2392","69b6dac24f3a298e81b97889","3","Objects","m",7,"objects_272_h_optimized","z",2213
"2393","69b6dac24f3a298e81b97889","3","Landscapes","m",8,"landscapes_141_h_optimized","m",1433
"2394","69b6dac24f3a298e81b97889","3","Objects","m",6,"objects_297_h_optimized","m",2949
"2395","69b6dac24f3a298e81b97889","3","Faces","m",7,"faces_243_v_optimized","m",1811
"2396","69b6dac24f3a298e81b97889","3","People","m",6,"people_138_h_optimized","m",1845
"2397","69b6dac24f3a298e81b97889","3","Faces","m",8,"faces_002_v_optimized","z",2393
"2398","69b6dac24f3a298e81b97889","3","People","m",7,"people_180_h_optimized","m",1551
"2399","69b6dac24f3a298e81b97889","3","Objects","z",3,"objects_001_h_optimized","z",1406
"2400","69b6dac24f3a298e81b97889","4","Objects","m",8,"objects_326_h_optimized","m",835
"2401","69b6dac24f3a298e81b97889","4","Objects","z",3,"objects_011_h_optimized","z",789
"2402","69b6dac24f3a298e81b97889","4","Faces","m",8,"faces_089_h_optimized","z",847
"2403","69b6dac24f3a298e81b97889","4","Faces","z",4,"faces_280_h_optimized","z",877
"2404","69b6dac24f3a298e81b97889","4","Objects","z",4,"objects_242_h_optimized","z",2005
"2405","69b6dac24f3a298e81b97889","4","Faces","z",2,"faces_159_h_optimized","z",683
"2406","69b6dac24f3a298e81b97889","4","People","z",2,"people_220_h_optimized","z",562
"2407","69b6dac24f3a298e81b97889","4","People","m",6,"people_163_v_optimized","m",1023
"2408","69b6dac24f3a298e81b97889","4","Objects","m",6,"objects_294_h_optimized","m",1700
"2409","69b6dac24f3a298e81b97889","4","People","m",7,"people_173_h_optimized","m",713
"2410","69b6dac24f3a298e81b97889","4","Faces","m",7,"faces_325_v_optimized","m",1361
"2411","69b6dac24f3a298e81b97889","4","Faces","m",6,"faces_045_h_optimized","m",1245
"2412","69b6dac24f3a298e81b97889","4","People","z",4,"people_080_h_optimized","m",1270
"2413","69b6dac24f3a298e81b97889","4","Objects","m",7,"objects_270_h_optimized","m",1331
"2414","69b6dac24f3a298e81b97889","4","Objects","z",3,"objects_154_h_optimized","z",851
"2415","69b6dac24f3a298e81b97889","4","Animals","z",2,"animals_054_h_optimized","z",910
"2416","69b6dac24f3a298e81b97889","4","Faces","z",3,"faces_007_h_optimized","z",948
"2417","69b6dac24f3a298e81b97889","5","Faces","m",6,"faces_062_v_optimized","m",1782
"2418","69b6dac24f3a298e81b97889","5","Objects","m",8,"objects_327_h_optimized","m",1735
"2419","69b6dac24f3a298e81b97889","5","Objects","m",6,"objects_250_h_optimized","m",1375
"2420","69b6dac24f3a298e81b97889","5","Objects","m",7,"objects_254_h_optimized","m",2328
"2421","69b6dac24f3a298e81b97889","5","Faces","m",7,"faces_330_v_optimized","z",1444
"2422","69b6dac24f3a298e81b97889","5","Objects","z",4,"objects_235_h_optimized","z",1722
"2423","69b6dac24f3a298e81b97889","5","Faces","z",2,"faces_143_v_optimized","z",1584
"2424","69b6dac24f3a298e81b97889","5","Objects","z",3,"objects_144_h_optimized","z",1630
"2425","69b6dac24f3a298e81b97889","5","Faces","z",3,"faces_146_h_optimized","m",1186
"2426","69b6dac24f3a298e81b97889","5","Animals","z",2,"animals_071_h_optimized","z",883
"2427","69b6dac24f3a298e81b97889","5","People","z",3,"people_133_h_optimized","z",1644
"2428","69b6dac24f3a298e81b97889","5","People","z",4,"people_073_v_optimized","m",744
"2429","69b6dac24f3a298e81b97889","5","People","z",2,"people_211_v_optimized","z",939
"2430","69b6dac24f3a298e81b97889","5","Animals","m",8,"animals_220_h_optimized","z",1355
"2431","69b6dac24f3a298e81b97889","5","Faces","z",4,"faces_037_h_optimized","m",579
"2432","69b6dac24f3a298e81b97889","5","Faces","m",8,"faces_109_v_optimized","z",1078
"2433","69b6dac24f3a298e81b97889","5","People","m",6,"people_248_h_optimized","z",808
"2434","69b6dac24f3a298e81b97889","6","Objects","z",4,"objects_236_h_optimized","m",836
"2435","69b6dac24f3a298e81b97889","6","Objects","m",6,"objects_203_v_optimized","z",1277
"2436","69b6dac24f3a298e81b97889","6","Faces","z",4,"faces_014_h_optimized","m",653
"2437","69b6dac24f3a298e81b97889","6","Animals","m",8,"animals_201_h_optimized","m",1577
"2438","69b6dac24f3a298e81b97889","6","Landscapes","m",6,"landscapes_069_v_optimized","z",1608
"2439","69b6dac24f3a298e81b97889","6","Faces","z",3,"faces_291_h_optimized","z",1497
"2440","69b6dac24f3a298e81b97889","6","Faces","z",2,"faces_145_v_optimized","z",1085
"2441","69b6dac24f3a298e81b97889","6","Faces","z",2,"faces_010_h_optimized","z",797
"2442","69b6dac24f3a298e81b97889","6","People","z",2,"people_205_v_optimized","z",1410
"2443","69b6dac24f3a298e81b97889","6","Objects","z",3,"objects_132_h_optimized","z",1197
"2444","69b6dac24f3a298e81b97889","6","Objects","m",8,"objects_084_v_optimized","m",934
"2445","69b6dac24f3a298e81b97889","6","Objects","m",7,"objects_171_h_optimized","m",1049
"2446","69b6dac24f3a298e81b97889","6","People","z",3,"people_082_h_optimized","z",1059
"2447","69b6dac24f3a298e81b97889","6","Faces","m",7,"faces_347_h_optimized","m",1317
"2448","69b6dac24f3a298e81b97889","6","Landscapes","m",8,"landscapes_168_h_optimized","m",1005
"2449","69b6dac24f3a298e81b97889","6","Animals","m",6,"animals_150_h_optimized","z",1808
"2450","69b6dac24f3a298e81b97889","6","Animals","m",7,"animals_169_h_optimized","m",1641
"2451","69b6dac24f3a298e81b97889","7","Animals","m",8,"animals_184_h_optimized","m",1417
"2452","69b6dac24f3a298e81b97889","7","Animals","z",3,"animals_045_h_optimized","z",743
"2453","69b6dac24f3a298e81b97889","7","Faces","z",2,"faces_149_v_optimized","z",988
"2454","69b6dac24f3a298e81b97889","7","Landscapes","m",6,"landscapes_042_h_optimized","m",967
"2455","69b6dac24f3a298e81b97889","7","Faces","z",3,"faces_302_h_optimized","z",1571
"2456","69b6dac24f3a298e81b97889","7","Faces","z",4,"faces_015_h_optimized","z",1491
"2457","69b6dac24f3a298e81b97889","7","Animals","z",4,"animals_036_h_optimized","z",873
"2458","69b6dac24f3a298e81b97889","7","Animals","m",7,"animals_170_h_optimized","m",1133
"2459","69b6dac24f3a298e81b97889","7","Faces","z",2,"faces_371_v_optimized","z",688
"2460","69b6dac24f3a298e81b97889","7","Objects","z",3,"objects_121_v_optimized","z",1030
"2461","69b6dac24f3a298e81b97889","7","Landscapes","m",8,"landscapes_165_h_optimized","m",906
"2462","69b6dac24f3a298e81b97889","7","Objects","z",4,"objects_215_v_optimized","z",1553
"2463","69b6dac24f3a298e81b97889","7","Objects","m",7,"objects_100_v_optimized","m",873
"2464","69b6dac24f3a298e81b97889","7","Landscapes","m",7,"landscapes_059_v_optimized","m",1163
"2465","69b6dac24f3a298e81b97889","7","Objects","m",6,"objects_198_h_optimized","m",1663
"2466","69b6dac24f3a298e81b97889","7","Animals","m",6,"animals_144_h_optimized","z",985
"2467","69b6dac24f3a298e81b97889","7","Objects","m",8,"objects_077_h_optimized","m",958
"2468","69b6dac24f3a298e81b97889","8","Objects","z",4,"objects_156_v_optimized","z",1198
"2469","69b6dac24f3a298e81b97889","8","Animals","m",6,"animals_119_h_optimized","z",1016
"2470","69b6dac24f3a298e81b97889","8","Landscapes","z",4,"landscapes_074_h_optimized","z",986
"2471","69b6dac24f3a298e81b97889","8","Landscapes","z",3,"landscapes_004_h_optimized","z",889
"2472","69b6dac24f3a298e81b97889","8","Animals","z",4,"animals_052__optimized","z",1172
"2473","69b6dac24f3a298e81b97889","8","Landscapes","m",6,"landscapes_055_h_optimized","m",1338
"2474","69b6dac24f3a298e81b97889","8","Objects","m",6,"objects_201_v_optimized","z",1255
"2475","69b6dac24f3a298e81b97889","8","Landscapes","m",7,"landscapes_143_h_optimized","m",897
"2476","69b6dac24f3a298e81b97889","8","Objects","z",3,"objects_022_h_optimized","z",1234
"2477","69b6dac24f3a298e81b97889","8","Animals","z",3,"animals_060_h_optimized","z",793
"2478","69b6dac24f3a298e81b97889","8","Faces","z",2,"faces_364_v_optimized","z",459
"2479","69b6dac24f3a298e81b97889","8","People","m",8,"people_110_h_optimized","m",694
"2480","69b6dac24f3a298e81b97889","8","Landscapes","m",8,"landscapes_123_h_optimized","m",737
"2481","69b6dac24f3a298e81b97889","8","Animals","m",7,"animals_206_h_optimized","m",867
"2482","69b6dac24f3a298e81b97889","8","Objects","z",2,"objects_149_h_optimized","z",812
"2483","69b6dac24f3a298e81b97889","8","Objects","m",7,"objects_075_h_optimized","m",1593
"2484","69b6dac24f3a298e81b97889","8","Animals","m",8,"animals_177_h_optimized","m",942
"2485","69c4562c17cbad318b08805c","1","Faces","z",2,"faces_365_v_optimized","z",4649
"2486","69c4562c17cbad318b08805c","1","Animals","z",2,"animals_078_h_optimized","z",6434
"2487","69c4562c17cbad318b08805c","1","Objects","m",7,"objects_063_v_optimized","m",3103
"2488","69c4562c17cbad318b08805c","1","Landscapes","z",3,"landscapes_118_v_optimized","z",2822
"2489","69c4562c17cbad318b08805c","1","Objects","m",6,"objects_316_h_optimized","m",4021
"2490","69c4562c17cbad318b08805c","1","Objects","m",7,"objects_323_h_optimized","m",20405
"2491","69c4562c17cbad318b08805c","1","Landscapes","m",8,"landscapes_116_v_optimized","m",10326
"2492","69c4562c17cbad318b08805c","1","Objects","m",6,"objects_193_v_optimized","m",1810
"2493","69c4562c17cbad318b08805c","1","Animals","z",4,"animals_065_h_optimized","m",2441
"2494","69c4562c17cbad318b08805c","1","Objects","z",2,"objects_139_h_optimized","z",3289
"2495","69c4562c17cbad318b08805c","1","Objects","z",3,"objects_007_h_optimized","z",7691
"2496","69c4562c17cbad318b08805c","1","Landscapes","z",4,"landscapes_070_h_optimized","m",1306
"2497","69c4562c17cbad318b08805c","1","Objects","z",4,"objects_136_h_optimized","z",4245
"2498","69c4562c17cbad318b08805c","1","Animals","m",6,"animals_055_h_optimized","m",16218
"2499","69c4562c17cbad318b08805c","1","Animals","m",7,"animals_202_h_optimized","m",7961
"2500","69c4562c17cbad318b08805c","1","People","m",8,"people_113_h_optimized","m",1924
"2501","69c4562c17cbad318b08805c","1","Animals","m",8,"animals_166_v_optimized","m",1684
"2502","69c4562c17cbad318b08805c","1","Animals","z",3,"animals_038_h_optimized","m",2839
"2503","69c4562c17cbad318b08805c","2","Objects","z",2,"objects_125_h_optimized","z",2327
"2504","69c4562c17cbad318b08805c","2","Faces","m",7,"faces_242_h_optimized","m",4729
"2505","69c4562c17cbad318b08805c","2","Landscapes","z",3,"landscapes_007_h_optimized","z",1785
"2506","69c4562c17cbad318b08805c","2","Objects","m",7,"objects_052_h_optimized","m",1869
"2507","69c4562c17cbad318b08805c","2","Faces","z",2,"faces_366_h_optimized","z",1957
"2508","69c4562c17cbad318b08805c","2","Objects","z",4,"objects_318_h_optimized","m",10882
"2509","69c4562c17cbad318b08805c","2","Animals","z",3,"animals_037_h_optimized","z",9822
"2510","69c4562c17cbad318b08805c","2","People","m",8,"people_172_v_optimized","m",2279
"2511","69c4562c17cbad318b08805c","2","Objects","z",4,"objects_116_v_optimized","z",1784
"2512","69c4562c17cbad318b08805c","2","Animals","m",8,"animals_156_h_optimized","z",9856
"2513","69c4562c17cbad318b08805c","2","Objects","m",7,"objects_291_h_optimized","m",1262
"2514","69c4562c17cbad318b08805c","2","Animals","z",2,"animals_077_h_optimized","z",4450
"2515","69c4562c17cbad318b08805c","2","Objects","m",6,"objects_309_h_optimized","m",1094
"2516","69c4562c17cbad318b08805c","2","Faces","m",6,"faces_020_h_optimized","m",2408
"2517","69c4562c17cbad318b08805c","2","Objects","m",6,"objects_061_h_optimized","m",1710
"2518","69c4562c17cbad318b08805c","2","Animals","z",4,"animals_073_h_optimized","m",2815
"2519","69c4562c17cbad318b08805c","2","Landscapes","m",8,"landscapes_096_h_optimized","m",7061
"2520","69c4562c17cbad318b08805c","2","Objects","z",3,"objects_004_h_optimized","z",2368
"2521","69c4562c17cbad318b08805c","3","Objects","z",4,"objects_287_h_optimized","z",3285
"2522","69c4562c17cbad318b08805c","3","Objects","z",3,"objects_001_h_optimized","z",2236
"2523","69c4562c17cbad318b08805c","3","Objects","m",6,"objects_297_h_optimized","z",2027
"2524","69c4562c17cbad318b08805c","3","Faces","z",3,"faces_003_h_optimized","z",4357
"2525","69c4562c17cbad318b08805c","3","Faces","m",6,"faces_040_h_optimized","z",3045
"2526","69c4562c17cbad318b08805c","3","Animals","z",2,"animals_074_h_optimized","m",2495
"2527","69c4562c17cbad318b08805c","3","Faces","m",7,"faces_243_v_optimized","m",1864
"2528","69c4562c17cbad318b08805c","3","People","z",2,"people_246__optimized","z",4433
"2529","69c4562c17cbad318b08805c","3","People","m",6,"people_138_h_optimized","m",1839
"2530","69c4562c17cbad318b08805c","3","Objects","z",4,"objects_017_v_optimized","z",2620
"2531","69c4562c17cbad318b08805c","3","Objects","z",3,"objects_157_h_optimized","z",4976
"2532","69c4562c17cbad318b08805c","3","Landscapes","m",8,"landscapes_141_h_optimized","z",1867
"2533","69c4562c17cbad318b08805c","3","People","m",7,"people_180_h_optimized","m",2727
"2534","69c4562c17cbad318b08805c","3","Objects","m",7,"objects_272_h_optimized","m",1982
"2535","69c4562c17cbad318b08805c","3","Faces","z",2,"faces_367_h_optimized","z",1251
"2536","69c4562c17cbad318b08805c","3","Faces","m",8,"faces_002_v_optimized","z",2550
"2537","69c4562c17cbad318b08805c","3","Faces","z",4,"faces_279_h_optimized","z",2304
"2538","69c4562c17cbad318b08805c","4","Faces","z",3,"faces_007_h_optimized","z",1730
"2539","69c4562c17cbad318b08805c","4","Objects","m",7,"objects_270_h_optimized","m",1273
"2540","69c4562c17cbad318b08805c","4","Objects","z",3,"objects_154_h_optimized","m",1853
"2541","69c4562c17cbad318b08805c","4","Faces","z",2,"faces_159_h_optimized","z",1194
"2542","69c4562c17cbad318b08805c","4","Faces","m",8,"faces_089_h_optimized","z",2068
"2543","69c4562c17cbad318b08805c","4","Faces","m",6,"faces_045_h_optimized","m",2511
"2544","69c4562c17cbad318b08805c","4","Objects","m",8,"objects_326_h_optimized","m",8310
"2545","69c4562c17cbad318b08805c","4","People","m",7,"people_173_h_optimized","m",1873
"2546","69c4562c17cbad318b08805c","4","Objects","z",3,"objects_011_h_optimized","z",2239
"2547","69c4562c17cbad318b08805c","4","People","m",6,"people_163_v_optimized","z",2878
"2548","69c4562c17cbad318b08805c","4","Animals","z",2,"animals_054_h_optimized","m",1559
"2549","69c4562c17cbad318b08805c","4","Objects","m",6,"objects_294_h_optimized","m",1731
"2550","69c4562c17cbad318b08805c","4","Faces","m",7,"faces_325_v_optimized","z",1886
"2551","69c4562c17cbad318b08805c","4","Faces","z",4,"faces_280_h_optimized","z",2216
"2552","69c4562c17cbad318b08805c","4","Objects","z",4,"objects_242_h_optimized","m",1835
"2553","69c4562c17cbad318b08805c","4","People","z",2,"people_220_h_optimized","z",8360
"2554","69c4562c17cbad318b08805c","4","People","z",4,"people_080_h_optimized","z",5196
"2555","69c4562c17cbad318b08805c","5","Faces","m",6,"faces_062_v_optimized","m",3944
"2556","69c4562c17cbad318b08805c","5","People","z",2,"people_211_v_optimized","z",1817
"2557","69c4562c17cbad318b08805c","5","Objects","z",4,"objects_235_h_optimized","z",1969
"2558","69c4562c17cbad318b08805c","5","People","z",4,"people_073_v_optimized","m",1941
"2559","69c4562c17cbad318b08805c","5","Faces","z",3,"faces_146_h_optimized","z",12022
"2560","69c4562c17cbad318b08805c","5","Objects","m",8,"objects_327_h_optimized","m",2484
"2561","69c4562c17cbad318b08805c","5","Objects","m",6,"objects_250_h_optimized","m",3417
"2562","69c4562c17cbad318b08805c","5","Faces","m",7,"faces_330_v_optimized","z",1133
"2563","69c4562c17cbad318b08805c","5","Faces","z",4,"faces_037_h_optimized","z",2526
"2564","69c4562c17cbad318b08805c","5","Animals","m",8,"animals_220_h_optimized","z",1622
"2565","69c4562c17cbad318b08805c","5","Faces","z",2,"faces_143_v_optimized","z",1635
"2566","69c4562c17cbad318b08805c","5","Faces","m",8,"faces_109_v_optimized","m",1613
"2567","69c4562c17cbad318b08805c","5","People","z",3,"people_133_h_optimized","m",1972
"2568","69c4562c17cbad318b08805c","5","Objects","m",7,"objects_254_h_optimized","m",3011
"2569","69c4562c17cbad318b08805c","5","People","m",6,"people_248_h_optimized","m",1234
"2570","69c4562c17cbad318b08805c","5","Animals","z",2,"animals_071_h_optimized","z",1716
"2571","69c4562c17cbad318b08805c","5","Objects","z",3,"objects_144_h_optimized","z",3326
"2572","69c4562c17cbad318b08805c","6","Animals","m",8,"animals_201_h_optimized","m",2839
"2573","69c4562c17cbad318b08805c","6","Objects","z",4,"objects_236_h_optimized","m",2425
"2574","69c4562c17cbad318b08805c","6","Animals","m",7,"animals_169_h_optimized","m",8167
"2575","69c4562c17cbad318b08805c","6","Faces","z",2,"faces_010_h_optimized","z",1591
"2576","69c4562c17cbad318b08805c","6","Faces","m",7,"faces_347_h_optimized","z",13250
"2577","69c4562c17cbad318b08805c","6","Objects","m",7,"objects_171_h_optimized","z",2064
"2578","69c4562c17cbad318b08805c","6","Landscapes","m",8,"landscapes_168_h_optimized","m",8639
"2579","69c4562c17cbad318b08805c","6","People","z",2,"people_205_v_optimized","z",1951
"2580","69c4562c17cbad318b08805c","6","Faces","z",2,"faces_145_v_optimized","z",5365
"2581","69c4562c17cbad318b08805c","6","People","z",3,"people_082_h_optimized","m",4327
"2582","69c4562c17cbad318b08805c","6","Landscapes","m",6,"landscapes_069_v_optimized","m",9147
"2583","69c4562c17cbad318b08805c","6","Objects","m",8,"objects_084_v_optimized","z",13147
"2584","69c4562c17cbad318b08805c","6","Faces","z",4,"faces_014_h_optimized","z",1570
"2585","69c4562c17cbad318b08805c","6","Faces","z",3,"faces_291_h_optimized","z",28159
"2586","69c4562c17cbad318b08805c","6","Objects","m",6,"objects_203_v_optimized","m",2455
"2587","69c4562c17cbad318b08805c","6","Objects","z",3,"objects_132_h_optimized","z",1959
"2588","69c4562c17cbad318b08805c","6","Animals","m",6,"animals_150_h_optimized","m",2980
"2589","69c4562c17cbad318b08805c","7","Objects","m",7,"objects_100_v_optimized","m",24772
"2590","69c4562c17cbad318b08805c","7","Landscapes","m",6,"landscapes_042_h_optimized","m",1277
"2591","69c4562c17cbad318b08805c","7","Faces","z",3,"faces_302_h_optimized","m",6892
"2592","69c4562c17cbad318b08805c","7","Animals","z",3,"animals_045_h_optimized","m",1310
"2593","69c4562c17cbad318b08805c","7","Animals","m",6,"animals_144_h_optimized","z",843
"2594","69c4562c17cbad318b08805c","7","Objects","m",8,"objects_077_h_optimized","m",24671
"2595","69c4562c17cbad318b08805c","7","Objects","z",4,"objects_215_v_optimized","m",1492
"2596","69c4562c17cbad318b08805c","7","Landscapes","m",7,"landscapes_059_v_optimized","m",2733
"2597","69c4562c17cbad318b08805c","7","Faces","z",2,"faces_371_v_optimized","z",1437
"2598","69c4562c17cbad318b08805c","7","Objects","m",6,"objects_198_h_optimized","m",2110
"2599","69c4562c17cbad318b08805c","7","Objects","z",3,"objects_121_v_optimized","z",783
"2600","69c4562c17cbad318b08805c","7","Landscapes","m",8,"landscapes_165_h_optimized","m",2072
"2601","69c4562c17cbad318b08805c","7","Faces","z",4,"faces_015_h_optimized","z",1458
"2602","69c4562c17cbad318b08805c","7","Animals","m",8,"animals_184_h_optimized","m",1927
"2603","69c4562c17cbad318b08805c","7","Faces","z",2,"faces_149_v_optimized","z",1602
"2604","69c4562c17cbad318b08805c","7","Animals","m",7,"animals_170_h_optimized","z",7236
"2605","69c4562c17cbad318b08805c","7","Animals","z",4,"animals_036_h_optimized","m",10075
"2606","69c4562c17cbad318b08805c","8","Landscapes","m",8,"landscapes_123_h_optimized","m",3891
"2607","69c4562c17cbad318b08805c","8","Landscapes","z",4,"landscapes_074_h_optimized","z",1335
"2608","69c4562c17cbad318b08805c","8","Objects","m",7,"objects_075_h_optimized","m",14070
"2609","69c4562c17cbad318b08805c","8","Animals","z",3,"animals_060_h_optimized","z",1626
"2610","69c4562c17cbad318b08805c","8","Objects","m",6,"objects_201_v_optimized","m",1452
"2611","69c4562c17cbad318b08805c","8","Objects","z",3,"objects_022_h_optimized","z",14839
"2612","69c4562c17cbad318b08805c","8","Animals","z",4,"animals_052__optimized","z",7878
"2613","69c4562c17cbad318b08805c","8","Faces","z",2,"faces_364_v_optimized","z",14488
"2614","69c4562c17cbad318b08805c","8","Objects","z",4,"objects_156_v_optimized","z",1764
"2615","69c4562c17cbad318b08805c","8","Landscapes","z",3,"landscapes_004_h_optimized","z",8275
"2616","69c4562c17cbad318b08805c","8","Animals","m",6,"animals_119_h_optimized","m",1710
"2617","69c4562c17cbad318b08805c","8","Landscapes","m",7,"landscapes_143_h_optimized","z",993
"2618","69c4562c17cbad318b08805c","8","People","m",8,"people_110_h_optimized","m",3711
"2619","69c4562c17cbad318b08805c","8","Landscapes","m",6,"landscapes_055_h_optimized","z",1925
"2620","69c4562c17cbad318b08805c","8","Animals","m",8,"animals_177_h_optimized","m",944
"2621","69c4562c17cbad318b08805c","8","Objects","z",2,"objects_149_h_optimized","z",1382
"2622","69c4562c17cbad318b08805c","8","Animals","m",7,"animals_206_h_optimized","z",1519
"2623","69bc0ba177847fde0a18ec3d","1","Animals","m",6,"animals_055_h_optimized","m",1852
"2624","69bc0ba177847fde0a18ec3d","1","Objects","m",6,"objects_316_h_optimized","z",2442
"2625","69bc0ba177847fde0a18ec3d","1","Animals","m",7,"animals_202_h_optimized","m",1707
"2626","69bc0ba177847fde0a18ec3d","1","Objects","z",4,"objects_136_h_optimized","m",2210
"2627","69bc0ba177847fde0a18ec3d","1","Animals","z",4,"animals_065_h_optimized","z",1934
"2628","69bc0ba177847fde0a18ec3d","1","Landscapes","z",4,"landscapes_070_h_optimized","m",2546
"2629","69bc0ba177847fde0a18ec3d","1","People","m",8,"people_113_h_optimized","m",2024
"2630","69bc0ba177847fde0a18ec3d","1","Objects","z",3,"objects_007_h_optimized","z",3434
"2631","69bc0ba177847fde0a18ec3d","1","Animals","z",3,"animals_038_h_optimized","z",5487
"2632","69bc0ba177847fde0a18ec3d","1","Objects","m",7,"objects_063_v_optimized","m",3588
"2633","69bc0ba177847fde0a18ec3d","1","Animals","z",2,"animals_078_h_optimized","z",2662
"2634","69bc0ba177847fde0a18ec3d","1","Landscapes","m",8,"landscapes_116_v_optimized","m",1741
"2635","69bc0ba177847fde0a18ec3d","1","Landscapes","z",3,"landscapes_118_v_optimized","z",26247
"2636","69bc0ba177847fde0a18ec3d","1","Faces","z",2,"faces_365_v_optimized","z",2067
"2637","69bc0ba177847fde0a18ec3d","1","Objects","m",7,"objects_323_h_optimized","m",1995
"2638","69bc0ba177847fde0a18ec3d","1","Objects","m",6,"objects_193_v_optimized","z",2127
"2639","69bc0ba177847fde0a18ec3d","1","Objects","z",2,"objects_139_h_optimized","z",1710
"2640","69bc0ba177847fde0a18ec3d","1","Animals","m",8,"animals_166_v_optimized","m",2041
"2641","69bc0ba177847fde0a18ec3d","2","Objects","m",6,"objects_061_h_optimized","m",1983
"2642","69bc0ba177847fde0a18ec3d","2","Faces","z",2,"faces_366_h_optimized","z",1891
"2643","69bc0ba177847fde0a18ec3d","2","Landscapes","m",8,"landscapes_096_h_optimized","m",2477
"2644","69bc0ba177847fde0a18ec3d","2","Faces","m",6,"faces_020_h_optimized","m",1847
"2645","69bc0ba177847fde0a18ec3d","2","Objects","z",3,"objects_004_h_optimized","z",2310
"2646","69bc0ba177847fde0a18ec3d","2","People","m",8,"people_172_v_optimized","m",1942
"2647","69bc0ba177847fde0a18ec3d","2","Landscapes","z",3,"landscapes_007_h_optimized","z",2559
"2648","69bc0ba177847fde0a18ec3d","2","Objects","m",7,"objects_052_h_optimized","m",2062
"2649","69bc0ba177847fde0a18ec3d","2","Animals","m",8,"animals_156_h_optimized","m",2424
"2650","69bc0ba177847fde0a18ec3d","2","Animals","z",4,"animals_073_h_optimized","m",2360
"2651","69bc0ba177847fde0a18ec3d","2","Faces","m",7,"faces_242_h_optimized","z",1731
"2652","69bc0ba177847fde0a18ec3d","2","Animals","z",3,"animals_037_h_optimized","m",3682
"2653","69bc0ba177847fde0a18ec3d","2","Objects","m",6,"objects_309_h_optimized","z",2102
"2654","69bc0ba177847fde0a18ec3d","2","Objects","m",7,"objects_291_h_optimized","m",1931
"2655","69bc0ba177847fde0a18ec3d","2","Animals","z",2,"animals_077_h_optimized","z",3075
"2656","69bc0ba177847fde0a18ec3d","2","Objects","z",4,"objects_318_h_optimized","m",7191
"2657","69bc0ba177847fde0a18ec3d","2","Objects","z",2,"objects_125_h_optimized","z",2087
"2658","69bc0ba177847fde0a18ec3d","2","Objects","z",4,"objects_116_v_optimized","z",1968
"2659","69bc0ba177847fde0a18ec3d","3","Objects","m",7,"objects_272_h_optimized","z",2413
"2660","69bc0ba177847fde0a18ec3d","3","Faces","m",8,"faces_002_v_optimized","m",2866
"2661","69bc0ba177847fde0a18ec3d","3","Faces","z",2,"faces_367_h_optimized","z",1993
"2662","69bc0ba177847fde0a18ec3d","3","Faces","m",6,"faces_040_h_optimized","m",2069
"2663","69bc0ba177847fde0a18ec3d","3","Faces","z",3,"faces_003_h_optimized","z",3062
"2664","69bc0ba177847fde0a18ec3d","3","Landscapes","m",8,"landscapes_141_h_optimized","z",2447
"2665","69bc0ba177847fde0a18ec3d","3","Animals","z",2,"animals_074_h_optimized","z",2599
"2666","69bc0ba177847fde0a18ec3d","3","People","z",2,"people_246__optimized","z",1945
"2667","69bc0ba177847fde0a18ec3d","3","Objects","z",4,"objects_287_h_optimized","m",2889
"2668","69bc0ba177847fde0a18ec3d","3","Objects","z",4,"objects_017_v_optimized","z",2655
"2669","69bc0ba177847fde0a18ec3d","3","Faces","z",4,"faces_279_h_optimized","z",1911
"2670","69bc0ba177847fde0a18ec3d","3","Faces","m",7,"faces_243_v_optimized","m",1929
"2671","69bc0ba177847fde0a18ec3d","3","Objects","m",6,"objects_297_h_optimized","m",5214
"2672","69bc0ba177847fde0a18ec3d","3","People","m",7,"people_180_h_optimized","m",1826
"2673","69bc0ba177847fde0a18ec3d","3","People","m",6,"people_138_h_optimized","m",2041
"2674","69bc0ba177847fde0a18ec3d","3","Objects","z",3,"objects_001_h_optimized","z",2690
"2675","69bc0ba177847fde0a18ec3d","3","Objects","z",3,"objects_157_h_optimized","z",2047
"2676","69bc0ba177847fde0a18ec3d","4","Objects","m",7,"objects_270_h_optimized","m",7487
"2677","69bc0ba177847fde0a18ec3d","4","Objects","z",3,"objects_011_h_optimized","z",4074
"2678","69bc0ba177847fde0a18ec3d","4","People","z",2,"people_220_h_optimized","z",4088
"2679","69bc0ba177847fde0a18ec3d","4","Objects","m",6,"objects_294_h_optimized","m",2671
"2680","69bc0ba177847fde0a18ec3d","4","Faces","m",7,"faces_325_v_optimized","m",5259
"2681","69bc0ba177847fde0a18ec3d","4","People","z",4,"people_080_h_optimized","z",5443
"2682","69bc0ba177847fde0a18ec3d","4","Faces","m",8,"faces_089_h_optimized","m",3272
"2683","69bc0ba177847fde0a18ec3d","4","Faces","z",4,"faces_280_h_optimized","z",3400
"2684","69bc0ba177847fde0a18ec3d","4","Faces","z",3,"faces_007_h_optimized","z",1855
"2685","69bc0ba177847fde0a18ec3d","4","People","m",6,"people_163_v_optimized","z",1942
"2686","69bc0ba177847fde0a18ec3d","4","Animals","z",2,"animals_054_h_optimized","m",2158
"2687","69bc0ba177847fde0a18ec3d","4","Faces","z",2,"faces_159_h_optimized","z",1833
"2688","69bc0ba177847fde0a18ec3d","4","Objects","z",4,"objects_242_h_optimized","z",3038
"2689","69bc0ba177847fde0a18ec3d","4","People","m",7,"people_173_h_optimized","m",2575
"2690","69bc0ba177847fde0a18ec3d","4","Faces","m",6,"faces_045_h_optimized","z",8774
"2691","69bc0ba177847fde0a18ec3d","4","Objects","z",3,"objects_154_h_optimized","z",3182
"2692","69bc0ba177847fde0a18ec3d","4","Objects","m",8,"objects_326_h_optimized","m",2080
"2693","69bc0ba177847fde0a18ec3d","5","Faces","z",3,"faces_146_h_optimized","m",3547
"2694","69bc0ba177847fde0a18ec3d","5","Objects","m",8,"objects_327_h_optimized","m",2284
"2695","69bc0ba177847fde0a18ec3d","5","Objects","m",6,"objects_250_h_optimized","m",1539
"2696","69bc0ba177847fde0a18ec3d","5","Faces","m",8,"faces_109_v_optimized","m",3491
"2697","69bc0ba177847fde0a18ec3d","5","Animals","z",2,"animals_071_h_optimized","m",4103
"2698","69bc0ba177847fde0a18ec3d","5","People","z",2,"people_211_v_optimized","z",2283
"2699","69bc0ba177847fde0a18ec3d","5","Faces","z",2,"faces_143_v_optimized","z",3972
"2700","69bc0ba177847fde0a18ec3d","5","Objects","z",3,"objects_144_h_optimized","z",3970
"2701","69bc0ba177847fde0a18ec3d","5","People","z",3,"people_133_h_optimized","m",3699
"2702","69bc0ba177847fde0a18ec3d","5","Faces","z",4,"faces_037_h_optimized","m",2079
"2703","69bc0ba177847fde0a18ec3d","5","People","z",4,"people_073_v_optimized","z",3151
"2704","69bc0ba177847fde0a18ec3d","5","Faces","m",7,"faces_330_v_optimized","z",7284
"2705","69bc0ba177847fde0a18ec3d","5","Objects","m",7,"objects_254_h_optimized","z",5585
"2706","69bc0ba177847fde0a18ec3d","5","Faces","m",6,"faces_062_v_optimized","z",3212
"2707","69bc0ba177847fde0a18ec3d","5","Animals","m",8,"animals_220_h_optimized","m",5725
"2708","69bc0ba177847fde0a18ec3d","5","Objects","z",4,"objects_235_h_optimized","z",3575
"2709","69bc0ba177847fde0a18ec3d","5","People","m",6,"people_248_h_optimized","z",7442
"2710","69bc0ba177847fde0a18ec3d","6","Landscapes","m",8,"landscapes_168_h_optimized","m",1957
"2711","69bc0ba177847fde0a18ec3d","6","Objects","z",4,"objects_236_h_optimized","m",2350
"2712","69bc0ba177847fde0a18ec3d","6","Objects","m",8,"objects_084_v_optimized","z",2031
"2713","69bc0ba177847fde0a18ec3d","6","Faces","z",2,"faces_145_v_optimized","z",1961
"2714","69bc0ba177847fde0a18ec3d","6","People","z",3,"people_082_h_optimized","z",1495
"2715","69bc0ba177847fde0a18ec3d","6","Faces","z",3,"faces_291_h_optimized","z",1559
"2716","69bc0ba177847fde0a18ec3d","6","People","z",2,"people_205_v_optimized","z",2341
"2717","69bc0ba177847fde0a18ec3d","6","Faces","m",7,"faces_347_h_optimized","z",3220
"2718","69bc0ba177847fde0a18ec3d","6","Objects","m",6,"objects_203_v_optimized","z",1428
"2719","69bc0ba177847fde0a18ec3d","6","Animals","m",6,"animals_150_h_optimized","z",2270
"2720","69bc0ba177847fde0a18ec3d","6","Objects","z",3,"objects_132_h_optimized","m",2225
"2721","69bc0ba177847fde0a18ec3d","6","Animals","m",7,"animals_169_h_optimized","m",2176
"2722","69bc0ba177847fde0a18ec3d","6","Faces","z",4,"faces_014_h_optimized","z",11900
"2723","69bc0ba177847fde0a18ec3d","6","Objects","m",7,"objects_171_h_optimized","m",1797
"2724","69bc0ba177847fde0a18ec3d","6","Animals","m",8,"animals_201_h_optimized","m",2613
"2725","69bc0ba177847fde0a18ec3d","6","Faces","z",2,"faces_010_h_optimized","z",8316
"2726","69bc0ba177847fde0a18ec3d","6","Landscapes","m",6,"landscapes_069_v_optimized","m",2319
"2727","69bc0ba177847fde0a18ec3d","7","Faces","z",4,"faces_015_h_optimized","m",2692
"2728","69bc0ba177847fde0a18ec3d","7","Objects","m",8,"objects_077_h_optimized","z",4541
"2729","69bc0ba177847fde0a18ec3d","7","Landscapes","m",6,"landscapes_042_h_optimized","z",1794
"2730","69bc0ba177847fde0a18ec3d","7","Faces","z",2,"faces_371_v_optimized","z",7056
"2731","69bc0ba177847fde0a18ec3d","7","Animals","m",8,"animals_184_h_optimized","z",2213
"2732","69bc0ba177847fde0a18ec3d","7","Animals","m",7,"animals_170_h_optimized","m",2920
"2733","69bc0ba177847fde0a18ec3d","7","Animals","z",4,"animals_036_h_optimized","m",2058
"2734","69bc0ba177847fde0a18ec3d","7","Objects","m",6,"objects_198_h_optimized","z",2215
"2735","69bc0ba177847fde0a18ec3d","7","Animals","z",3,"animals_045_h_optimized","z",1804
"2736","69bc0ba177847fde0a18ec3d","7","Animals","m",6,"animals_144_h_optimized","m",1772
"2737","69bc0ba177847fde0a18ec3d","7","Faces","z",2,"faces_149_v_optimized","z",2253
"2738","69bc0ba177847fde0a18ec3d","7","Objects","z",3,"objects_121_v_optimized","m",1777
"2739","69bc0ba177847fde0a18ec3d","7","Landscapes","m",7,"landscapes_059_v_optimized","m",2236
"2740","69bc0ba177847fde0a18ec3d","7","Faces","z",3,"faces_302_h_optimized","m",1946
"2741","69bc0ba177847fde0a18ec3d","7","Objects","z",4,"objects_215_v_optimized","m",2597
"2742","69bc0ba177847fde0a18ec3d","7","Landscapes","m",8,"landscapes_165_h_optimized","m",1771
"2743","69bc0ba177847fde0a18ec3d","7","Objects","m",7,"objects_100_v_optimized","z",2341
"2744","69bc0ba177847fde0a18ec3d","8","Objects","z",2,"objects_149_h_optimized","m",2630
"2745","69bc0ba177847fde0a18ec3d","8","Landscapes","z",3,"landscapes_004_h_optimized","m",4760
"2746","69bc0ba177847fde0a18ec3d","8","Landscapes","z",4,"landscapes_074_h_optimized","z",1774
"2747","69bc0ba177847fde0a18ec3d","8","Objects","z",4,"objects_156_v_optimized","m",2219
"2748","69bc0ba177847fde0a18ec3d","8","Animals","z",3,"animals_060_h_optimized","m",3141
"2749","69bc0ba177847fde0a18ec3d","8","Animals","m",8,"animals_177_h_optimized","z",1697
"2750","69bc0ba177847fde0a18ec3d","8","Landscapes","m",6,"landscapes_055_h_optimized","z",3190
"2751","69bc0ba177847fde0a18ec3d","8","Objects","z",3,"objects_022_h_optimized","m",4581
"2752","69bc0ba177847fde0a18ec3d","8","Landscapes","m",8,"landscapes_123_h_optimized","z",2973
"2753","69bc0ba177847fde0a18ec3d","8","Animals","m",6,"animals_119_h_optimized","m",5868
"2754","69bc0ba177847fde0a18ec3d","8","Objects","m",6,"objects_201_v_optimized","z",2378
"2755","69bc0ba177847fde0a18ec3d","8","People","m",8,"people_110_h_optimized","m",2598
"2756","69bc0ba177847fde0a18ec3d","8","Landscapes","m",7,"landscapes_143_h_optimized","m",2146
"2757","69bc0ba177847fde0a18ec3d","8","Animals","z",4,"animals_052__optimized","m",1781
"2758","69bc0ba177847fde0a18ec3d","8","Animals","m",7,"animals_206_h_optimized","m",1615
"2759","69bc0ba177847fde0a18ec3d","8","Objects","m",7,"objects_075_h_optimized","m",1561
"2760","69bc0ba177847fde0a18ec3d","8","Faces","z",2,"faces_364_v_optimized","z",2032
